ERROR 2025-08-02 05:57:04,851 signal 1 281473879089184 Signal handler <bound method DjangoFixup.on_import_modules of <celery.fixups.django.DjangoFixup object at 0xffffbb3a3b90>> raised: AttributeError('PUBLISHED')
Traceback (most recent call last):
  File "/usr/local/lib/python3.11/site-packages/celery/utils/dispatch/signal.py", line 276, in send
    response = receiver(signal=self, sender=sender, **named)
               ^^^^^^^^^^^^^^^^^^^^^^^^^^^^^^^^^^^^^^^^^^^^^
  File "/usr/local/lib/python3.11/site-packages/celery/fixups/django.py", line 97, in on_import_modules
    self.worker_fixup.validate_models()
  File "/usr/local/lib/python3.11/site-packages/celery/fixups/django.py", line 135, in validate_models
    self.django_setup()
  File "/usr/local/lib/python3.11/site-packages/celery/fixups/django.py", line 131, in django_setup
    django.setup()
  File "/usr/local/lib/python3.11/site-packages/django/__init__.py", line 24, in setup
    apps.populate(settings.INSTALLED_APPS)
  File "/usr/local/lib/python3.11/site-packages/django/apps/registry.py", line 116, in populate
    app_config.import_models()
  File "/usr/local/lib/python3.11/site-packages/django/apps/config.py", line 269, in import_models
    self.models_module = import_module(models_module_name)
                         ^^^^^^^^^^^^^^^^^^^^^^^^^^^^^^^^^
  File "/usr/local/lib/python3.11/importlib/__init__.py", line 126, in import_module
    return _bootstrap._gcd_import(name[level:], package, level)
           ^^^^^^^^^^^^^^^^^^^^^^^^^^^^^^^^^^^^^^^^^^^^^^^^^^^^
  File "<frozen importlib._bootstrap>", line 1204, in _gcd_import
  File "<frozen importlib._bootstrap>", line 1176, in _find_and_load
  File "<frozen importlib._bootstrap>", line 1147, in _find_and_load_unlocked
  File "<frozen importlib._bootstrap>", line 690, in _load_unlocked
  File "<frozen importlib._bootstrap_external>", line 940, in exec_module
  File "<frozen importlib._bootstrap>", line 241, in _call_with_frames_removed
  File "/app/restaurants/models.py", line 998, in <module>
    class RestaurantReview(BaseModel):
  File "/app/restaurants/models.py", line 1017, in RestaurantReview
    default=ReviewStatus.PUBLISHED,
            ^^^^^^^^^^^^^^^^^^^^^^
  File "/usr/local/lib/python3.11/enum.py", line 786, in __getattr__
    raise AttributeError(name) from None
AttributeError: PUBLISHED
ERROR 2025-08-02 05:57:04,854 signal 1 281473566425120 Signal handler <bound method DjangoFixup.on_import_modules of <celery.fixups.django.DjangoFixup object at 0xffffa8968210>> raised: AttributeError('PUBLISHED')
Traceback (most recent call last):
  File "/usr/local/lib/python3.11/site-packages/celery/utils/dispatch/signal.py", line 276, in send
    response = receiver(signal=self, sender=sender, **named)
               ^^^^^^^^^^^^^^^^^^^^^^^^^^^^^^^^^^^^^^^^^^^^^
  File "/usr/local/lib/python3.11/site-packages/celery/fixups/django.py", line 97, in on_import_modules
    self.worker_fixup.validate_models()
  File "/usr/local/lib/python3.11/site-packages/celery/fixups/django.py", line 135, in validate_models
    self.django_setup()
  File "/usr/local/lib/python3.11/site-packages/celery/fixups/django.py", line 131, in django_setup
    django.setup()
  File "/usr/local/lib/python3.11/site-packages/django/__init__.py", line 24, in setup
    apps.populate(settings.INSTALLED_APPS)
  File "/usr/local/lib/python3.11/site-packages/django/apps/registry.py", line 116, in populate
    app_config.import_models()
  File "/usr/local/lib/python3.11/site-packages/django/apps/config.py", line 269, in import_models
    self.models_module = import_module(models_module_name)
                         ^^^^^^^^^^^^^^^^^^^^^^^^^^^^^^^^^
  File "/usr/local/lib/python3.11/importlib/__init__.py", line 126, in import_module
    return _bootstrap._gcd_import(name[level:], package, level)
           ^^^^^^^^^^^^^^^^^^^^^^^^^^^^^^^^^^^^^^^^^^^^^^^^^^^^
  File "<frozen importlib._bootstrap>", line 1204, in _gcd_import
  File "<frozen importlib._bootstrap>", line 1176, in _find_and_load
  File "<frozen importlib._bootstrap>", line 1147, in _find_and_load_unlocked
  File "<frozen importlib._bootstrap>", line 690, in _load_unlocked
  File "<frozen importlib._bootstrap_external>", line 940, in exec_module
  File "<frozen importlib._bootstrap>", line 241, in _call_with_frames_removed
  File "/app/restaurants/models.py", line 998, in <module>
    class RestaurantReview(BaseModel):
  File "/app/restaurants/models.py", line 1017, in RestaurantReview
    default=ReviewStatus.PUBLISHED,
            ^^^^^^^^^^^^^^^^^^^^^^
  File "/usr/local/lib/python3.11/enum.py", line 786, in __getattr__
    raise AttributeError(name) from None
AttributeError: PUBLISHED
ERROR 2025-08-02 05:57:04,865 signal 1 281473879089184 Signal handler <promise@0xffffbb49a670 --> <bound method Celery._autodiscover_tasks of <Celery portfolio_project at 0xffffbb4a1950>>> raised: AttributeError('PUBLISHED')
Traceback (most recent call last):
  File "/usr/local/lib/python3.11/site-packages/celery/utils/dispatch/signal.py", line 276, in send
    response = receiver(signal=self, sender=sender, **named)
               ^^^^^^^^^^^^^^^^^^^^^^^^^^^^^^^^^^^^^^^^^^^^^
  File "/usr/local/lib/python3.11/site-packages/vine/promises.py", line 161, in __call__
    return self.throw()
           ^^^^^^^^^^^^
  File "/usr/local/lib/python3.11/site-packages/vine/promises.py", line 158, in __call__
    retval = fun(*final_args, **final_kwargs)
             ^^^^^^^^^^^^^^^^^^^^^^^^^^^^^^^^
  File "/usr/local/lib/python3.11/site-packages/celery/app/base.py", line 691, in _autodiscover_tasks
    return self._autodiscover_tasks_from_fixups(related_name)
           ^^^^^^^^^^^^^^^^^^^^^^^^^^^^^^^^^^^^^^^^^^^^^^^^^^
  File "/usr/local/lib/python3.11/site-packages/celery/app/base.py", line 700, in _autodiscover_tasks_from_fixups
    return self._autodiscover_tasks_from_names([
           ^^^^^^^^^^^^^^^^^^^^^^^^^^^^^^^^^^^^^
  File "/usr/local/lib/python3.11/site-packages/celery/app/base.py", line 695, in _autodiscover_tasks_from_names
    return self.loader.autodiscover_tasks(
           ^^^^^^^^^^^^^^^^^^^^^^^^^^^^^^^
  File "/usr/local/lib/python3.11/site-packages/celery/loaders/base.py", line 220, in autodiscover_tasks
    mod.__name__ for mod in autodiscover_tasks(packages or (),
                            ^^^^^^^^^^^^^^^^^^^^^^^^^^^^^^^^^^
  File "/usr/local/lib/python3.11/site-packages/celery/loaders/base.py", line 246, in autodiscover_tasks
    return [find_related_module(pkg, related_name) for pkg in packages]
           ^^^^^^^^^^^^^^^^^^^^^^^^^^^^^^^^^^^^^^^^^^^^^^^^^^^^^^^^^^^^
  File "/usr/local/lib/python3.11/site-packages/celery/loaders/base.py", line 246, in <listcomp>
    return [find_related_module(pkg, related_name) for pkg in packages]
            ^^^^^^^^^^^^^^^^^^^^^^^^^^^^^^^^^^^^^^
  File "/usr/local/lib/python3.11/site-packages/celery/loaders/base.py", line 267, in find_related_module
    return importlib.import_module(module_name)
           ^^^^^^^^^^^^^^^^^^^^^^^^^^^^^^^^^^^^
  File "/usr/local/lib/python3.11/importlib/__init__.py", line 126, in import_module
    return _bootstrap._gcd_import(name[level:], package, level)
           ^^^^^^^^^^^^^^^^^^^^^^^^^^^^^^^^^^^^^^^^^^^^^^^^^^^^
  File "<frozen importlib._bootstrap>", line 1204, in _gcd_import
  File "<frozen importlib._bootstrap>", line 1176, in _find_and_load
  File "<frozen importlib._bootstrap>", line 1147, in _find_and_load_unlocked
  File "<frozen importlib._bootstrap>", line 690, in _load_unlocked
  File "<frozen importlib._bootstrap_external>", line 940, in exec_module
  File "<frozen importlib._bootstrap>", line 241, in _call_with_frames_removed
  File "/app/restaurants/tasks.py", line 19, in <module>
    from .models import Restaurant, RestaurantImage
  File "/app/restaurants/models.py", line 998, in <module>
    class RestaurantReview(BaseModel):
  File "/app/restaurants/models.py", line 1017, in RestaurantReview
    default=ReviewStatus.PUBLISHED,
            ^^^^^^^^^^^^^^^^^^^^^^
  File "/usr/local/lib/python3.11/enum.py", line 786, in __getattr__
    raise AttributeError(name) from None
AttributeError: PUBLISHED
ERROR 2025-08-02 05:57:04,867 signal 1 281473566425120 Signal handler <promise@0xffffa8a76670 --> <bound method Celery._autodiscover_tasks of <Celery portfolio_project at 0xffffa8a61f10>>> raised: AttributeError('PUBLISHED')
Traceback (most recent call last):
  File "/usr/local/lib/python3.11/site-packages/celery/utils/dispatch/signal.py", line 276, in send
    response = receiver(signal=self, sender=sender, **named)
               ^^^^^^^^^^^^^^^^^^^^^^^^^^^^^^^^^^^^^^^^^^^^^
  File "/usr/local/lib/python3.11/site-packages/vine/promises.py", line 161, in __call__
    return self.throw()
           ^^^^^^^^^^^^
  File "/usr/local/lib/python3.11/site-packages/vine/promises.py", line 158, in __call__
    retval = fun(*final_args, **final_kwargs)
             ^^^^^^^^^^^^^^^^^^^^^^^^^^^^^^^^
  File "/usr/local/lib/python3.11/site-packages/celery/app/base.py", line 691, in _autodiscover_tasks
    return self._autodiscover_tasks_from_fixups(related_name)
           ^^^^^^^^^^^^^^^^^^^^^^^^^^^^^^^^^^^^^^^^^^^^^^^^^^
  File "/usr/local/lib/python3.11/site-packages/celery/app/base.py", line 700, in _autodiscover_tasks_from_fixups
    return self._autodiscover_tasks_from_names([
           ^^^^^^^^^^^^^^^^^^^^^^^^^^^^^^^^^^^^^
  File "/usr/local/lib/python3.11/site-packages/celery/app/base.py", line 695, in _autodiscover_tasks_from_names
    return self.loader.autodiscover_tasks(
           ^^^^^^^^^^^^^^^^^^^^^^^^^^^^^^^
  File "/usr/local/lib/python3.11/site-packages/celery/loaders/base.py", line 220, in autodiscover_tasks
    mod.__name__ for mod in autodiscover_tasks(packages or (),
                            ^^^^^^^^^^^^^^^^^^^^^^^^^^^^^^^^^^
  File "/usr/local/lib/python3.11/site-packages/celery/loaders/base.py", line 246, in autodiscover_tasks
    return [find_related_module(pkg, related_name) for pkg in packages]
           ^^^^^^^^^^^^^^^^^^^^^^^^^^^^^^^^^^^^^^^^^^^^^^^^^^^^^^^^^^^^
  File "/usr/local/lib/python3.11/site-packages/celery/loaders/base.py", line 246, in <listcomp>
    return [find_related_module(pkg, related_name) for pkg in packages]
            ^^^^^^^^^^^^^^^^^^^^^^^^^^^^^^^^^^^^^^
  File "/usr/local/lib/python3.11/site-packages/celery/loaders/base.py", line 267, in find_related_module
    return importlib.import_module(module_name)
           ^^^^^^^^^^^^^^^^^^^^^^^^^^^^^^^^^^^^
  File "/usr/local/lib/python3.11/importlib/__init__.py", line 126, in import_module
    return _bootstrap._gcd_import(name[level:], package, level)
           ^^^^^^^^^^^^^^^^^^^^^^^^^^^^^^^^^^^^^^^^^^^^^^^^^^^^
  File "<frozen importlib._bootstrap>", line 1204, in _gcd_import
  File "<frozen importlib._bootstrap>", line 1176, in _find_and_load
  File "<frozen importlib._bootstrap>", line 1147, in _find_and_load_unlocked
  File "<frozen importlib._bootstrap>", line 690, in _load_unlocked
  File "<frozen importlib._bootstrap_external>", line 940, in exec_module
  File "<frozen importlib._bootstrap>", line 241, in _call_with_frames_removed
  File "/app/restaurants/tasks.py", line 19, in <module>
    from .models import Restaurant, RestaurantImage
  File "/app/restaurants/models.py", line 998, in <module>
    class RestaurantReview(BaseModel):
  File "/app/restaurants/models.py", line 1017, in RestaurantReview
    default=ReviewStatus.PUBLISHED,
            ^^^^^^^^^^^^^^^^^^^^^^
  File "/usr/local/lib/python3.11/enum.py", line 786, in __getattr__
    raise AttributeError(name) from None
AttributeError: PUBLISHED
ERROR 2025-08-02 05:57:05,860 signal 1 281473229733920 Signal handler <bound method DjangoFixup.on_import_modules of <celery.fixups.django.DjangoFixup object at 0xffff94864410>> raised: AttributeError('PUBLISHED')
Traceback (most recent call last):
  File "/usr/local/lib/python3.11/site-packages/celery/utils/dispatch/signal.py", line 276, in send
    response = receiver(signal=self, sender=sender, **named)
               ^^^^^^^^^^^^^^^^^^^^^^^^^^^^^^^^^^^^^^^^^^^^^
  File "/usr/local/lib/python3.11/site-packages/celery/fixups/django.py", line 97, in on_import_modules
    self.worker_fixup.validate_models()
  File "/usr/local/lib/python3.11/site-packages/celery/fixups/django.py", line 135, in validate_models
    self.django_setup()
  File "/usr/local/lib/python3.11/site-packages/celery/fixups/django.py", line 131, in django_setup
    django.setup()
  File "/usr/local/lib/python3.11/site-packages/django/__init__.py", line 24, in setup
    apps.populate(settings.INSTALLED_APPS)
  File "/usr/local/lib/python3.11/site-packages/django/apps/registry.py", line 116, in populate
    app_config.import_models()
  File "/usr/local/lib/python3.11/site-packages/django/apps/config.py", line 269, in import_models
    self.models_module = import_module(models_module_name)
                         ^^^^^^^^^^^^^^^^^^^^^^^^^^^^^^^^^
  File "/usr/local/lib/python3.11/importlib/__init__.py", line 126, in import_module
    return _bootstrap._gcd_import(name[level:], package, level)
           ^^^^^^^^^^^^^^^^^^^^^^^^^^^^^^^^^^^^^^^^^^^^^^^^^^^^
  File "<frozen importlib._bootstrap>", line 1204, in _gcd_import
  File "<frozen importlib._bootstrap>", line 1176, in _find_and_load
  File "<frozen importlib._bootstrap>", line 1147, in _find_and_load_unlocked
  File "<frozen importlib._bootstrap>", line 690, in _load_unlocked
  File "<frozen importlib._bootstrap_external>", line 940, in exec_module
  File "<frozen importlib._bootstrap>", line 241, in _call_with_frames_removed
  File "/app/restaurants/models.py", line 998, in <module>
    class RestaurantReview(BaseModel):
  File "/app/restaurants/models.py", line 1017, in RestaurantReview
    default=ReviewStatus.PUBLISHED,
            ^^^^^^^^^^^^^^^^^^^^^^
  File "/usr/local/lib/python3.11/enum.py", line 786, in __getattr__
    raise AttributeError(name) from None
AttributeError: PUBLISHED
ERROR 2025-08-02 05:57:05,870 signal 1 281473229733920 Signal handler <promise@0xffff9498e670 --> <bound method Celery._autodiscover_tasks of <Celery portfolio_project at 0xffff9498a150>>> raised: AttributeError('PUBLISHED')
Traceback (most recent call last):
  File "/usr/local/lib/python3.11/site-packages/celery/utils/dispatch/signal.py", line 276, in send
    response = receiver(signal=self, sender=sender, **named)
               ^^^^^^^^^^^^^^^^^^^^^^^^^^^^^^^^^^^^^^^^^^^^^
  File "/usr/local/lib/python3.11/site-packages/vine/promises.py", line 161, in __call__
    return self.throw()
           ^^^^^^^^^^^^
  File "/usr/local/lib/python3.11/site-packages/vine/promises.py", line 158, in __call__
    retval = fun(*final_args, **final_kwargs)
             ^^^^^^^^^^^^^^^^^^^^^^^^^^^^^^^^
  File "/usr/local/lib/python3.11/site-packages/celery/app/base.py", line 691, in _autodiscover_tasks
    return self._autodiscover_tasks_from_fixups(related_name)
           ^^^^^^^^^^^^^^^^^^^^^^^^^^^^^^^^^^^^^^^^^^^^^^^^^^
  File "/usr/local/lib/python3.11/site-packages/celery/app/base.py", line 700, in _autodiscover_tasks_from_fixups
    return self._autodiscover_tasks_from_names([
           ^^^^^^^^^^^^^^^^^^^^^^^^^^^^^^^^^^^^^
  File "/usr/local/lib/python3.11/site-packages/celery/app/base.py", line 695, in _autodiscover_tasks_from_names
    return self.loader.autodiscover_tasks(
           ^^^^^^^^^^^^^^^^^^^^^^^^^^^^^^^
  File "/usr/local/lib/python3.11/site-packages/celery/loaders/base.py", line 220, in autodiscover_tasks
    mod.__name__ for mod in autodiscover_tasks(packages or (),
                            ^^^^^^^^^^^^^^^^^^^^^^^^^^^^^^^^^^
  File "/usr/local/lib/python3.11/site-packages/celery/loaders/base.py", line 246, in autodiscover_tasks
    return [find_related_module(pkg, related_name) for pkg in packages]
           ^^^^^^^^^^^^^^^^^^^^^^^^^^^^^^^^^^^^^^^^^^^^^^^^^^^^^^^^^^^^
  File "/usr/local/lib/python3.11/site-packages/celery/loaders/base.py", line 246, in <listcomp>
    return [find_related_module(pkg, related_name) for pkg in packages]
            ^^^^^^^^^^^^^^^^^^^^^^^^^^^^^^^^^^^^^^
  File "/usr/local/lib/python3.11/site-packages/celery/loaders/base.py", line 267, in find_related_module
    return importlib.import_module(module_name)
           ^^^^^^^^^^^^^^^^^^^^^^^^^^^^^^^^^^^^
  File "/usr/local/lib/python3.11/importlib/__init__.py", line 126, in import_module
    return _bootstrap._gcd_import(name[level:], package, level)
           ^^^^^^^^^^^^^^^^^^^^^^^^^^^^^^^^^^^^^^^^^^^^^^^^^^^^
  File "<frozen importlib._bootstrap>", line 1204, in _gcd_import
  File "<frozen importlib._bootstrap>", line 1176, in _find_and_load
  File "<frozen importlib._bootstrap>", line 1147, in _find_and_load_unlocked
  File "<frozen importlib._bootstrap>", line 690, in _load_unlocked
  File "<frozen importlib._bootstrap_external>", line 940, in exec_module
  File "<frozen importlib._bootstrap>", line 241, in _call_with_frames_removed
  File "/app/restaurants/tasks.py", line 19, in <module>
    from .models import Restaurant, RestaurantImage
  File "/app/restaurants/models.py", line 998, in <module>
    class RestaurantReview(BaseModel):
  File "/app/restaurants/models.py", line 1017, in RestaurantReview
    default=ReviewStatus.PUBLISHED,
            ^^^^^^^^^^^^^^^^^^^^^^
  File "/usr/local/lib/python3.11/enum.py", line 786, in __getattr__
    raise AttributeError(name) from None
AttributeError: PUBLISHED
ERROR 2025-08-02 05:57:05,878 signal 1 281473326305312 Signal handler <bound method DjangoFixup.on_import_modules of <celery.fixups.django.DjangoFixup object at 0xffff9a473e50>> raised: AttributeError('PUBLISHED')
Traceback (most recent call last):
  File "/usr/local/lib/python3.11/site-packages/celery/utils/dispatch/signal.py", line 276, in send
    response = receiver(signal=self, sender=sender, **named)
               ^^^^^^^^^^^^^^^^^^^^^^^^^^^^^^^^^^^^^^^^^^^^^
  File "/usr/local/lib/python3.11/site-packages/celery/fixups/django.py", line 97, in on_import_modules
    self.worker_fixup.validate_models()
  File "/usr/local/lib/python3.11/site-packages/celery/fixups/django.py", line 135, in validate_models
    self.django_setup()
  File "/usr/local/lib/python3.11/site-packages/celery/fixups/django.py", line 131, in django_setup
    django.setup()
  File "/usr/local/lib/python3.11/site-packages/django/__init__.py", line 24, in setup
    apps.populate(settings.INSTALLED_APPS)
  File "/usr/local/lib/python3.11/site-packages/django/apps/registry.py", line 116, in populate
    app_config.import_models()
  File "/usr/local/lib/python3.11/site-packages/django/apps/config.py", line 269, in import_models
    self.models_module = import_module(models_module_name)
                         ^^^^^^^^^^^^^^^^^^^^^^^^^^^^^^^^^
  File "/usr/local/lib/python3.11/importlib/__init__.py", line 126, in import_module
    return _bootstrap._gcd_import(name[level:], package, level)
           ^^^^^^^^^^^^^^^^^^^^^^^^^^^^^^^^^^^^^^^^^^^^^^^^^^^^
  File "<frozen importlib._bootstrap>", line 1204, in _gcd_import
  File "<frozen importlib._bootstrap>", line 1176, in _find_and_load
  File "<frozen importlib._bootstrap>", line 1147, in _find_and_load_unlocked
  File "<frozen importlib._bootstrap>", line 690, in _load_unlocked
  File "<frozen importlib._bootstrap_external>", line 940, in exec_module
  File "<frozen importlib._bootstrap>", line 241, in _call_with_frames_removed
  File "/app/restaurants/models.py", line 998, in <module>
    class RestaurantReview(BaseModel):
  File "/app/restaurants/models.py", line 1017, in RestaurantReview
    default=ReviewStatus.PUBLISHED,
            ^^^^^^^^^^^^^^^^^^^^^^
  File "/usr/local/lib/python3.11/enum.py", line 786, in __getattr__
    raise AttributeError(name) from None
AttributeError: PUBLISHED
ERROR 2025-08-02 05:57:05,889 signal 1 281473326305312 Signal handler <promise@0xffff9a572670 --> <bound method Celery._autodiscover_tasks of <Celery portfolio_project at 0xffff9a569bd0>>> raised: AttributeError('PUBLISHED')
Traceback (most recent call last):
  File "/usr/local/lib/python3.11/site-packages/celery/utils/dispatch/signal.py", line 276, in send
    response = receiver(signal=self, sender=sender, **named)
               ^^^^^^^^^^^^^^^^^^^^^^^^^^^^^^^^^^^^^^^^^^^^^
  File "/usr/local/lib/python3.11/site-packages/vine/promises.py", line 161, in __call__
    return self.throw()
           ^^^^^^^^^^^^
  File "/usr/local/lib/python3.11/site-packages/vine/promises.py", line 158, in __call__
    retval = fun(*final_args, **final_kwargs)
             ^^^^^^^^^^^^^^^^^^^^^^^^^^^^^^^^
  File "/usr/local/lib/python3.11/site-packages/celery/app/base.py", line 691, in _autodiscover_tasks
    return self._autodiscover_tasks_from_fixups(related_name)
           ^^^^^^^^^^^^^^^^^^^^^^^^^^^^^^^^^^^^^^^^^^^^^^^^^^
  File "/usr/local/lib/python3.11/site-packages/celery/app/base.py", line 700, in _autodiscover_tasks_from_fixups
    return self._autodiscover_tasks_from_names([
           ^^^^^^^^^^^^^^^^^^^^^^^^^^^^^^^^^^^^^
  File "/usr/local/lib/python3.11/site-packages/celery/app/base.py", line 695, in _autodiscover_tasks_from_names
    return self.loader.autodiscover_tasks(
           ^^^^^^^^^^^^^^^^^^^^^^^^^^^^^^^
  File "/usr/local/lib/python3.11/site-packages/celery/loaders/base.py", line 220, in autodiscover_tasks
    mod.__name__ for mod in autodiscover_tasks(packages or (),
                            ^^^^^^^^^^^^^^^^^^^^^^^^^^^^^^^^^^
  File "/usr/local/lib/python3.11/site-packages/celery/loaders/base.py", line 246, in autodiscover_tasks
    return [find_related_module(pkg, related_name) for pkg in packages]
           ^^^^^^^^^^^^^^^^^^^^^^^^^^^^^^^^^^^^^^^^^^^^^^^^^^^^^^^^^^^^
  File "/usr/local/lib/python3.11/site-packages/celery/loaders/base.py", line 246, in <listcomp>
    return [find_related_module(pkg, related_name) for pkg in packages]
            ^^^^^^^^^^^^^^^^^^^^^^^^^^^^^^^^^^^^^^
  File "/usr/local/lib/python3.11/site-packages/celery/loaders/base.py", line 267, in find_related_module
    return importlib.import_module(module_name)
           ^^^^^^^^^^^^^^^^^^^^^^^^^^^^^^^^^^^^
  File "/usr/local/lib/python3.11/importlib/__init__.py", line 126, in import_module
    return _bootstrap._gcd_import(name[level:], package, level)
           ^^^^^^^^^^^^^^^^^^^^^^^^^^^^^^^^^^^^^^^^^^^^^^^^^^^^
  File "<frozen importlib._bootstrap>", line 1204, in _gcd_import
  File "<frozen importlib._bootstrap>", line 1176, in _find_and_load
  File "<frozen importlib._bootstrap>", line 1147, in _find_and_load_unlocked
  File "<frozen importlib._bootstrap>", line 690, in _load_unlocked
  File "<frozen importlib._bootstrap_external>", line 940, in exec_module
  File "<frozen importlib._bootstrap>", line 241, in _call_with_frames_removed
  File "/app/restaurants/tasks.py", line 19, in <module>
    from .models import Restaurant, RestaurantImage
  File "/app/restaurants/models.py", line 998, in <module>
    class RestaurantReview(BaseModel):
  File "/app/restaurants/models.py", line 1017, in RestaurantReview
    default=ReviewStatus.PUBLISHED,
            ^^^^^^^^^^^^^^^^^^^^^^
  File "/usr/local/lib/python3.11/enum.py", line 786, in __getattr__
    raise AttributeError(name) from None
AttributeError: PUBLISHED
ERROR 2025-08-02 05:57:06,872 signal 1 281473101787168 Signal handler <bound method DjangoFixup.on_import_modules of <celery.fixups.django.DjangoFixup object at 0xffff8ce64410>> raised: AttributeError('PUBLISHED')
Traceback (most recent call last):
  File "/usr/local/lib/python3.11/site-packages/celery/utils/dispatch/signal.py", line 276, in send
    response = receiver(signal=self, sender=sender, **named)
               ^^^^^^^^^^^^^^^^^^^^^^^^^^^^^^^^^^^^^^^^^^^^^
  File "/usr/local/lib/python3.11/site-packages/celery/fixups/django.py", line 97, in on_import_modules
    self.worker_fixup.validate_models()
  File "/usr/local/lib/python3.11/site-packages/celery/fixups/django.py", line 135, in validate_models
    self.django_setup()
  File "/usr/local/lib/python3.11/site-packages/celery/fixups/django.py", line 131, in django_setup
    django.setup()
  File "/usr/local/lib/python3.11/site-packages/django/__init__.py", line 24, in setup
    apps.populate(settings.INSTALLED_APPS)
  File "/usr/local/lib/python3.11/site-packages/django/apps/registry.py", line 116, in populate
    app_config.import_models()
  File "/usr/local/lib/python3.11/site-packages/django/apps/config.py", line 269, in import_models
    self.models_module = import_module(models_module_name)
                         ^^^^^^^^^^^^^^^^^^^^^^^^^^^^^^^^^
  File "/usr/local/lib/python3.11/importlib/__init__.py", line 126, in import_module
    return _bootstrap._gcd_import(name[level:], package, level)
           ^^^^^^^^^^^^^^^^^^^^^^^^^^^^^^^^^^^^^^^^^^^^^^^^^^^^
  File "<frozen importlib._bootstrap>", line 1204, in _gcd_import
  File "<frozen importlib._bootstrap>", line 1176, in _find_and_load
  File "<frozen importlib._bootstrap>", line 1147, in _find_and_load_unlocked
  File "<frozen importlib._bootstrap>", line 690, in _load_unlocked
  File "<frozen importlib._bootstrap_external>", line 940, in exec_module
  File "<frozen importlib._bootstrap>", line 241, in _call_with_frames_removed
  File "/app/restaurants/models.py", line 998, in <module>
    class RestaurantReview(BaseModel):
  File "/app/restaurants/models.py", line 1017, in RestaurantReview
    default=ReviewStatus.PUBLISHED,
            ^^^^^^^^^^^^^^^^^^^^^^
  File "/usr/local/lib/python3.11/enum.py", line 786, in __getattr__
    raise AttributeError(name) from None
AttributeError: PUBLISHED
ERROR 2025-08-02 05:57:06,886 signal 1 281473101787168 Signal handler <promise@0xffff8cf8e670 --> <bound method Celery._autodiscover_tasks of <Celery portfolio_project at 0xffff8cf8a110>>> raised: AttributeError('PUBLISHED')
Traceback (most recent call last):
  File "/usr/local/lib/python3.11/site-packages/celery/utils/dispatch/signal.py", line 276, in send
    response = receiver(signal=self, sender=sender, **named)
               ^^^^^^^^^^^^^^^^^^^^^^^^^^^^^^^^^^^^^^^^^^^^^
  File "/usr/local/lib/python3.11/site-packages/vine/promises.py", line 161, in __call__
    return self.throw()
           ^^^^^^^^^^^^
  File "/usr/local/lib/python3.11/site-packages/vine/promises.py", line 158, in __call__
    retval = fun(*final_args, **final_kwargs)
             ^^^^^^^^^^^^^^^^^^^^^^^^^^^^^^^^
  File "/usr/local/lib/python3.11/site-packages/celery/app/base.py", line 691, in _autodiscover_tasks
    return self._autodiscover_tasks_from_fixups(related_name)
           ^^^^^^^^^^^^^^^^^^^^^^^^^^^^^^^^^^^^^^^^^^^^^^^^^^
  File "/usr/local/lib/python3.11/site-packages/celery/app/base.py", line 700, in _autodiscover_tasks_from_fixups
    return self._autodiscover_tasks_from_names([
           ^^^^^^^^^^^^^^^^^^^^^^^^^^^^^^^^^^^^^
  File "/usr/local/lib/python3.11/site-packages/celery/app/base.py", line 695, in _autodiscover_tasks_from_names
    return self.loader.autodiscover_tasks(
           ^^^^^^^^^^^^^^^^^^^^^^^^^^^^^^^
  File "/usr/local/lib/python3.11/site-packages/celery/loaders/base.py", line 220, in autodiscover_tasks
    mod.__name__ for mod in autodiscover_tasks(packages or (),
                            ^^^^^^^^^^^^^^^^^^^^^^^^^^^^^^^^^^
  File "/usr/local/lib/python3.11/site-packages/celery/loaders/base.py", line 246, in autodiscover_tasks
    return [find_related_module(pkg, related_name) for pkg in packages]
           ^^^^^^^^^^^^^^^^^^^^^^^^^^^^^^^^^^^^^^^^^^^^^^^^^^^^^^^^^^^^
  File "/usr/local/lib/python3.11/site-packages/celery/loaders/base.py", line 246, in <listcomp>
    return [find_related_module(pkg, related_name) for pkg in packages]
            ^^^^^^^^^^^^^^^^^^^^^^^^^^^^^^^^^^^^^^
  File "/usr/local/lib/python3.11/site-packages/celery/loaders/base.py", line 267, in find_related_module
    return importlib.import_module(module_name)
           ^^^^^^^^^^^^^^^^^^^^^^^^^^^^^^^^^^^^
  File "/usr/local/lib/python3.11/importlib/__init__.py", line 126, in import_module
    return _bootstrap._gcd_import(name[level:], package, level)
           ^^^^^^^^^^^^^^^^^^^^^^^^^^^^^^^^^^^^^^^^^^^^^^^^^^^^
  File "<frozen importlib._bootstrap>", line 1204, in _gcd_import
  File "<frozen importlib._bootstrap>", line 1176, in _find_and_load
  File "<frozen importlib._bootstrap>", line 1147, in _find_and_load_unlocked
  File "<frozen importlib._bootstrap>", line 690, in _load_unlocked
  File "<frozen importlib._bootstrap_external>", line 940, in exec_module
  File "<frozen importlib._bootstrap>", line 241, in _call_with_frames_removed
  File "/app/restaurants/tasks.py", line 19, in <module>
    from .models import Restaurant, RestaurantImage
  File "/app/restaurants/models.py", line 998, in <module>
    class RestaurantReview(BaseModel):
  File "/app/restaurants/models.py", line 1017, in RestaurantReview
    default=ReviewStatus.PUBLISHED,
            ^^^^^^^^^^^^^^^^^^^^^^
  File "/usr/local/lib/python3.11/enum.py", line 786, in __getattr__
    raise AttributeError(name) from None
AttributeError: PUBLISHED
ERROR 2025-08-02 05:57:06,897 signal 1 281473371541536 Signal handler <bound method DjangoFixup.on_import_modules of <celery.fixups.django.DjangoFixup object at 0xffff9cfc0110>> raised: AttributeError('PUBLISHED')
Traceback (most recent call last):
  File "/usr/local/lib/python3.11/site-packages/celery/utils/dispatch/signal.py", line 276, in send
    response = receiver(signal=self, sender=sender, **named)
               ^^^^^^^^^^^^^^^^^^^^^^^^^^^^^^^^^^^^^^^^^^^^^
  File "/usr/local/lib/python3.11/site-packages/celery/fixups/django.py", line 97, in on_import_modules
    self.worker_fixup.validate_models()
  File "/usr/local/lib/python3.11/site-packages/celery/fixups/django.py", line 135, in validate_models
    self.django_setup()
  File "/usr/local/lib/python3.11/site-packages/celery/fixups/django.py", line 131, in django_setup
    django.setup()
  File "/usr/local/lib/python3.11/site-packages/django/__init__.py", line 24, in setup
    apps.populate(settings.INSTALLED_APPS)
  File "/usr/local/lib/python3.11/site-packages/django/apps/registry.py", line 116, in populate
    app_config.import_models()
  File "/usr/local/lib/python3.11/site-packages/django/apps/config.py", line 269, in import_models
    self.models_module = import_module(models_module_name)
                         ^^^^^^^^^^^^^^^^^^^^^^^^^^^^^^^^^
  File "/usr/local/lib/python3.11/importlib/__init__.py", line 126, in import_module
    return _bootstrap._gcd_import(name[level:], package, level)
           ^^^^^^^^^^^^^^^^^^^^^^^^^^^^^^^^^^^^^^^^^^^^^^^^^^^^
  File "<frozen importlib._bootstrap>", line 1204, in _gcd_import
  File "<frozen importlib._bootstrap>", line 1176, in _find_and_load
  File "<frozen importlib._bootstrap>", line 1147, in _find_and_load_unlocked
  File "<frozen importlib._bootstrap>", line 690, in _load_unlocked
  File "<frozen importlib._bootstrap_external>", line 940, in exec_module
  File "<frozen importlib._bootstrap>", line 241, in _call_with_frames_removed
  File "/app/restaurants/models.py", line 998, in <module>
    class RestaurantReview(BaseModel):
  File "/app/restaurants/models.py", line 1017, in RestaurantReview
    default=ReviewStatus.PUBLISHED,
            ^^^^^^^^^^^^^^^^^^^^^^
  File "/usr/local/lib/python3.11/enum.py", line 786, in __getattr__
    raise AttributeError(name) from None
AttributeError: PUBLISHED
ERROR 2025-08-02 05:57:06,910 signal 1 281473371541536 Signal handler <promise@0xffff9d0aa670 --> <bound method Celery._autodiscover_tasks of <Celery portfolio_project at 0xffff9d099e50>>> raised: AttributeError('PUBLISHED')
Traceback (most recent call last):
  File "/usr/local/lib/python3.11/site-packages/celery/utils/dispatch/signal.py", line 276, in send
    response = receiver(signal=self, sender=sender, **named)
               ^^^^^^^^^^^^^^^^^^^^^^^^^^^^^^^^^^^^^^^^^^^^^
  File "/usr/local/lib/python3.11/site-packages/vine/promises.py", line 161, in __call__
    return self.throw()
           ^^^^^^^^^^^^
  File "/usr/local/lib/python3.11/site-packages/vine/promises.py", line 158, in __call__
    retval = fun(*final_args, **final_kwargs)
             ^^^^^^^^^^^^^^^^^^^^^^^^^^^^^^^^
  File "/usr/local/lib/python3.11/site-packages/celery/app/base.py", line 691, in _autodiscover_tasks
    return self._autodiscover_tasks_from_fixups(related_name)
           ^^^^^^^^^^^^^^^^^^^^^^^^^^^^^^^^^^^^^^^^^^^^^^^^^^
  File "/usr/local/lib/python3.11/site-packages/celery/app/base.py", line 700, in _autodiscover_tasks_from_fixups
    return self._autodiscover_tasks_from_names([
           ^^^^^^^^^^^^^^^^^^^^^^^^^^^^^^^^^^^^^
  File "/usr/local/lib/python3.11/site-packages/celery/app/base.py", line 695, in _autodiscover_tasks_from_names
    return self.loader.autodiscover_tasks(
           ^^^^^^^^^^^^^^^^^^^^^^^^^^^^^^^
  File "/usr/local/lib/python3.11/site-packages/celery/loaders/base.py", line 220, in autodiscover_tasks
    mod.__name__ for mod in autodiscover_tasks(packages or (),
                            ^^^^^^^^^^^^^^^^^^^^^^^^^^^^^^^^^^
  File "/usr/local/lib/python3.11/site-packages/celery/loaders/base.py", line 246, in autodiscover_tasks
    return [find_related_module(pkg, related_name) for pkg in packages]
           ^^^^^^^^^^^^^^^^^^^^^^^^^^^^^^^^^^^^^^^^^^^^^^^^^^^^^^^^^^^^
  File "/usr/local/lib/python3.11/site-packages/celery/loaders/base.py", line 246, in <listcomp>
    return [find_related_module(pkg, related_name) for pkg in packages]
            ^^^^^^^^^^^^^^^^^^^^^^^^^^^^^^^^^^^^^^
  File "/usr/local/lib/python3.11/site-packages/celery/loaders/base.py", line 267, in find_related_module
    return importlib.import_module(module_name)
           ^^^^^^^^^^^^^^^^^^^^^^^^^^^^^^^^^^^^
  File "/usr/local/lib/python3.11/importlib/__init__.py", line 126, in import_module
    return _bootstrap._gcd_import(name[level:], package, level)
           ^^^^^^^^^^^^^^^^^^^^^^^^^^^^^^^^^^^^^^^^^^^^^^^^^^^^
  File "<frozen importlib._bootstrap>", line 1204, in _gcd_import
  File "<frozen importlib._bootstrap>", line 1176, in _find_and_load
  File "<frozen importlib._bootstrap>", line 1147, in _find_and_load_unlocked
  File "<frozen importlib._bootstrap>", line 690, in _load_unlocked
  File "<frozen importlib._bootstrap_external>", line 940, in exec_module
  File "<frozen importlib._bootstrap>", line 241, in _call_with_frames_removed
  File "/app/restaurants/tasks.py", line 19, in <module>
    from .models import Restaurant, RestaurantImage
  File "/app/restaurants/models.py", line 998, in <module>
    class RestaurantReview(BaseModel):
  File "/app/restaurants/models.py", line 1017, in RestaurantReview
    default=ReviewStatus.PUBLISHED,
            ^^^^^^^^^^^^^^^^^^^^^^
  File "/usr/local/lib/python3.11/enum.py", line 786, in __getattr__
    raise AttributeError(name) from None
AttributeError: PUBLISHED
ERROR 2025-08-02 05:57:08,215 signal 1 281472860078112 Signal handler <bound method DjangoFixup.on_import_modules of <celery.fixups.django.DjangoFixup object at 0xffff7e7cc1d0>> raised: AttributeError('PUBLISHED')
Traceback (most recent call last):
  File "/usr/local/lib/python3.11/site-packages/celery/utils/dispatch/signal.py", line 276, in send
    response = receiver(signal=self, sender=sender, **named)
               ^^^^^^^^^^^^^^^^^^^^^^^^^^^^^^^^^^^^^^^^^^^^^
  File "/usr/local/lib/python3.11/site-packages/celery/fixups/django.py", line 97, in on_import_modules
    self.worker_fixup.validate_models()
  File "/usr/local/lib/python3.11/site-packages/celery/fixups/django.py", line 135, in validate_models
    self.django_setup()
  File "/usr/local/lib/python3.11/site-packages/celery/fixups/django.py", line 131, in django_setup
    django.setup()
  File "/usr/local/lib/python3.11/site-packages/django/__init__.py", line 24, in setup
    apps.populate(settings.INSTALLED_APPS)
  File "/usr/local/lib/python3.11/site-packages/django/apps/registry.py", line 116, in populate
    app_config.import_models()
  File "/usr/local/lib/python3.11/site-packages/django/apps/config.py", line 269, in import_models
    self.models_module = import_module(models_module_name)
                         ^^^^^^^^^^^^^^^^^^^^^^^^^^^^^^^^^
  File "/usr/local/lib/python3.11/importlib/__init__.py", line 126, in import_module
    return _bootstrap._gcd_import(name[level:], package, level)
           ^^^^^^^^^^^^^^^^^^^^^^^^^^^^^^^^^^^^^^^^^^^^^^^^^^^^
  File "<frozen importlib._bootstrap>", line 1204, in _gcd_import
  File "<frozen importlib._bootstrap>", line 1176, in _find_and_load
  File "<frozen importlib._bootstrap>", line 1147, in _find_and_load_unlocked
  File "<frozen importlib._bootstrap>", line 690, in _load_unlocked
  File "<frozen importlib._bootstrap_external>", line 940, in exec_module
  File "<frozen importlib._bootstrap>", line 241, in _call_with_frames_removed
  File "/app/restaurants/models.py", line 998, in <module>
    class RestaurantReview(BaseModel):
  File "/app/restaurants/models.py", line 1017, in RestaurantReview
    default=ReviewStatus.PUBLISHED,
            ^^^^^^^^^^^^^^^^^^^^^^
  File "/usr/local/lib/python3.11/enum.py", line 786, in __getattr__
    raise AttributeError(name) from None
AttributeError: PUBLISHED
ERROR 2025-08-02 05:57:08,216 signal 1 281473306394656 Signal handler <bound method DjangoFixup.on_import_modules of <celery.fixups.django.DjangoFixup object at 0xffff99133fd0>> raised: AttributeError('PUBLISHED')
Traceback (most recent call last):
  File "/usr/local/lib/python3.11/site-packages/celery/utils/dispatch/signal.py", line 276, in send
    response = receiver(signal=self, sender=sender, **named)
               ^^^^^^^^^^^^^^^^^^^^^^^^^^^^^^^^^^^^^^^^^^^^^
  File "/usr/local/lib/python3.11/site-packages/celery/fixups/django.py", line 97, in on_import_modules
    self.worker_fixup.validate_models()
  File "/usr/local/lib/python3.11/site-packages/celery/fixups/django.py", line 135, in validate_models
    self.django_setup()
  File "/usr/local/lib/python3.11/site-packages/celery/fixups/django.py", line 131, in django_setup
    django.setup()
  File "/usr/local/lib/python3.11/site-packages/django/__init__.py", line 24, in setup
    apps.populate(settings.INSTALLED_APPS)
  File "/usr/local/lib/python3.11/site-packages/django/apps/registry.py", line 116, in populate
    app_config.import_models()
  File "/usr/local/lib/python3.11/site-packages/django/apps/config.py", line 269, in import_models
    self.models_module = import_module(models_module_name)
                         ^^^^^^^^^^^^^^^^^^^^^^^^^^^^^^^^^
  File "/usr/local/lib/python3.11/importlib/__init__.py", line 126, in import_module
    return _bootstrap._gcd_import(name[level:], package, level)
           ^^^^^^^^^^^^^^^^^^^^^^^^^^^^^^^^^^^^^^^^^^^^^^^^^^^^
  File "<frozen importlib._bootstrap>", line 1204, in _gcd_import
  File "<frozen importlib._bootstrap>", line 1176, in _find_and_load
  File "<frozen importlib._bootstrap>", line 1147, in _find_and_load_unlocked
  File "<frozen importlib._bootstrap>", line 690, in _load_unlocked
  File "<frozen importlib._bootstrap_external>", line 940, in exec_module
  File "<frozen importlib._bootstrap>", line 241, in _call_with_frames_removed
  File "/app/restaurants/models.py", line 998, in <module>
    class RestaurantReview(BaseModel):
  File "/app/restaurants/models.py", line 1017, in RestaurantReview
    default=ReviewStatus.PUBLISHED,
            ^^^^^^^^^^^^^^^^^^^^^^
  File "/usr/local/lib/python3.11/enum.py", line 786, in __getattr__
    raise AttributeError(name) from None
AttributeError: PUBLISHED
ERROR 2025-08-02 05:57:08,226 signal 1 281472860078112 Signal handler <promise@0xffff7e8ee670 --> <bound method Celery._autodiscover_tasks of <Celery portfolio_project at 0xffff7e8d9f10>>> raised: AttributeError('PUBLISHED')
Traceback (most recent call last):
  File "/usr/local/lib/python3.11/site-packages/celery/utils/dispatch/signal.py", line 276, in send
    response = receiver(signal=self, sender=sender, **named)
               ^^^^^^^^^^^^^^^^^^^^^^^^^^^^^^^^^^^^^^^^^^^^^
  File "/usr/local/lib/python3.11/site-packages/vine/promises.py", line 161, in __call__
    return self.throw()
           ^^^^^^^^^^^^
  File "/usr/local/lib/python3.11/site-packages/vine/promises.py", line 158, in __call__
    retval = fun(*final_args, **final_kwargs)
             ^^^^^^^^^^^^^^^^^^^^^^^^^^^^^^^^
  File "/usr/local/lib/python3.11/site-packages/celery/app/base.py", line 691, in _autodiscover_tasks
    return self._autodiscover_tasks_from_fixups(related_name)
           ^^^^^^^^^^^^^^^^^^^^^^^^^^^^^^^^^^^^^^^^^^^^^^^^^^
  File "/usr/local/lib/python3.11/site-packages/celery/app/base.py", line 700, in _autodiscover_tasks_from_fixups
    return self._autodiscover_tasks_from_names([
           ^^^^^^^^^^^^^^^^^^^^^^^^^^^^^^^^^^^^^
  File "/usr/local/lib/python3.11/site-packages/celery/app/base.py", line 695, in _autodiscover_tasks_from_names
    return self.loader.autodiscover_tasks(
           ^^^^^^^^^^^^^^^^^^^^^^^^^^^^^^^
  File "/usr/local/lib/python3.11/site-packages/celery/loaders/base.py", line 220, in autodiscover_tasks
    mod.__name__ for mod in autodiscover_tasks(packages or (),
                            ^^^^^^^^^^^^^^^^^^^^^^^^^^^^^^^^^^
  File "/usr/local/lib/python3.11/site-packages/celery/loaders/base.py", line 246, in autodiscover_tasks
    return [find_related_module(pkg, related_name) for pkg in packages]
           ^^^^^^^^^^^^^^^^^^^^^^^^^^^^^^^^^^^^^^^^^^^^^^^^^^^^^^^^^^^^
  File "/usr/local/lib/python3.11/site-packages/celery/loaders/base.py", line 246, in <listcomp>
    return [find_related_module(pkg, related_name) for pkg in packages]
            ^^^^^^^^^^^^^^^^^^^^^^^^^^^^^^^^^^^^^^
  File "/usr/local/lib/python3.11/site-packages/celery/loaders/base.py", line 267, in find_related_module
    return importlib.import_module(module_name)
           ^^^^^^^^^^^^^^^^^^^^^^^^^^^^^^^^^^^^
  File "/usr/local/lib/python3.11/importlib/__init__.py", line 126, in import_module
    return _bootstrap._gcd_import(name[level:], package, level)
           ^^^^^^^^^^^^^^^^^^^^^^^^^^^^^^^^^^^^^^^^^^^^^^^^^^^^
  File "<frozen importlib._bootstrap>", line 1204, in _gcd_import
  File "<frozen importlib._bootstrap>", line 1176, in _find_and_load
  File "<frozen importlib._bootstrap>", line 1147, in _find_and_load_unlocked
  File "<frozen importlib._bootstrap>", line 690, in _load_unlocked
  File "<frozen importlib._bootstrap_external>", line 940, in exec_module
  File "<frozen importlib._bootstrap>", line 241, in _call_with_frames_removed
  File "/app/restaurants/tasks.py", line 19, in <module>
    from .models import Restaurant, RestaurantImage
  File "/app/restaurants/models.py", line 998, in <module>
    class RestaurantReview(BaseModel):
  File "/app/restaurants/models.py", line 1017, in RestaurantReview
    default=ReviewStatus.PUBLISHED,
            ^^^^^^^^^^^^^^^^^^^^^^
  File "/usr/local/lib/python3.11/enum.py", line 786, in __getattr__
    raise AttributeError(name) from None
AttributeError: PUBLISHED
ERROR 2025-08-02 05:57:08,231 signal 1 281473306394656 Signal handler <promise@0xffff9927e670 --> <bound method Celery._autodiscover_tasks of <Celery portfolio_project at 0xffff99279e50>>> raised: AttributeError('PUBLISHED')
Traceback (most recent call last):
  File "/usr/local/lib/python3.11/site-packages/celery/utils/dispatch/signal.py", line 276, in send
    response = receiver(signal=self, sender=sender, **named)
               ^^^^^^^^^^^^^^^^^^^^^^^^^^^^^^^^^^^^^^^^^^^^^
  File "/usr/local/lib/python3.11/site-packages/vine/promises.py", line 161, in __call__
    return self.throw()
           ^^^^^^^^^^^^
  File "/usr/local/lib/python3.11/site-packages/vine/promises.py", line 158, in __call__
    retval = fun(*final_args, **final_kwargs)
             ^^^^^^^^^^^^^^^^^^^^^^^^^^^^^^^^
  File "/usr/local/lib/python3.11/site-packages/celery/app/base.py", line 691, in _autodiscover_tasks
    return self._autodiscover_tasks_from_fixups(related_name)
           ^^^^^^^^^^^^^^^^^^^^^^^^^^^^^^^^^^^^^^^^^^^^^^^^^^
  File "/usr/local/lib/python3.11/site-packages/celery/app/base.py", line 700, in _autodiscover_tasks_from_fixups
    return self._autodiscover_tasks_from_names([
           ^^^^^^^^^^^^^^^^^^^^^^^^^^^^^^^^^^^^^
  File "/usr/local/lib/python3.11/site-packages/celery/app/base.py", line 695, in _autodiscover_tasks_from_names
    return self.loader.autodiscover_tasks(
           ^^^^^^^^^^^^^^^^^^^^^^^^^^^^^^^
  File "/usr/local/lib/python3.11/site-packages/celery/loaders/base.py", line 220, in autodiscover_tasks
    mod.__name__ for mod in autodiscover_tasks(packages or (),
                            ^^^^^^^^^^^^^^^^^^^^^^^^^^^^^^^^^^
  File "/usr/local/lib/python3.11/site-packages/celery/loaders/base.py", line 246, in autodiscover_tasks
    return [find_related_module(pkg, related_name) for pkg in packages]
           ^^^^^^^^^^^^^^^^^^^^^^^^^^^^^^^^^^^^^^^^^^^^^^^^^^^^^^^^^^^^
  File "/usr/local/lib/python3.11/site-packages/celery/loaders/base.py", line 246, in <listcomp>
    return [find_related_module(pkg, related_name) for pkg in packages]
            ^^^^^^^^^^^^^^^^^^^^^^^^^^^^^^^^^^^^^^
  File "/usr/local/lib/python3.11/site-packages/celery/loaders/base.py", line 267, in find_related_module
    return importlib.import_module(module_name)
           ^^^^^^^^^^^^^^^^^^^^^^^^^^^^^^^^^^^^
  File "/usr/local/lib/python3.11/importlib/__init__.py", line 126, in import_module
    return _bootstrap._gcd_import(name[level:], package, level)
           ^^^^^^^^^^^^^^^^^^^^^^^^^^^^^^^^^^^^^^^^^^^^^^^^^^^^
  File "<frozen importlib._bootstrap>", line 1204, in _gcd_import
  File "<frozen importlib._bootstrap>", line 1176, in _find_and_load
  File "<frozen importlib._bootstrap>", line 1147, in _find_and_load_unlocked
  File "<frozen importlib._bootstrap>", line 690, in _load_unlocked
  File "<frozen importlib._bootstrap_external>", line 940, in exec_module
  File "<frozen importlib._bootstrap>", line 241, in _call_with_frames_removed
  File "/app/restaurants/tasks.py", line 19, in <module>
    from .models import Restaurant, RestaurantImage
  File "/app/restaurants/models.py", line 998, in <module>
    class RestaurantReview(BaseModel):
  File "/app/restaurants/models.py", line 1017, in RestaurantReview
    default=ReviewStatus.PUBLISHED,
            ^^^^^^^^^^^^^^^^^^^^^^
  File "/usr/local/lib/python3.11/enum.py", line 786, in __getattr__
    raise AttributeError(name) from None
AttributeError: PUBLISHED
ERROR 2025-08-02 05:57:09,833 signal 1 281473662292000 Signal handler <bound method DjangoFixup.on_import_modules of <celery.fixups.django.DjangoFixup object at 0xffffae5044d0>> raised: AttributeError('PUBLISHED')
Traceback (most recent call last):
  File "/usr/local/lib/python3.11/site-packages/celery/utils/dispatch/signal.py", line 276, in send
    response = receiver(signal=self, sender=sender, **named)
               ^^^^^^^^^^^^^^^^^^^^^^^^^^^^^^^^^^^^^^^^^^^^^
  File "/usr/local/lib/python3.11/site-packages/celery/fixups/django.py", line 97, in on_import_modules
    self.worker_fixup.validate_models()
  File "/usr/local/lib/python3.11/site-packages/celery/fixups/django.py", line 135, in validate_models
    self.django_setup()
  File "/usr/local/lib/python3.11/site-packages/celery/fixups/django.py", line 131, in django_setup
    django.setup()
  File "/usr/local/lib/python3.11/site-packages/django/__init__.py", line 24, in setup
    apps.populate(settings.INSTALLED_APPS)
  File "/usr/local/lib/python3.11/site-packages/django/apps/registry.py", line 116, in populate
    app_config.import_models()
  File "/usr/local/lib/python3.11/site-packages/django/apps/config.py", line 269, in import_models
    self.models_module = import_module(models_module_name)
                         ^^^^^^^^^^^^^^^^^^^^^^^^^^^^^^^^^
  File "/usr/local/lib/python3.11/importlib/__init__.py", line 126, in import_module
    return _bootstrap._gcd_import(name[level:], package, level)
           ^^^^^^^^^^^^^^^^^^^^^^^^^^^^^^^^^^^^^^^^^^^^^^^^^^^^
  File "<frozen importlib._bootstrap>", line 1204, in _gcd_import
  File "<frozen importlib._bootstrap>", line 1176, in _find_and_load
  File "<frozen importlib._bootstrap>", line 1147, in _find_and_load_unlocked
  File "<frozen importlib._bootstrap>", line 690, in _load_unlocked
  File "<frozen importlib._bootstrap_external>", line 940, in exec_module
  File "<frozen importlib._bootstrap>", line 241, in _call_with_frames_removed
  File "/app/restaurants/models.py", line 998, in <module>
    class RestaurantReview(BaseModel):
  File "/app/restaurants/models.py", line 1017, in RestaurantReview
    default=ReviewStatus.PUBLISHED,
            ^^^^^^^^^^^^^^^^^^^^^^
  File "/usr/local/lib/python3.11/enum.py", line 786, in __getattr__
    raise AttributeError(name) from None
AttributeError: PUBLISHED
ERROR 2025-08-02 05:57:09,843 signal 1 281473716412448 Signal handler <bound method DjangoFixup.on_import_modules of <celery.fixups.django.DjangoFixup object at 0xffffb1873d50>> raised: AttributeError('PUBLISHED')
Traceback (most recent call last):
  File "/usr/local/lib/python3.11/site-packages/celery/utils/dispatch/signal.py", line 276, in send
    response = receiver(signal=self, sender=sender, **named)
               ^^^^^^^^^^^^^^^^^^^^^^^^^^^^^^^^^^^^^^^^^^^^^
  File "/usr/local/lib/python3.11/site-packages/celery/fixups/django.py", line 97, in on_import_modules
    self.worker_fixup.validate_models()
  File "/usr/local/lib/python3.11/site-packages/celery/fixups/django.py", line 135, in validate_models
    self.django_setup()
  File "/usr/local/lib/python3.11/site-packages/celery/fixups/django.py", line 131, in django_setup
    django.setup()
  File "/usr/local/lib/python3.11/site-packages/django/__init__.py", line 24, in setup
    apps.populate(settings.INSTALLED_APPS)
  File "/usr/local/lib/python3.11/site-packages/django/apps/registry.py", line 116, in populate
    app_config.import_models()
  File "/usr/local/lib/python3.11/site-packages/django/apps/config.py", line 269, in import_models
    self.models_module = import_module(models_module_name)
                         ^^^^^^^^^^^^^^^^^^^^^^^^^^^^^^^^^
  File "/usr/local/lib/python3.11/importlib/__init__.py", line 126, in import_module
    return _bootstrap._gcd_import(name[level:], package, level)
           ^^^^^^^^^^^^^^^^^^^^^^^^^^^^^^^^^^^^^^^^^^^^^^^^^^^^
  File "<frozen importlib._bootstrap>", line 1204, in _gcd_import
  File "<frozen importlib._bootstrap>", line 1176, in _find_and_load
  File "<frozen importlib._bootstrap>", line 1147, in _find_and_load_unlocked
  File "<frozen importlib._bootstrap>", line 690, in _load_unlocked
  File "<frozen importlib._bootstrap_external>", line 940, in exec_module
  File "<frozen importlib._bootstrap>", line 241, in _call_with_frames_removed
  File "/app/restaurants/models.py", line 998, in <module>
    class RestaurantReview(BaseModel):
  File "/app/restaurants/models.py", line 1017, in RestaurantReview
    default=ReviewStatus.PUBLISHED,
            ^^^^^^^^^^^^^^^^^^^^^^
  File "/usr/local/lib/python3.11/enum.py", line 786, in __getattr__
    raise AttributeError(name) from None
AttributeError: PUBLISHED
ERROR 2025-08-02 05:57:09,843 signal 1 281473662292000 Signal handler <promise@0xffffae62e670 --> <bound method Celery._autodiscover_tasks of <Celery portfolio_project at 0xffffae62a210>>> raised: AttributeError('PUBLISHED')
Traceback (most recent call last):
  File "/usr/local/lib/python3.11/site-packages/celery/utils/dispatch/signal.py", line 276, in send
    response = receiver(signal=self, sender=sender, **named)
               ^^^^^^^^^^^^^^^^^^^^^^^^^^^^^^^^^^^^^^^^^^^^^
  File "/usr/local/lib/python3.11/site-packages/vine/promises.py", line 161, in __call__
    return self.throw()
           ^^^^^^^^^^^^
  File "/usr/local/lib/python3.11/site-packages/vine/promises.py", line 158, in __call__
    retval = fun(*final_args, **final_kwargs)
             ^^^^^^^^^^^^^^^^^^^^^^^^^^^^^^^^
  File "/usr/local/lib/python3.11/site-packages/celery/app/base.py", line 691, in _autodiscover_tasks
    return self._autodiscover_tasks_from_fixups(related_name)
           ^^^^^^^^^^^^^^^^^^^^^^^^^^^^^^^^^^^^^^^^^^^^^^^^^^
  File "/usr/local/lib/python3.11/site-packages/celery/app/base.py", line 700, in _autodiscover_tasks_from_fixups
    return self._autodiscover_tasks_from_names([
           ^^^^^^^^^^^^^^^^^^^^^^^^^^^^^^^^^^^^^
  File "/usr/local/lib/python3.11/site-packages/celery/app/base.py", line 695, in _autodiscover_tasks_from_names
    return self.loader.autodiscover_tasks(
           ^^^^^^^^^^^^^^^^^^^^^^^^^^^^^^^
  File "/usr/local/lib/python3.11/site-packages/celery/loaders/base.py", line 220, in autodiscover_tasks
    mod.__name__ for mod in autodiscover_tasks(packages or (),
                            ^^^^^^^^^^^^^^^^^^^^^^^^^^^^^^^^^^
  File "/usr/local/lib/python3.11/site-packages/celery/loaders/base.py", line 246, in autodiscover_tasks
    return [find_related_module(pkg, related_name) for pkg in packages]
           ^^^^^^^^^^^^^^^^^^^^^^^^^^^^^^^^^^^^^^^^^^^^^^^^^^^^^^^^^^^^
  File "/usr/local/lib/python3.11/site-packages/celery/loaders/base.py", line 246, in <listcomp>
    return [find_related_module(pkg, related_name) for pkg in packages]
            ^^^^^^^^^^^^^^^^^^^^^^^^^^^^^^^^^^^^^^
  File "/usr/local/lib/python3.11/site-packages/celery/loaders/base.py", line 267, in find_related_module
    return importlib.import_module(module_name)
           ^^^^^^^^^^^^^^^^^^^^^^^^^^^^^^^^^^^^
  File "/usr/local/lib/python3.11/importlib/__init__.py", line 126, in import_module
    return _bootstrap._gcd_import(name[level:], package, level)
           ^^^^^^^^^^^^^^^^^^^^^^^^^^^^^^^^^^^^^^^^^^^^^^^^^^^^
  File "<frozen importlib._bootstrap>", line 1204, in _gcd_import
  File "<frozen importlib._bootstrap>", line 1176, in _find_and_load
  File "<frozen importlib._bootstrap>", line 1147, in _find_and_load_unlocked
  File "<frozen importlib._bootstrap>", line 690, in _load_unlocked
  File "<frozen importlib._bootstrap_external>", line 940, in exec_module
  File "<frozen importlib._bootstrap>", line 241, in _call_with_frames_removed
  File "/app/restaurants/tasks.py", line 19, in <module>
    from .models import Restaurant, RestaurantImage
  File "/app/restaurants/models.py", line 998, in <module>
    class RestaurantReview(BaseModel):
  File "/app/restaurants/models.py", line 1017, in RestaurantReview
    default=ReviewStatus.PUBLISHED,
            ^^^^^^^^^^^^^^^^^^^^^^
  File "/usr/local/lib/python3.11/enum.py", line 786, in __getattr__
    raise AttributeError(name) from None
AttributeError: PUBLISHED
ERROR 2025-08-02 05:57:09,854 signal 1 281473716412448 Signal handler <promise@0xffffb1976670 --> <bound method Celery._autodiscover_tasks of <Celery portfolio_project at 0xffffb1969b50>>> raised: AttributeError('PUBLISHED')
Traceback (most recent call last):
  File "/usr/local/lib/python3.11/site-packages/celery/utils/dispatch/signal.py", line 276, in send
    response = receiver(signal=self, sender=sender, **named)
               ^^^^^^^^^^^^^^^^^^^^^^^^^^^^^^^^^^^^^^^^^^^^^
  File "/usr/local/lib/python3.11/site-packages/vine/promises.py", line 161, in __call__
    return self.throw()
           ^^^^^^^^^^^^
  File "/usr/local/lib/python3.11/site-packages/vine/promises.py", line 158, in __call__
    retval = fun(*final_args, **final_kwargs)
             ^^^^^^^^^^^^^^^^^^^^^^^^^^^^^^^^
  File "/usr/local/lib/python3.11/site-packages/celery/app/base.py", line 691, in _autodiscover_tasks
    return self._autodiscover_tasks_from_fixups(related_name)
           ^^^^^^^^^^^^^^^^^^^^^^^^^^^^^^^^^^^^^^^^^^^^^^^^^^
  File "/usr/local/lib/python3.11/site-packages/celery/app/base.py", line 700, in _autodiscover_tasks_from_fixups
    return self._autodiscover_tasks_from_names([
           ^^^^^^^^^^^^^^^^^^^^^^^^^^^^^^^^^^^^^
  File "/usr/local/lib/python3.11/site-packages/celery/app/base.py", line 695, in _autodiscover_tasks_from_names
    return self.loader.autodiscover_tasks(
           ^^^^^^^^^^^^^^^^^^^^^^^^^^^^^^^
  File "/usr/local/lib/python3.11/site-packages/celery/loaders/base.py", line 220, in autodiscover_tasks
    mod.__name__ for mod in autodiscover_tasks(packages or (),
                            ^^^^^^^^^^^^^^^^^^^^^^^^^^^^^^^^^^
  File "/usr/local/lib/python3.11/site-packages/celery/loaders/base.py", line 246, in autodiscover_tasks
    return [find_related_module(pkg, related_name) for pkg in packages]
           ^^^^^^^^^^^^^^^^^^^^^^^^^^^^^^^^^^^^^^^^^^^^^^^^^^^^^^^^^^^^
  File "/usr/local/lib/python3.11/site-packages/celery/loaders/base.py", line 246, in <listcomp>
    return [find_related_module(pkg, related_name) for pkg in packages]
            ^^^^^^^^^^^^^^^^^^^^^^^^^^^^^^^^^^^^^^
  File "/usr/local/lib/python3.11/site-packages/celery/loaders/base.py", line 267, in find_related_module
    return importlib.import_module(module_name)
           ^^^^^^^^^^^^^^^^^^^^^^^^^^^^^^^^^^^^
  File "/usr/local/lib/python3.11/importlib/__init__.py", line 126, in import_module
    return _bootstrap._gcd_import(name[level:], package, level)
           ^^^^^^^^^^^^^^^^^^^^^^^^^^^^^^^^^^^^^^^^^^^^^^^^^^^^
  File "<frozen importlib._bootstrap>", line 1204, in _gcd_import
  File "<frozen importlib._bootstrap>", line 1176, in _find_and_load
  File "<frozen importlib._bootstrap>", line 1147, in _find_and_load_unlocked
  File "<frozen importlib._bootstrap>", line 690, in _load_unlocked
  File "<frozen importlib._bootstrap_external>", line 940, in exec_module
  File "<frozen importlib._bootstrap>", line 241, in _call_with_frames_removed
  File "/app/restaurants/tasks.py", line 19, in <module>
    from .models import Restaurant, RestaurantImage
  File "/app/restaurants/models.py", line 998, in <module>
    class RestaurantReview(BaseModel):
  File "/app/restaurants/models.py", line 1017, in RestaurantReview
    default=ReviewStatus.PUBLISHED,
            ^^^^^^^^^^^^^^^^^^^^^^
  File "/usr/local/lib/python3.11/enum.py", line 786, in __getattr__
    raise AttributeError(name) from None
AttributeError: PUBLISHED
ERROR 2025-08-02 05:57:12,251 signal 1 281472841908256 Signal handler <bound method DjangoFixup.on_import_modules of <celery.fixups.django.DjangoFixup object at 0xffff7d673ed0>> raised: AttributeError('PUBLISHED')
Traceback (most recent call last):
  File "/usr/local/lib/python3.11/site-packages/celery/utils/dispatch/signal.py", line 276, in send
    response = receiver(signal=self, sender=sender, **named)
               ^^^^^^^^^^^^^^^^^^^^^^^^^^^^^^^^^^^^^^^^^^^^^
  File "/usr/local/lib/python3.11/site-packages/celery/fixups/django.py", line 97, in on_import_modules
    self.worker_fixup.validate_models()
  File "/usr/local/lib/python3.11/site-packages/celery/fixups/django.py", line 135, in validate_models
    self.django_setup()
  File "/usr/local/lib/python3.11/site-packages/celery/fixups/django.py", line 131, in django_setup
    django.setup()
  File "/usr/local/lib/python3.11/site-packages/django/__init__.py", line 24, in setup
    apps.populate(settings.INSTALLED_APPS)
  File "/usr/local/lib/python3.11/site-packages/django/apps/registry.py", line 116, in populate
    app_config.import_models()
  File "/usr/local/lib/python3.11/site-packages/django/apps/config.py", line 269, in import_models
    self.models_module = import_module(models_module_name)
                         ^^^^^^^^^^^^^^^^^^^^^^^^^^^^^^^^^
  File "/usr/local/lib/python3.11/importlib/__init__.py", line 126, in import_module
    return _bootstrap._gcd_import(name[level:], package, level)
           ^^^^^^^^^^^^^^^^^^^^^^^^^^^^^^^^^^^^^^^^^^^^^^^^^^^^
  File "<frozen importlib._bootstrap>", line 1204, in _gcd_import
  File "<frozen importlib._bootstrap>", line 1176, in _find_and_load
  File "<frozen importlib._bootstrap>", line 1147, in _find_and_load_unlocked
  File "<frozen importlib._bootstrap>", line 690, in _load_unlocked
  File "<frozen importlib._bootstrap_external>", line 940, in exec_module
  File "<frozen importlib._bootstrap>", line 241, in _call_with_frames_removed
  File "/app/restaurants/models.py", line 998, in <module>
    class RestaurantReview(BaseModel):
  File "/app/restaurants/models.py", line 1017, in RestaurantReview
    default=ReviewStatus.PUBLISHED,
            ^^^^^^^^^^^^^^^^^^^^^^
  File "/usr/local/lib/python3.11/enum.py", line 786, in __getattr__
    raise AttributeError(name) from None
AttributeError: PUBLISHED
ERROR 2025-08-02 05:57:12,251 signal 1 281473225711648 Signal handler <bound method DjangoFixup.on_import_modules of <celery.fixups.django.DjangoFixup object at 0xffff9447fd10>> raised: AttributeError('PUBLISHED')
Traceback (most recent call last):
  File "/usr/local/lib/python3.11/site-packages/celery/utils/dispatch/signal.py", line 276, in send
    response = receiver(signal=self, sender=sender, **named)
               ^^^^^^^^^^^^^^^^^^^^^^^^^^^^^^^^^^^^^^^^^^^^^
  File "/usr/local/lib/python3.11/site-packages/celery/fixups/django.py", line 97, in on_import_modules
    self.worker_fixup.validate_models()
  File "/usr/local/lib/python3.11/site-packages/celery/fixups/django.py", line 135, in validate_models
    self.django_setup()
  File "/usr/local/lib/python3.11/site-packages/celery/fixups/django.py", line 131, in django_setup
    django.setup()
  File "/usr/local/lib/python3.11/site-packages/django/__init__.py", line 24, in setup
    apps.populate(settings.INSTALLED_APPS)
  File "/usr/local/lib/python3.11/site-packages/django/apps/registry.py", line 116, in populate
    app_config.import_models()
  File "/usr/local/lib/python3.11/site-packages/django/apps/config.py", line 269, in import_models
    self.models_module = import_module(models_module_name)
                         ^^^^^^^^^^^^^^^^^^^^^^^^^^^^^^^^^
  File "/usr/local/lib/python3.11/importlib/__init__.py", line 126, in import_module
    return _bootstrap._gcd_import(name[level:], package, level)
           ^^^^^^^^^^^^^^^^^^^^^^^^^^^^^^^^^^^^^^^^^^^^^^^^^^^^
  File "<frozen importlib._bootstrap>", line 1204, in _gcd_import
  File "<frozen importlib._bootstrap>", line 1176, in _find_and_load
  File "<frozen importlib._bootstrap>", line 1147, in _find_and_load_unlocked
  File "<frozen importlib._bootstrap>", line 690, in _load_unlocked
  File "<frozen importlib._bootstrap_external>", line 940, in exec_module
  File "<frozen importlib._bootstrap>", line 241, in _call_with_frames_removed
  File "/app/restaurants/models.py", line 998, in <module>
    class RestaurantReview(BaseModel):
  File "/app/restaurants/models.py", line 1017, in RestaurantReview
    default=ReviewStatus.PUBLISHED,
            ^^^^^^^^^^^^^^^^^^^^^^
  File "/usr/local/lib/python3.11/enum.py", line 786, in __getattr__
    raise AttributeError(name) from None
AttributeError: PUBLISHED
ERROR 2025-08-02 05:57:12,261 signal 1 281472841908256 Signal handler <promise@0xffff7d776670 --> <bound method Celery._autodiscover_tasks of <Celery portfolio_project at 0xffff7d89d1d0>>> raised: AttributeError('PUBLISHED')
Traceback (most recent call last):
  File "/usr/local/lib/python3.11/site-packages/celery/utils/dispatch/signal.py", line 276, in send
    response = receiver(signal=self, sender=sender, **named)
               ^^^^^^^^^^^^^^^^^^^^^^^^^^^^^^^^^^^^^^^^^^^^^
  File "/usr/local/lib/python3.11/site-packages/vine/promises.py", line 161, in __call__
    return self.throw()
           ^^^^^^^^^^^^
  File "/usr/local/lib/python3.11/site-packages/vine/promises.py", line 158, in __call__
    retval = fun(*final_args, **final_kwargs)
             ^^^^^^^^^^^^^^^^^^^^^^^^^^^^^^^^
  File "/usr/local/lib/python3.11/site-packages/celery/app/base.py", line 691, in _autodiscover_tasks
    return self._autodiscover_tasks_from_fixups(related_name)
           ^^^^^^^^^^^^^^^^^^^^^^^^^^^^^^^^^^^^^^^^^^^^^^^^^^
  File "/usr/local/lib/python3.11/site-packages/celery/app/base.py", line 700, in _autodiscover_tasks_from_fixups
    return self._autodiscover_tasks_from_names([
           ^^^^^^^^^^^^^^^^^^^^^^^^^^^^^^^^^^^^^
  File "/usr/local/lib/python3.11/site-packages/celery/app/base.py", line 695, in _autodiscover_tasks_from_names
    return self.loader.autodiscover_tasks(
           ^^^^^^^^^^^^^^^^^^^^^^^^^^^^^^^
  File "/usr/local/lib/python3.11/site-packages/celery/loaders/base.py", line 220, in autodiscover_tasks
    mod.__name__ for mod in autodiscover_tasks(packages or (),
                            ^^^^^^^^^^^^^^^^^^^^^^^^^^^^^^^^^^
  File "/usr/local/lib/python3.11/site-packages/celery/loaders/base.py", line 246, in autodiscover_tasks
    return [find_related_module(pkg, related_name) for pkg in packages]
           ^^^^^^^^^^^^^^^^^^^^^^^^^^^^^^^^^^^^^^^^^^^^^^^^^^^^^^^^^^^^
  File "/usr/local/lib/python3.11/site-packages/celery/loaders/base.py", line 246, in <listcomp>
    return [find_related_module(pkg, related_name) for pkg in packages]
            ^^^^^^^^^^^^^^^^^^^^^^^^^^^^^^^^^^^^^^
  File "/usr/local/lib/python3.11/site-packages/celery/loaders/base.py", line 267, in find_related_module
    return importlib.import_module(module_name)
           ^^^^^^^^^^^^^^^^^^^^^^^^^^^^^^^^^^^^
  File "/usr/local/lib/python3.11/importlib/__init__.py", line 126, in import_module
    return _bootstrap._gcd_import(name[level:], package, level)
           ^^^^^^^^^^^^^^^^^^^^^^^^^^^^^^^^^^^^^^^^^^^^^^^^^^^^
  File "<frozen importlib._bootstrap>", line 1204, in _gcd_import
  File "<frozen importlib._bootstrap>", line 1176, in _find_and_load
  File "<frozen importlib._bootstrap>", line 1147, in _find_and_load_unlocked
  File "<frozen importlib._bootstrap>", line 690, in _load_unlocked
  File "<frozen importlib._bootstrap_external>", line 940, in exec_module
  File "<frozen importlib._bootstrap>", line 241, in _call_with_frames_removed
  File "/app/restaurants/tasks.py", line 19, in <module>
    from .models import Restaurant, RestaurantImage
  File "/app/restaurants/models.py", line 998, in <module>
    class RestaurantReview(BaseModel):
  File "/app/restaurants/models.py", line 1017, in RestaurantReview
    default=ReviewStatus.PUBLISHED,
            ^^^^^^^^^^^^^^^^^^^^^^
  File "/usr/local/lib/python3.11/enum.py", line 786, in __getattr__
    raise AttributeError(name) from None
AttributeError: PUBLISHED
ERROR 2025-08-02 05:57:12,263 signal 1 281473225711648 Signal handler <promise@0xffff945b6670 --> <bound method Celery._autodiscover_tasks of <Celery portfolio_project at 0xffff94575a50>>> raised: AttributeError('PUBLISHED')
Traceback (most recent call last):
  File "/usr/local/lib/python3.11/site-packages/celery/utils/dispatch/signal.py", line 276, in send
    response = receiver(signal=self, sender=sender, **named)
               ^^^^^^^^^^^^^^^^^^^^^^^^^^^^^^^^^^^^^^^^^^^^^
  File "/usr/local/lib/python3.11/site-packages/vine/promises.py", line 161, in __call__
    return self.throw()
           ^^^^^^^^^^^^
  File "/usr/local/lib/python3.11/site-packages/vine/promises.py", line 158, in __call__
    retval = fun(*final_args, **final_kwargs)
             ^^^^^^^^^^^^^^^^^^^^^^^^^^^^^^^^
  File "/usr/local/lib/python3.11/site-packages/celery/app/base.py", line 691, in _autodiscover_tasks
    return self._autodiscover_tasks_from_fixups(related_name)
           ^^^^^^^^^^^^^^^^^^^^^^^^^^^^^^^^^^^^^^^^^^^^^^^^^^
  File "/usr/local/lib/python3.11/site-packages/celery/app/base.py", line 700, in _autodiscover_tasks_from_fixups
    return self._autodiscover_tasks_from_names([
           ^^^^^^^^^^^^^^^^^^^^^^^^^^^^^^^^^^^^^
  File "/usr/local/lib/python3.11/site-packages/celery/app/base.py", line 695, in _autodiscover_tasks_from_names
    return self.loader.autodiscover_tasks(
           ^^^^^^^^^^^^^^^^^^^^^^^^^^^^^^^
  File "/usr/local/lib/python3.11/site-packages/celery/loaders/base.py", line 220, in autodiscover_tasks
    mod.__name__ for mod in autodiscover_tasks(packages or (),
                            ^^^^^^^^^^^^^^^^^^^^^^^^^^^^^^^^^^
  File "/usr/local/lib/python3.11/site-packages/celery/loaders/base.py", line 246, in autodiscover_tasks
    return [find_related_module(pkg, related_name) for pkg in packages]
           ^^^^^^^^^^^^^^^^^^^^^^^^^^^^^^^^^^^^^^^^^^^^^^^^^^^^^^^^^^^^
  File "/usr/local/lib/python3.11/site-packages/celery/loaders/base.py", line 246, in <listcomp>
    return [find_related_module(pkg, related_name) for pkg in packages]
            ^^^^^^^^^^^^^^^^^^^^^^^^^^^^^^^^^^^^^^
  File "/usr/local/lib/python3.11/site-packages/celery/loaders/base.py", line 267, in find_related_module
    return importlib.import_module(module_name)
           ^^^^^^^^^^^^^^^^^^^^^^^^^^^^^^^^^^^^
  File "/usr/local/lib/python3.11/importlib/__init__.py", line 126, in import_module
    return _bootstrap._gcd_import(name[level:], package, level)
           ^^^^^^^^^^^^^^^^^^^^^^^^^^^^^^^^^^^^^^^^^^^^^^^^^^^^
  File "<frozen importlib._bootstrap>", line 1204, in _gcd_import
  File "<frozen importlib._bootstrap>", line 1176, in _find_and_load
  File "<frozen importlib._bootstrap>", line 1147, in _find_and_load_unlocked
  File "<frozen importlib._bootstrap>", line 690, in _load_unlocked
  File "<frozen importlib._bootstrap_external>", line 940, in exec_module
  File "<frozen importlib._bootstrap>", line 241, in _call_with_frames_removed
  File "/app/restaurants/tasks.py", line 19, in <module>
    from .models import Restaurant, RestaurantImage
  File "/app/restaurants/models.py", line 998, in <module>
    class RestaurantReview(BaseModel):
  File "/app/restaurants/models.py", line 1017, in RestaurantReview
    default=ReviewStatus.PUBLISHED,
            ^^^^^^^^^^^^^^^^^^^^^^
  File "/usr/local/lib/python3.11/enum.py", line 786, in __getattr__
    raise AttributeError(name) from None
AttributeError: PUBLISHED
ERROR 2025-08-02 05:57:16,261 signal 1 281473799688224 Signal handler <bound method DjangoFixup.on_import_modules of <celery.fixups.django.DjangoFixup object at 0xffffb67e3c90>> raised: AttributeError('PUBLISHED')
Traceback (most recent call last):
  File "/usr/local/lib/python3.11/site-packages/celery/utils/dispatch/signal.py", line 276, in send
    response = receiver(signal=self, sender=sender, **named)
               ^^^^^^^^^^^^^^^^^^^^^^^^^^^^^^^^^^^^^^^^^^^^^
  File "/usr/local/lib/python3.11/site-packages/celery/fixups/django.py", line 97, in on_import_modules
    self.worker_fixup.validate_models()
  File "/usr/local/lib/python3.11/site-packages/celery/fixups/django.py", line 135, in validate_models
    self.django_setup()
  File "/usr/local/lib/python3.11/site-packages/celery/fixups/django.py", line 131, in django_setup
    django.setup()
  File "/usr/local/lib/python3.11/site-packages/django/__init__.py", line 24, in setup
    apps.populate(settings.INSTALLED_APPS)
  File "/usr/local/lib/python3.11/site-packages/django/apps/registry.py", line 116, in populate
    app_config.import_models()
  File "/usr/local/lib/python3.11/site-packages/django/apps/config.py", line 269, in import_models
    self.models_module = import_module(models_module_name)
                         ^^^^^^^^^^^^^^^^^^^^^^^^^^^^^^^^^
  File "/usr/local/lib/python3.11/importlib/__init__.py", line 126, in import_module
    return _bootstrap._gcd_import(name[level:], package, level)
           ^^^^^^^^^^^^^^^^^^^^^^^^^^^^^^^^^^^^^^^^^^^^^^^^^^^^
  File "<frozen importlib._bootstrap>", line 1204, in _gcd_import
  File "<frozen importlib._bootstrap>", line 1176, in _find_and_load
  File "<frozen importlib._bootstrap>", line 1147, in _find_and_load_unlocked
  File "<frozen importlib._bootstrap>", line 690, in _load_unlocked
  File "<frozen importlib._bootstrap_external>", line 940, in exec_module
  File "<frozen importlib._bootstrap>", line 241, in _call_with_frames_removed
  File "/app/restaurants/models.py", line 998, in <module>
    class RestaurantReview(BaseModel):
  File "/app/restaurants/models.py", line 1017, in RestaurantReview
    default=ReviewStatus.PUBLISHED,
            ^^^^^^^^^^^^^^^^^^^^^^
  File "/usr/local/lib/python3.11/enum.py", line 786, in __getattr__
    raise AttributeError(name) from None
AttributeError: PUBLISHED
ERROR 2025-08-02 05:57:16,270 signal 1 281472960458784 Signal handler <bound method DjangoFixup.on_import_modules of <celery.fixups.django.DjangoFixup object at 0xffff847b4450>> raised: AttributeError('PUBLISHED')
Traceback (most recent call last):
  File "/usr/local/lib/python3.11/site-packages/celery/utils/dispatch/signal.py", line 276, in send
    response = receiver(signal=self, sender=sender, **named)
               ^^^^^^^^^^^^^^^^^^^^^^^^^^^^^^^^^^^^^^^^^^^^^
  File "/usr/local/lib/python3.11/site-packages/celery/fixups/django.py", line 97, in on_import_modules
    self.worker_fixup.validate_models()
  File "/usr/local/lib/python3.11/site-packages/celery/fixups/django.py", line 135, in validate_models
    self.django_setup()
  File "/usr/local/lib/python3.11/site-packages/celery/fixups/django.py", line 131, in django_setup
    django.setup()
  File "/usr/local/lib/python3.11/site-packages/django/__init__.py", line 24, in setup
    apps.populate(settings.INSTALLED_APPS)
  File "/usr/local/lib/python3.11/site-packages/django/apps/registry.py", line 116, in populate
    app_config.import_models()
  File "/usr/local/lib/python3.11/site-packages/django/apps/config.py", line 269, in import_models
    self.models_module = import_module(models_module_name)
                         ^^^^^^^^^^^^^^^^^^^^^^^^^^^^^^^^^
  File "/usr/local/lib/python3.11/importlib/__init__.py", line 126, in import_module
    return _bootstrap._gcd_import(name[level:], package, level)
           ^^^^^^^^^^^^^^^^^^^^^^^^^^^^^^^^^^^^^^^^^^^^^^^^^^^^
  File "<frozen importlib._bootstrap>", line 1204, in _gcd_import
  File "<frozen importlib._bootstrap>", line 1176, in _find_and_load
  File "<frozen importlib._bootstrap>", line 1147, in _find_and_load_unlocked
  File "<frozen importlib._bootstrap>", line 690, in _load_unlocked
  File "<frozen importlib._bootstrap_external>", line 940, in exec_module
  File "<frozen importlib._bootstrap>", line 241, in _call_with_frames_removed
  File "/app/restaurants/models.py", line 998, in <module>
    class RestaurantReview(BaseModel):
  File "/app/restaurants/models.py", line 1017, in RestaurantReview
    default=ReviewStatus.PUBLISHED,
            ^^^^^^^^^^^^^^^^^^^^^^
  File "/usr/local/lib/python3.11/enum.py", line 786, in __getattr__
    raise AttributeError(name) from None
AttributeError: PUBLISHED
ERROR 2025-08-02 05:57:16,271 signal 1 281473799688224 Signal handler <promise@0xffffb692a670 --> <bound method Celery._autodiscover_tasks of <Celery portfolio_project at 0xffffb6925a10>>> raised: AttributeError('PUBLISHED')
Traceback (most recent call last):
  File "/usr/local/lib/python3.11/site-packages/celery/utils/dispatch/signal.py", line 276, in send
    response = receiver(signal=self, sender=sender, **named)
               ^^^^^^^^^^^^^^^^^^^^^^^^^^^^^^^^^^^^^^^^^^^^^
  File "/usr/local/lib/python3.11/site-packages/vine/promises.py", line 161, in __call__
    return self.throw()
           ^^^^^^^^^^^^
  File "/usr/local/lib/python3.11/site-packages/vine/promises.py", line 158, in __call__
    retval = fun(*final_args, **final_kwargs)
             ^^^^^^^^^^^^^^^^^^^^^^^^^^^^^^^^
  File "/usr/local/lib/python3.11/site-packages/celery/app/base.py", line 691, in _autodiscover_tasks
    return self._autodiscover_tasks_from_fixups(related_name)
           ^^^^^^^^^^^^^^^^^^^^^^^^^^^^^^^^^^^^^^^^^^^^^^^^^^
  File "/usr/local/lib/python3.11/site-packages/celery/app/base.py", line 700, in _autodiscover_tasks_from_fixups
    return self._autodiscover_tasks_from_names([
           ^^^^^^^^^^^^^^^^^^^^^^^^^^^^^^^^^^^^^
  File "/usr/local/lib/python3.11/site-packages/celery/app/base.py", line 695, in _autodiscover_tasks_from_names
    return self.loader.autodiscover_tasks(
           ^^^^^^^^^^^^^^^^^^^^^^^^^^^^^^^
  File "/usr/local/lib/python3.11/site-packages/celery/loaders/base.py", line 220, in autodiscover_tasks
    mod.__name__ for mod in autodiscover_tasks(packages or (),
                            ^^^^^^^^^^^^^^^^^^^^^^^^^^^^^^^^^^
  File "/usr/local/lib/python3.11/site-packages/celery/loaders/base.py", line 246, in autodiscover_tasks
    return [find_related_module(pkg, related_name) for pkg in packages]
           ^^^^^^^^^^^^^^^^^^^^^^^^^^^^^^^^^^^^^^^^^^^^^^^^^^^^^^^^^^^^
  File "/usr/local/lib/python3.11/site-packages/celery/loaders/base.py", line 246, in <listcomp>
    return [find_related_module(pkg, related_name) for pkg in packages]
            ^^^^^^^^^^^^^^^^^^^^^^^^^^^^^^^^^^^^^^
  File "/usr/local/lib/python3.11/site-packages/celery/loaders/base.py", line 267, in find_related_module
    return importlib.import_module(module_name)
           ^^^^^^^^^^^^^^^^^^^^^^^^^^^^^^^^^^^^
  File "/usr/local/lib/python3.11/importlib/__init__.py", line 126, in import_module
    return _bootstrap._gcd_import(name[level:], package, level)
           ^^^^^^^^^^^^^^^^^^^^^^^^^^^^^^^^^^^^^^^^^^^^^^^^^^^^
  File "<frozen importlib._bootstrap>", line 1204, in _gcd_import
  File "<frozen importlib._bootstrap>", line 1176, in _find_and_load
  File "<frozen importlib._bootstrap>", line 1147, in _find_and_load_unlocked
  File "<frozen importlib._bootstrap>", line 690, in _load_unlocked
  File "<frozen importlib._bootstrap_external>", line 940, in exec_module
  File "<frozen importlib._bootstrap>", line 241, in _call_with_frames_removed
  File "/app/restaurants/tasks.py", line 19, in <module>
    from .models import Restaurant, RestaurantImage
  File "/app/restaurants/models.py", line 998, in <module>
    class RestaurantReview(BaseModel):
  File "/app/restaurants/models.py", line 1017, in RestaurantReview
    default=ReviewStatus.PUBLISHED,
            ^^^^^^^^^^^^^^^^^^^^^^
  File "/usr/local/lib/python3.11/enum.py", line 786, in __getattr__
    raise AttributeError(name) from None
AttributeError: PUBLISHED
ERROR 2025-08-02 05:57:16,281 signal 1 281472960458784 Signal handler <promise@0xffff848de670 --> <bound method Celery._autodiscover_tasks of <Celery portfolio_project at 0xffff848da1d0>>> raised: AttributeError('PUBLISHED')
Traceback (most recent call last):
  File "/usr/local/lib/python3.11/site-packages/celery/utils/dispatch/signal.py", line 276, in send
    response = receiver(signal=self, sender=sender, **named)
               ^^^^^^^^^^^^^^^^^^^^^^^^^^^^^^^^^^^^^^^^^^^^^
  File "/usr/local/lib/python3.11/site-packages/vine/promises.py", line 161, in __call__
    return self.throw()
           ^^^^^^^^^^^^
  File "/usr/local/lib/python3.11/site-packages/vine/promises.py", line 158, in __call__
    retval = fun(*final_args, **final_kwargs)
             ^^^^^^^^^^^^^^^^^^^^^^^^^^^^^^^^
  File "/usr/local/lib/python3.11/site-packages/celery/app/base.py", line 691, in _autodiscover_tasks
    return self._autodiscover_tasks_from_fixups(related_name)
           ^^^^^^^^^^^^^^^^^^^^^^^^^^^^^^^^^^^^^^^^^^^^^^^^^^
  File "/usr/local/lib/python3.11/site-packages/celery/app/base.py", line 700, in _autodiscover_tasks_from_fixups
    return self._autodiscover_tasks_from_names([
           ^^^^^^^^^^^^^^^^^^^^^^^^^^^^^^^^^^^^^
  File "/usr/local/lib/python3.11/site-packages/celery/app/base.py", line 695, in _autodiscover_tasks_from_names
    return self.loader.autodiscover_tasks(
           ^^^^^^^^^^^^^^^^^^^^^^^^^^^^^^^
  File "/usr/local/lib/python3.11/site-packages/celery/loaders/base.py", line 220, in autodiscover_tasks
    mod.__name__ for mod in autodiscover_tasks(packages or (),
                            ^^^^^^^^^^^^^^^^^^^^^^^^^^^^^^^^^^
  File "/usr/local/lib/python3.11/site-packages/celery/loaders/base.py", line 246, in autodiscover_tasks
    return [find_related_module(pkg, related_name) for pkg in packages]
           ^^^^^^^^^^^^^^^^^^^^^^^^^^^^^^^^^^^^^^^^^^^^^^^^^^^^^^^^^^^^
  File "/usr/local/lib/python3.11/site-packages/celery/loaders/base.py", line 246, in <listcomp>
    return [find_related_module(pkg, related_name) for pkg in packages]
            ^^^^^^^^^^^^^^^^^^^^^^^^^^^^^^^^^^^^^^
  File "/usr/local/lib/python3.11/site-packages/celery/loaders/base.py", line 267, in find_related_module
    return importlib.import_module(module_name)
           ^^^^^^^^^^^^^^^^^^^^^^^^^^^^^^^^^^^^
  File "/usr/local/lib/python3.11/importlib/__init__.py", line 126, in import_module
    return _bootstrap._gcd_import(name[level:], package, level)
           ^^^^^^^^^^^^^^^^^^^^^^^^^^^^^^^^^^^^^^^^^^^^^^^^^^^^
  File "<frozen importlib._bootstrap>", line 1204, in _gcd_import
  File "<frozen importlib._bootstrap>", line 1176, in _find_and_load
  File "<frozen importlib._bootstrap>", line 1147, in _find_and_load_unlocked
  File "<frozen importlib._bootstrap>", line 690, in _load_unlocked
  File "<frozen importlib._bootstrap_external>", line 940, in exec_module
  File "<frozen importlib._bootstrap>", line 241, in _call_with_frames_removed
  File "/app/restaurants/tasks.py", line 19, in <module>
    from .models import Restaurant, RestaurantImage
  File "/app/restaurants/models.py", line 998, in <module>
    class RestaurantReview(BaseModel):
  File "/app/restaurants/models.py", line 1017, in RestaurantReview
    default=ReviewStatus.PUBLISHED,
            ^^^^^^^^^^^^^^^^^^^^^^
  File "/usr/local/lib/python3.11/enum.py", line 786, in __getattr__
    raise AttributeError(name) from None
AttributeError: PUBLISHED
ERROR 2025-08-02 05:57:23,491 signal 1 281472828637216 Signal handler <bound method DjangoFixup.on_import_modules of <celery.fixups.django.DjangoFixup object at 0xffff7c9c81d0>> raised: AttributeError('PUBLISHED')
Traceback (most recent call last):
  File "/usr/local/lib/python3.11/site-packages/celery/utils/dispatch/signal.py", line 276, in send
    response = receiver(signal=self, sender=sender, **named)
               ^^^^^^^^^^^^^^^^^^^^^^^^^^^^^^^^^^^^^^^^^^^^^
  File "/usr/local/lib/python3.11/site-packages/celery/fixups/django.py", line 97, in on_import_modules
    self.worker_fixup.validate_models()
  File "/usr/local/lib/python3.11/site-packages/celery/fixups/django.py", line 135, in validate_models
    self.django_setup()
  File "/usr/local/lib/python3.11/site-packages/celery/fixups/django.py", line 131, in django_setup
    django.setup()
  File "/usr/local/lib/python3.11/site-packages/django/__init__.py", line 24, in setup
    apps.populate(settings.INSTALLED_APPS)
  File "/usr/local/lib/python3.11/site-packages/django/apps/registry.py", line 116, in populate
    app_config.import_models()
  File "/usr/local/lib/python3.11/site-packages/django/apps/config.py", line 269, in import_models
    self.models_module = import_module(models_module_name)
                         ^^^^^^^^^^^^^^^^^^^^^^^^^^^^^^^^^
  File "/usr/local/lib/python3.11/importlib/__init__.py", line 126, in import_module
    return _bootstrap._gcd_import(name[level:], package, level)
           ^^^^^^^^^^^^^^^^^^^^^^^^^^^^^^^^^^^^^^^^^^^^^^^^^^^^
  File "<frozen importlib._bootstrap>", line 1204, in _gcd_import
  File "<frozen importlib._bootstrap>", line 1176, in _find_and_load
  File "<frozen importlib._bootstrap>", line 1147, in _find_and_load_unlocked
  File "<frozen importlib._bootstrap>", line 690, in _load_unlocked
  File "<frozen importlib._bootstrap_external>", line 940, in exec_module
  File "<frozen importlib._bootstrap>", line 241, in _call_with_frames_removed
  File "/app/restaurants/models.py", line 998, in <module>
    class RestaurantReview(BaseModel):
  File "/app/restaurants/models.py", line 1017, in RestaurantReview
    default=ReviewStatus.PUBLISHED,
            ^^^^^^^^^^^^^^^^^^^^^^
  File "/usr/local/lib/python3.11/enum.py", line 786, in __getattr__
    raise AttributeError(name) from None
AttributeError: PUBLISHED
ERROR 2025-08-02 05:57:23,496 signal 1 281473887141920 Signal handler <bound method DjangoFixup.on_import_modules of <celery.fixups.django.DjangoFixup object at 0xffffbbb58110>> raised: AttributeError('PUBLISHED')
Traceback (most recent call last):
  File "/usr/local/lib/python3.11/site-packages/celery/utils/dispatch/signal.py", line 276, in send
    response = receiver(signal=self, sender=sender, **named)
               ^^^^^^^^^^^^^^^^^^^^^^^^^^^^^^^^^^^^^^^^^^^^^
  File "/usr/local/lib/python3.11/site-packages/celery/fixups/django.py", line 97, in on_import_modules
    self.worker_fixup.validate_models()
  File "/usr/local/lib/python3.11/site-packages/celery/fixups/django.py", line 135, in validate_models
    self.django_setup()
  File "/usr/local/lib/python3.11/site-packages/celery/fixups/django.py", line 131, in django_setup
    django.setup()
  File "/usr/local/lib/python3.11/site-packages/django/__init__.py", line 24, in setup
    apps.populate(settings.INSTALLED_APPS)
  File "/usr/local/lib/python3.11/site-packages/django/apps/registry.py", line 116, in populate
    app_config.import_models()
  File "/usr/local/lib/python3.11/site-packages/django/apps/config.py", line 269, in import_models
    self.models_module = import_module(models_module_name)
                         ^^^^^^^^^^^^^^^^^^^^^^^^^^^^^^^^^
  File "/usr/local/lib/python3.11/importlib/__init__.py", line 126, in import_module
    return _bootstrap._gcd_import(name[level:], package, level)
           ^^^^^^^^^^^^^^^^^^^^^^^^^^^^^^^^^^^^^^^^^^^^^^^^^^^^
  File "<frozen importlib._bootstrap>", line 1204, in _gcd_import
  File "<frozen importlib._bootstrap>", line 1176, in _find_and_load
  File "<frozen importlib._bootstrap>", line 1147, in _find_and_load_unlocked
  File "<frozen importlib._bootstrap>", line 690, in _load_unlocked
  File "<frozen importlib._bootstrap_external>", line 940, in exec_module
  File "<frozen importlib._bootstrap>", line 241, in _call_with_frames_removed
  File "/app/restaurants/models.py", line 998, in <module>
    class RestaurantReview(BaseModel):
  File "/app/restaurants/models.py", line 1017, in RestaurantReview
    default=ReviewStatus.PUBLISHED,
            ^^^^^^^^^^^^^^^^^^^^^^
  File "/usr/local/lib/python3.11/enum.py", line 786, in __getattr__
    raise AttributeError(name) from None
AttributeError: PUBLISHED
ERROR 2025-08-02 05:57:23,503 signal 1 281472828637216 Signal handler <promise@0xffff7caa2670 --> <bound method Celery._autodiscover_tasks of <Celery portfolio_project at 0xffff7caf1fd0>>> raised: AttributeError('PUBLISHED')
Traceback (most recent call last):
  File "/usr/local/lib/python3.11/site-packages/celery/utils/dispatch/signal.py", line 276, in send
    response = receiver(signal=self, sender=sender, **named)
               ^^^^^^^^^^^^^^^^^^^^^^^^^^^^^^^^^^^^^^^^^^^^^
  File "/usr/local/lib/python3.11/site-packages/vine/promises.py", line 161, in __call__
    return self.throw()
           ^^^^^^^^^^^^
  File "/usr/local/lib/python3.11/site-packages/vine/promises.py", line 158, in __call__
    retval = fun(*final_args, **final_kwargs)
             ^^^^^^^^^^^^^^^^^^^^^^^^^^^^^^^^
  File "/usr/local/lib/python3.11/site-packages/celery/app/base.py", line 691, in _autodiscover_tasks
    return self._autodiscover_tasks_from_fixups(related_name)
           ^^^^^^^^^^^^^^^^^^^^^^^^^^^^^^^^^^^^^^^^^^^^^^^^^^
  File "/usr/local/lib/python3.11/site-packages/celery/app/base.py", line 700, in _autodiscover_tasks_from_fixups
    return self._autodiscover_tasks_from_names([
           ^^^^^^^^^^^^^^^^^^^^^^^^^^^^^^^^^^^^^
  File "/usr/local/lib/python3.11/site-packages/celery/app/base.py", line 695, in _autodiscover_tasks_from_names
    return self.loader.autodiscover_tasks(
           ^^^^^^^^^^^^^^^^^^^^^^^^^^^^^^^
  File "/usr/local/lib/python3.11/site-packages/celery/loaders/base.py", line 220, in autodiscover_tasks
    mod.__name__ for mod in autodiscover_tasks(packages or (),
                            ^^^^^^^^^^^^^^^^^^^^^^^^^^^^^^^^^^
  File "/usr/local/lib/python3.11/site-packages/celery/loaders/base.py", line 246, in autodiscover_tasks
    return [find_related_module(pkg, related_name) for pkg in packages]
           ^^^^^^^^^^^^^^^^^^^^^^^^^^^^^^^^^^^^^^^^^^^^^^^^^^^^^^^^^^^^
  File "/usr/local/lib/python3.11/site-packages/celery/loaders/base.py", line 246, in <listcomp>
    return [find_related_module(pkg, related_name) for pkg in packages]
            ^^^^^^^^^^^^^^^^^^^^^^^^^^^^^^^^^^^^^^
  File "/usr/local/lib/python3.11/site-packages/celery/loaders/base.py", line 267, in find_related_module
    return importlib.import_module(module_name)
           ^^^^^^^^^^^^^^^^^^^^^^^^^^^^^^^^^^^^
  File "/usr/local/lib/python3.11/importlib/__init__.py", line 126, in import_module
    return _bootstrap._gcd_import(name[level:], package, level)
           ^^^^^^^^^^^^^^^^^^^^^^^^^^^^^^^^^^^^^^^^^^^^^^^^^^^^
  File "<frozen importlib._bootstrap>", line 1204, in _gcd_import
  File "<frozen importlib._bootstrap>", line 1176, in _find_and_load
  File "<frozen importlib._bootstrap>", line 1147, in _find_and_load_unlocked
  File "<frozen importlib._bootstrap>", line 690, in _load_unlocked
  File "<frozen importlib._bootstrap_external>", line 940, in exec_module
  File "<frozen importlib._bootstrap>", line 241, in _call_with_frames_removed
  File "/app/restaurants/tasks.py", line 19, in <module>
    from .models import Restaurant, RestaurantImage
  File "/app/restaurants/models.py", line 998, in <module>
    class RestaurantReview(BaseModel):
  File "/app/restaurants/models.py", line 1017, in RestaurantReview
    default=ReviewStatus.PUBLISHED,
            ^^^^^^^^^^^^^^^^^^^^^^
  File "/usr/local/lib/python3.11/enum.py", line 786, in __getattr__
    raise AttributeError(name) from None
AttributeError: PUBLISHED
ERROR 2025-08-02 05:57:23,509 signal 1 281473887141920 Signal handler <promise@0xffffbbc66670 --> <bound method Celery._autodiscover_tasks of <Celery portfolio_project at 0xffffbbc51e10>>> raised: AttributeError('PUBLISHED')
Traceback (most recent call last):
  File "/usr/local/lib/python3.11/site-packages/celery/utils/dispatch/signal.py", line 276, in send
    response = receiver(signal=self, sender=sender, **named)
               ^^^^^^^^^^^^^^^^^^^^^^^^^^^^^^^^^^^^^^^^^^^^^
  File "/usr/local/lib/python3.11/site-packages/vine/promises.py", line 161, in __call__
    return self.throw()
           ^^^^^^^^^^^^
  File "/usr/local/lib/python3.11/site-packages/vine/promises.py", line 158, in __call__
    retval = fun(*final_args, **final_kwargs)
             ^^^^^^^^^^^^^^^^^^^^^^^^^^^^^^^^
  File "/usr/local/lib/python3.11/site-packages/celery/app/base.py", line 691, in _autodiscover_tasks
    return self._autodiscover_tasks_from_fixups(related_name)
           ^^^^^^^^^^^^^^^^^^^^^^^^^^^^^^^^^^^^^^^^^^^^^^^^^^
  File "/usr/local/lib/python3.11/site-packages/celery/app/base.py", line 700, in _autodiscover_tasks_from_fixups
    return self._autodiscover_tasks_from_names([
           ^^^^^^^^^^^^^^^^^^^^^^^^^^^^^^^^^^^^^
  File "/usr/local/lib/python3.11/site-packages/celery/app/base.py", line 695, in _autodiscover_tasks_from_names
    return self.loader.autodiscover_tasks(
           ^^^^^^^^^^^^^^^^^^^^^^^^^^^^^^^
  File "/usr/local/lib/python3.11/site-packages/celery/loaders/base.py", line 220, in autodiscover_tasks
    mod.__name__ for mod in autodiscover_tasks(packages or (),
                            ^^^^^^^^^^^^^^^^^^^^^^^^^^^^^^^^^^
  File "/usr/local/lib/python3.11/site-packages/celery/loaders/base.py", line 246, in autodiscover_tasks
    return [find_related_module(pkg, related_name) for pkg in packages]
           ^^^^^^^^^^^^^^^^^^^^^^^^^^^^^^^^^^^^^^^^^^^^^^^^^^^^^^^^^^^^
  File "/usr/local/lib/python3.11/site-packages/celery/loaders/base.py", line 246, in <listcomp>
    return [find_related_module(pkg, related_name) for pkg in packages]
            ^^^^^^^^^^^^^^^^^^^^^^^^^^^^^^^^^^^^^^
  File "/usr/local/lib/python3.11/site-packages/celery/loaders/base.py", line 267, in find_related_module
    return importlib.import_module(module_name)
           ^^^^^^^^^^^^^^^^^^^^^^^^^^^^^^^^^^^^
  File "/usr/local/lib/python3.11/importlib/__init__.py", line 126, in import_module
    return _bootstrap._gcd_import(name[level:], package, level)
           ^^^^^^^^^^^^^^^^^^^^^^^^^^^^^^^^^^^^^^^^^^^^^^^^^^^^
  File "<frozen importlib._bootstrap>", line 1204, in _gcd_import
  File "<frozen importlib._bootstrap>", line 1176, in _find_and_load
  File "<frozen importlib._bootstrap>", line 1147, in _find_and_load_unlocked
  File "<frozen importlib._bootstrap>", line 690, in _load_unlocked
  File "<frozen importlib._bootstrap_external>", line 940, in exec_module
  File "<frozen importlib._bootstrap>", line 241, in _call_with_frames_removed
  File "/app/restaurants/tasks.py", line 19, in <module>
    from .models import Restaurant, RestaurantImage
  File "/app/restaurants/models.py", line 998, in <module>
    class RestaurantReview(BaseModel):
  File "/app/restaurants/models.py", line 1017, in RestaurantReview
    default=ReviewStatus.PUBLISHED,
            ^^^^^^^^^^^^^^^^^^^^^^
  File "/usr/local/lib/python3.11/enum.py", line 786, in __getattr__
    raise AttributeError(name) from None
AttributeError: PUBLISHED
ERROR 2025-08-02 05:57:37,157 signal 1 281473289388064 Signal handler <bound method DjangoFixup.on_import_modules of <celery.fixups.django.DjangoFixup object at 0xffff98100350>> raised: AttributeError('PUBLISHED')
Traceback (most recent call last):
  File "/usr/local/lib/python3.11/site-packages/celery/utils/dispatch/signal.py", line 276, in send
    response = receiver(signal=self, sender=sender, **named)
               ^^^^^^^^^^^^^^^^^^^^^^^^^^^^^^^^^^^^^^^^^^^^^
  File "/usr/local/lib/python3.11/site-packages/celery/fixups/django.py", line 97, in on_import_modules
    self.worker_fixup.validate_models()
  File "/usr/local/lib/python3.11/site-packages/celery/fixups/django.py", line 135, in validate_models
    self.django_setup()
  File "/usr/local/lib/python3.11/site-packages/celery/fixups/django.py", line 131, in django_setup
    django.setup()
  File "/usr/local/lib/python3.11/site-packages/django/__init__.py", line 24, in setup
    apps.populate(settings.INSTALLED_APPS)
  File "/usr/local/lib/python3.11/site-packages/django/apps/registry.py", line 116, in populate
    app_config.import_models()
  File "/usr/local/lib/python3.11/site-packages/django/apps/config.py", line 269, in import_models
    self.models_module = import_module(models_module_name)
                         ^^^^^^^^^^^^^^^^^^^^^^^^^^^^^^^^^
  File "/usr/local/lib/python3.11/importlib/__init__.py", line 126, in import_module
    return _bootstrap._gcd_import(name[level:], package, level)
           ^^^^^^^^^^^^^^^^^^^^^^^^^^^^^^^^^^^^^^^^^^^^^^^^^^^^
  File "<frozen importlib._bootstrap>", line 1204, in _gcd_import
  File "<frozen importlib._bootstrap>", line 1176, in _find_and_load
  File "<frozen importlib._bootstrap>", line 1147, in _find_and_load_unlocked
  File "<frozen importlib._bootstrap>", line 690, in _load_unlocked
  File "<frozen importlib._bootstrap_external>", line 940, in exec_module
  File "<frozen importlib._bootstrap>", line 241, in _call_with_frames_removed
  File "/app/restaurants/models.py", line 998, in <module>
    class RestaurantReview(BaseModel):
  File "/app/restaurants/models.py", line 1017, in RestaurantReview
    default=ReviewStatus.PUBLISHED,
            ^^^^^^^^^^^^^^^^^^^^^^
  File "/usr/local/lib/python3.11/enum.py", line 786, in __getattr__
    raise AttributeError(name) from None
AttributeError: PUBLISHED
ERROR 2025-08-02 05:57:37,160 signal 1 281473844965408 Signal handler <bound method DjangoFixup.on_import_modules of <celery.fixups.django.DjangoFixup object at 0xffffb93305d0>> raised: AttributeError('PUBLISHED')
Traceback (most recent call last):
  File "/usr/local/lib/python3.11/site-packages/celery/utils/dispatch/signal.py", line 276, in send
    response = receiver(signal=self, sender=sender, **named)
               ^^^^^^^^^^^^^^^^^^^^^^^^^^^^^^^^^^^^^^^^^^^^^
  File "/usr/local/lib/python3.11/site-packages/celery/fixups/django.py", line 97, in on_import_modules
    self.worker_fixup.validate_models()
  File "/usr/local/lib/python3.11/site-packages/celery/fixups/django.py", line 135, in validate_models
    self.django_setup()
  File "/usr/local/lib/python3.11/site-packages/celery/fixups/django.py", line 131, in django_setup
    django.setup()
  File "/usr/local/lib/python3.11/site-packages/django/__init__.py", line 24, in setup
    apps.populate(settings.INSTALLED_APPS)
  File "/usr/local/lib/python3.11/site-packages/django/apps/registry.py", line 116, in populate
    app_config.import_models()
  File "/usr/local/lib/python3.11/site-packages/django/apps/config.py", line 269, in import_models
    self.models_module = import_module(models_module_name)
                         ^^^^^^^^^^^^^^^^^^^^^^^^^^^^^^^^^
  File "/usr/local/lib/python3.11/importlib/__init__.py", line 126, in import_module
    return _bootstrap._gcd_import(name[level:], package, level)
           ^^^^^^^^^^^^^^^^^^^^^^^^^^^^^^^^^^^^^^^^^^^^^^^^^^^^
  File "<frozen importlib._bootstrap>", line 1204, in _gcd_import
  File "<frozen importlib._bootstrap>", line 1176, in _find_and_load
  File "<frozen importlib._bootstrap>", line 1147, in _find_and_load_unlocked
  File "<frozen importlib._bootstrap>", line 690, in _load_unlocked
  File "<frozen importlib._bootstrap_external>", line 940, in exec_module
  File "<frozen importlib._bootstrap>", line 241, in _call_with_frames_removed
  File "/app/restaurants/models.py", line 998, in <module>
    class RestaurantReview(BaseModel):
  File "/app/restaurants/models.py", line 1017, in RestaurantReview
    default=ReviewStatus.PUBLISHED,
            ^^^^^^^^^^^^^^^^^^^^^^
  File "/usr/local/lib/python3.11/enum.py", line 786, in __getattr__
    raise AttributeError(name) from None
AttributeError: PUBLISHED
ERROR 2025-08-02 05:57:37,166 signal 1 281473289388064 Signal handler <promise@0xffff98226670 --> <bound method Celery._autodiscover_tasks of <Celery portfolio_project at 0xffff98222150>>> raised: AttributeError('PUBLISHED')
Traceback (most recent call last):
  File "/usr/local/lib/python3.11/site-packages/celery/utils/dispatch/signal.py", line 276, in send
    response = receiver(signal=self, sender=sender, **named)
               ^^^^^^^^^^^^^^^^^^^^^^^^^^^^^^^^^^^^^^^^^^^^^
  File "/usr/local/lib/python3.11/site-packages/vine/promises.py", line 161, in __call__
    return self.throw()
           ^^^^^^^^^^^^
  File "/usr/local/lib/python3.11/site-packages/vine/promises.py", line 158, in __call__
    retval = fun(*final_args, **final_kwargs)
             ^^^^^^^^^^^^^^^^^^^^^^^^^^^^^^^^
  File "/usr/local/lib/python3.11/site-packages/celery/app/base.py", line 691, in _autodiscover_tasks
    return self._autodiscover_tasks_from_fixups(related_name)
           ^^^^^^^^^^^^^^^^^^^^^^^^^^^^^^^^^^^^^^^^^^^^^^^^^^
  File "/usr/local/lib/python3.11/site-packages/celery/app/base.py", line 700, in _autodiscover_tasks_from_fixups
    return self._autodiscover_tasks_from_names([
           ^^^^^^^^^^^^^^^^^^^^^^^^^^^^^^^^^^^^^
  File "/usr/local/lib/python3.11/site-packages/celery/app/base.py", line 695, in _autodiscover_tasks_from_names
    return self.loader.autodiscover_tasks(
           ^^^^^^^^^^^^^^^^^^^^^^^^^^^^^^^
  File "/usr/local/lib/python3.11/site-packages/celery/loaders/base.py", line 220, in autodiscover_tasks
    mod.__name__ for mod in autodiscover_tasks(packages or (),
                            ^^^^^^^^^^^^^^^^^^^^^^^^^^^^^^^^^^
  File "/usr/local/lib/python3.11/site-packages/celery/loaders/base.py", line 246, in autodiscover_tasks
    return [find_related_module(pkg, related_name) for pkg in packages]
           ^^^^^^^^^^^^^^^^^^^^^^^^^^^^^^^^^^^^^^^^^^^^^^^^^^^^^^^^^^^^
  File "/usr/local/lib/python3.11/site-packages/celery/loaders/base.py", line 246, in <listcomp>
    return [find_related_module(pkg, related_name) for pkg in packages]
            ^^^^^^^^^^^^^^^^^^^^^^^^^^^^^^^^^^^^^^
  File "/usr/local/lib/python3.11/site-packages/celery/loaders/base.py", line 267, in find_related_module
    return importlib.import_module(module_name)
           ^^^^^^^^^^^^^^^^^^^^^^^^^^^^^^^^^^^^
  File "/usr/local/lib/python3.11/importlib/__init__.py", line 126, in import_module
    return _bootstrap._gcd_import(name[level:], package, level)
           ^^^^^^^^^^^^^^^^^^^^^^^^^^^^^^^^^^^^^^^^^^^^^^^^^^^^
  File "<frozen importlib._bootstrap>", line 1204, in _gcd_import
  File "<frozen importlib._bootstrap>", line 1176, in _find_and_load
  File "<frozen importlib._bootstrap>", line 1147, in _find_and_load_unlocked
  File "<frozen importlib._bootstrap>", line 690, in _load_unlocked
  File "<frozen importlib._bootstrap_external>", line 940, in exec_module
  File "<frozen importlib._bootstrap>", line 241, in _call_with_frames_removed
  File "/app/restaurants/tasks.py", line 19, in <module>
    from .models import Restaurant, RestaurantImage
  File "/app/restaurants/models.py", line 998, in <module>
    class RestaurantReview(BaseModel):
  File "/app/restaurants/models.py", line 1017, in RestaurantReview
    default=ReviewStatus.PUBLISHED,
            ^^^^^^^^^^^^^^^^^^^^^^
  File "/usr/local/lib/python3.11/enum.py", line 786, in __getattr__
    raise AttributeError(name) from None
AttributeError: PUBLISHED
ERROR 2025-08-02 05:57:37,173 signal 1 281473844965408 Signal handler <promise@0xffffb9416670 --> <bound method Celery._autodiscover_tasks of <Celery portfolio_project at 0xffffb940a390>>> raised: AttributeError('PUBLISHED')
Traceback (most recent call last):
  File "/usr/local/lib/python3.11/site-packages/celery/utils/dispatch/signal.py", line 276, in send
    response = receiver(signal=self, sender=sender, **named)
               ^^^^^^^^^^^^^^^^^^^^^^^^^^^^^^^^^^^^^^^^^^^^^
  File "/usr/local/lib/python3.11/site-packages/vine/promises.py", line 161, in __call__
    return self.throw()
           ^^^^^^^^^^^^
  File "/usr/local/lib/python3.11/site-packages/vine/promises.py", line 158, in __call__
    retval = fun(*final_args, **final_kwargs)
             ^^^^^^^^^^^^^^^^^^^^^^^^^^^^^^^^
  File "/usr/local/lib/python3.11/site-packages/celery/app/base.py", line 691, in _autodiscover_tasks
    return self._autodiscover_tasks_from_fixups(related_name)
           ^^^^^^^^^^^^^^^^^^^^^^^^^^^^^^^^^^^^^^^^^^^^^^^^^^
  File "/usr/local/lib/python3.11/site-packages/celery/app/base.py", line 700, in _autodiscover_tasks_from_fixups
    return self._autodiscover_tasks_from_names([
           ^^^^^^^^^^^^^^^^^^^^^^^^^^^^^^^^^^^^^
  File "/usr/local/lib/python3.11/site-packages/celery/app/base.py", line 695, in _autodiscover_tasks_from_names
    return self.loader.autodiscover_tasks(
           ^^^^^^^^^^^^^^^^^^^^^^^^^^^^^^^
  File "/usr/local/lib/python3.11/site-packages/celery/loaders/base.py", line 220, in autodiscover_tasks
    mod.__name__ for mod in autodiscover_tasks(packages or (),
                            ^^^^^^^^^^^^^^^^^^^^^^^^^^^^^^^^^^
  File "/usr/local/lib/python3.11/site-packages/celery/loaders/base.py", line 246, in autodiscover_tasks
    return [find_related_module(pkg, related_name) for pkg in packages]
           ^^^^^^^^^^^^^^^^^^^^^^^^^^^^^^^^^^^^^^^^^^^^^^^^^^^^^^^^^^^^
  File "/usr/local/lib/python3.11/site-packages/celery/loaders/base.py", line 246, in <listcomp>
    return [find_related_module(pkg, related_name) for pkg in packages]
            ^^^^^^^^^^^^^^^^^^^^^^^^^^^^^^^^^^^^^^
  File "/usr/local/lib/python3.11/site-packages/celery/loaders/base.py", line 267, in find_related_module
    return importlib.import_module(module_name)
           ^^^^^^^^^^^^^^^^^^^^^^^^^^^^^^^^^^^^
  File "/usr/local/lib/python3.11/importlib/__init__.py", line 126, in import_module
    return _bootstrap._gcd_import(name[level:], package, level)
           ^^^^^^^^^^^^^^^^^^^^^^^^^^^^^^^^^^^^^^^^^^^^^^^^^^^^
  File "<frozen importlib._bootstrap>", line 1204, in _gcd_import
  File "<frozen importlib._bootstrap>", line 1176, in _find_and_load
  File "<frozen importlib._bootstrap>", line 1147, in _find_and_load_unlocked
  File "<frozen importlib._bootstrap>", line 690, in _load_unlocked
  File "<frozen importlib._bootstrap_external>", line 940, in exec_module
  File "<frozen importlib._bootstrap>", line 241, in _call_with_frames_removed
  File "/app/restaurants/tasks.py", line 19, in <module>
    from .models import Restaurant, RestaurantImage
  File "/app/restaurants/models.py", line 998, in <module>
    class RestaurantReview(BaseModel):
  File "/app/restaurants/models.py", line 1017, in RestaurantReview
    default=ReviewStatus.PUBLISHED,
            ^^^^^^^^^^^^^^^^^^^^^^
  File "/usr/local/lib/python3.11/enum.py", line 786, in __getattr__
    raise AttributeError(name) from None
AttributeError: PUBLISHED
ERROR 2025-08-02 05:58:03,611 signal 1 281473262518304 Signal handler <bound method DjangoFixup.on_import_modules of <celery.fixups.django.DjangoFixup object at 0xffff967a41d0>> raised: AttributeError('PUBLISHED')
Traceback (most recent call last):
  File "/usr/local/lib/python3.11/site-packages/celery/utils/dispatch/signal.py", line 276, in send
    response = receiver(signal=self, sender=sender, **named)
               ^^^^^^^^^^^^^^^^^^^^^^^^^^^^^^^^^^^^^^^^^^^^^
  File "/usr/local/lib/python3.11/site-packages/celery/fixups/django.py", line 97, in on_import_modules
    self.worker_fixup.validate_models()
  File "/usr/local/lib/python3.11/site-packages/celery/fixups/django.py", line 135, in validate_models
    self.django_setup()
  File "/usr/local/lib/python3.11/site-packages/celery/fixups/django.py", line 131, in django_setup
    django.setup()
  File "/usr/local/lib/python3.11/site-packages/django/__init__.py", line 24, in setup
    apps.populate(settings.INSTALLED_APPS)
  File "/usr/local/lib/python3.11/site-packages/django/apps/registry.py", line 116, in populate
    app_config.import_models()
  File "/usr/local/lib/python3.11/site-packages/django/apps/config.py", line 269, in import_models
    self.models_module = import_module(models_module_name)
                         ^^^^^^^^^^^^^^^^^^^^^^^^^^^^^^^^^
  File "/usr/local/lib/python3.11/importlib/__init__.py", line 126, in import_module
    return _bootstrap._gcd_import(name[level:], package, level)
           ^^^^^^^^^^^^^^^^^^^^^^^^^^^^^^^^^^^^^^^^^^^^^^^^^^^^
  File "<frozen importlib._bootstrap>", line 1204, in _gcd_import
  File "<frozen importlib._bootstrap>", line 1176, in _find_and_load
  File "<frozen importlib._bootstrap>", line 1147, in _find_and_load_unlocked
  File "<frozen importlib._bootstrap>", line 690, in _load_unlocked
  File "<frozen importlib._bootstrap_external>", line 940, in exec_module
  File "<frozen importlib._bootstrap>", line 241, in _call_with_frames_removed
  File "/app/restaurants/models.py", line 998, in <module>
    class RestaurantReview(BaseModel):
  File "/app/restaurants/models.py", line 1017, in RestaurantReview
    default=ReviewStatus.PUBLISHED,
            ^^^^^^^^^^^^^^^^^^^^^^
  File "/usr/local/lib/python3.11/enum.py", line 786, in __getattr__
    raise AttributeError(name) from None
AttributeError: PUBLISHED
ERROR 2025-08-02 05:58:03,620 signal 1 281473334394912 Signal handler <bound method DjangoFixup.on_import_modules of <celery.fixups.django.DjangoFixup object at 0xffff9ac30490>> raised: AttributeError('PUBLISHED')
Traceback (most recent call last):
  File "/usr/local/lib/python3.11/site-packages/celery/utils/dispatch/signal.py", line 276, in send
    response = receiver(signal=self, sender=sender, **named)
               ^^^^^^^^^^^^^^^^^^^^^^^^^^^^^^^^^^^^^^^^^^^^^
  File "/usr/local/lib/python3.11/site-packages/celery/fixups/django.py", line 97, in on_import_modules
    self.worker_fixup.validate_models()
  File "/usr/local/lib/python3.11/site-packages/celery/fixups/django.py", line 135, in validate_models
    self.django_setup()
  File "/usr/local/lib/python3.11/site-packages/celery/fixups/django.py", line 131, in django_setup
    django.setup()
  File "/usr/local/lib/python3.11/site-packages/django/__init__.py", line 24, in setup
    apps.populate(settings.INSTALLED_APPS)
  File "/usr/local/lib/python3.11/site-packages/django/apps/registry.py", line 116, in populate
    app_config.import_models()
  File "/usr/local/lib/python3.11/site-packages/django/apps/config.py", line 269, in import_models
    self.models_module = import_module(models_module_name)
                         ^^^^^^^^^^^^^^^^^^^^^^^^^^^^^^^^^
  File "/usr/local/lib/python3.11/importlib/__init__.py", line 126, in import_module
    return _bootstrap._gcd_import(name[level:], package, level)
           ^^^^^^^^^^^^^^^^^^^^^^^^^^^^^^^^^^^^^^^^^^^^^^^^^^^^
  File "<frozen importlib._bootstrap>", line 1204, in _gcd_import
  File "<frozen importlib._bootstrap>", line 1176, in _find_and_load
  File "<frozen importlib._bootstrap>", line 1147, in _find_and_load_unlocked
  File "<frozen importlib._bootstrap>", line 690, in _load_unlocked
  File "<frozen importlib._bootstrap_external>", line 940, in exec_module
  File "<frozen importlib._bootstrap>", line 241, in _call_with_frames_removed
  File "/app/restaurants/models.py", line 998, in <module>
    class RestaurantReview(BaseModel):
  File "/app/restaurants/models.py", line 1017, in RestaurantReview
    default=ReviewStatus.PUBLISHED,
            ^^^^^^^^^^^^^^^^^^^^^^
  File "/usr/local/lib/python3.11/enum.py", line 786, in __getattr__
    raise AttributeError(name) from None
AttributeError: PUBLISHED
ERROR 2025-08-02 05:58:03,621 signal 1 281473262518304 Signal handler <promise@0xffff968ce670 --> <bound method Celery._autodiscover_tasks of <Celery portfolio_project at 0xffff968c9f50>>> raised: AttributeError('PUBLISHED')
Traceback (most recent call last):
  File "/usr/local/lib/python3.11/site-packages/celery/utils/dispatch/signal.py", line 276, in send
    response = receiver(signal=self, sender=sender, **named)
               ^^^^^^^^^^^^^^^^^^^^^^^^^^^^^^^^^^^^^^^^^^^^^
  File "/usr/local/lib/python3.11/site-packages/vine/promises.py", line 161, in __call__
    return self.throw()
           ^^^^^^^^^^^^
  File "/usr/local/lib/python3.11/site-packages/vine/promises.py", line 158, in __call__
    retval = fun(*final_args, **final_kwargs)
             ^^^^^^^^^^^^^^^^^^^^^^^^^^^^^^^^
  File "/usr/local/lib/python3.11/site-packages/celery/app/base.py", line 691, in _autodiscover_tasks
    return self._autodiscover_tasks_from_fixups(related_name)
           ^^^^^^^^^^^^^^^^^^^^^^^^^^^^^^^^^^^^^^^^^^^^^^^^^^
  File "/usr/local/lib/python3.11/site-packages/celery/app/base.py", line 700, in _autodiscover_tasks_from_fixups
    return self._autodiscover_tasks_from_names([
           ^^^^^^^^^^^^^^^^^^^^^^^^^^^^^^^^^^^^^
  File "/usr/local/lib/python3.11/site-packages/celery/app/base.py", line 695, in _autodiscover_tasks_from_names
    return self.loader.autodiscover_tasks(
           ^^^^^^^^^^^^^^^^^^^^^^^^^^^^^^^
  File "/usr/local/lib/python3.11/site-packages/celery/loaders/base.py", line 220, in autodiscover_tasks
    mod.__name__ for mod in autodiscover_tasks(packages or (),
                            ^^^^^^^^^^^^^^^^^^^^^^^^^^^^^^^^^^
  File "/usr/local/lib/python3.11/site-packages/celery/loaders/base.py", line 246, in autodiscover_tasks
    return [find_related_module(pkg, related_name) for pkg in packages]
           ^^^^^^^^^^^^^^^^^^^^^^^^^^^^^^^^^^^^^^^^^^^^^^^^^^^^^^^^^^^^
  File "/usr/local/lib/python3.11/site-packages/celery/loaders/base.py", line 246, in <listcomp>
    return [find_related_module(pkg, related_name) for pkg in packages]
            ^^^^^^^^^^^^^^^^^^^^^^^^^^^^^^^^^^^^^^
  File "/usr/local/lib/python3.11/site-packages/celery/loaders/base.py", line 267, in find_related_module
    return importlib.import_module(module_name)
           ^^^^^^^^^^^^^^^^^^^^^^^^^^^^^^^^^^^^
  File "/usr/local/lib/python3.11/importlib/__init__.py", line 126, in import_module
    return _bootstrap._gcd_import(name[level:], package, level)
           ^^^^^^^^^^^^^^^^^^^^^^^^^^^^^^^^^^^^^^^^^^^^^^^^^^^^
  File "<frozen importlib._bootstrap>", line 1204, in _gcd_import
  File "<frozen importlib._bootstrap>", line 1176, in _find_and_load
  File "<frozen importlib._bootstrap>", line 1147, in _find_and_load_unlocked
  File "<frozen importlib._bootstrap>", line 690, in _load_unlocked
  File "<frozen importlib._bootstrap_external>", line 940, in exec_module
  File "<frozen importlib._bootstrap>", line 241, in _call_with_frames_removed
  File "/app/restaurants/tasks.py", line 19, in <module>
    from .models import Restaurant, RestaurantImage
  File "/app/restaurants/models.py", line 998, in <module>
    class RestaurantReview(BaseModel):
  File "/app/restaurants/models.py", line 1017, in RestaurantReview
    default=ReviewStatus.PUBLISHED,
            ^^^^^^^^^^^^^^^^^^^^^^
  File "/usr/local/lib/python3.11/enum.py", line 786, in __getattr__
    raise AttributeError(name) from None
AttributeError: PUBLISHED
ERROR 2025-08-02 05:58:03,632 signal 1 281473334394912 Signal handler <promise@0xffff9ad16670 --> <bound method Celery._autodiscover_tasks of <Celery portfolio_project at 0xffff9ad0a1d0>>> raised: AttributeError('PUBLISHED')
Traceback (most recent call last):
  File "/usr/local/lib/python3.11/site-packages/celery/utils/dispatch/signal.py", line 276, in send
    response = receiver(signal=self, sender=sender, **named)
               ^^^^^^^^^^^^^^^^^^^^^^^^^^^^^^^^^^^^^^^^^^^^^
  File "/usr/local/lib/python3.11/site-packages/vine/promises.py", line 161, in __call__
    return self.throw()
           ^^^^^^^^^^^^
  File "/usr/local/lib/python3.11/site-packages/vine/promises.py", line 158, in __call__
    retval = fun(*final_args, **final_kwargs)
             ^^^^^^^^^^^^^^^^^^^^^^^^^^^^^^^^
  File "/usr/local/lib/python3.11/site-packages/celery/app/base.py", line 691, in _autodiscover_tasks
    return self._autodiscover_tasks_from_fixups(related_name)
           ^^^^^^^^^^^^^^^^^^^^^^^^^^^^^^^^^^^^^^^^^^^^^^^^^^
  File "/usr/local/lib/python3.11/site-packages/celery/app/base.py", line 700, in _autodiscover_tasks_from_fixups
    return self._autodiscover_tasks_from_names([
           ^^^^^^^^^^^^^^^^^^^^^^^^^^^^^^^^^^^^^
  File "/usr/local/lib/python3.11/site-packages/celery/app/base.py", line 695, in _autodiscover_tasks_from_names
    return self.loader.autodiscover_tasks(
           ^^^^^^^^^^^^^^^^^^^^^^^^^^^^^^^
  File "/usr/local/lib/python3.11/site-packages/celery/loaders/base.py", line 220, in autodiscover_tasks
    mod.__name__ for mod in autodiscover_tasks(packages or (),
                            ^^^^^^^^^^^^^^^^^^^^^^^^^^^^^^^^^^
  File "/usr/local/lib/python3.11/site-packages/celery/loaders/base.py", line 246, in autodiscover_tasks
    return [find_related_module(pkg, related_name) for pkg in packages]
           ^^^^^^^^^^^^^^^^^^^^^^^^^^^^^^^^^^^^^^^^^^^^^^^^^^^^^^^^^^^^
  File "/usr/local/lib/python3.11/site-packages/celery/loaders/base.py", line 246, in <listcomp>
    return [find_related_module(pkg, related_name) for pkg in packages]
            ^^^^^^^^^^^^^^^^^^^^^^^^^^^^^^^^^^^^^^
  File "/usr/local/lib/python3.11/site-packages/celery/loaders/base.py", line 267, in find_related_module
    return importlib.import_module(module_name)
           ^^^^^^^^^^^^^^^^^^^^^^^^^^^^^^^^^^^^
  File "/usr/local/lib/python3.11/importlib/__init__.py", line 126, in import_module
    return _bootstrap._gcd_import(name[level:], package, level)
           ^^^^^^^^^^^^^^^^^^^^^^^^^^^^^^^^^^^^^^^^^^^^^^^^^^^^
  File "<frozen importlib._bootstrap>", line 1204, in _gcd_import
  File "<frozen importlib._bootstrap>", line 1176, in _find_and_load
  File "<frozen importlib._bootstrap>", line 1147, in _find_and_load_unlocked
  File "<frozen importlib._bootstrap>", line 690, in _load_unlocked
  File "<frozen importlib._bootstrap_external>", line 940, in exec_module
  File "<frozen importlib._bootstrap>", line 241, in _call_with_frames_removed
  File "/app/restaurants/tasks.py", line 19, in <module>
    from .models import Restaurant, RestaurantImage
  File "/app/restaurants/models.py", line 998, in <module>
    class RestaurantReview(BaseModel):
  File "/app/restaurants/models.py", line 1017, in RestaurantReview
    default=ReviewStatus.PUBLISHED,
            ^^^^^^^^^^^^^^^^^^^^^^
  File "/usr/local/lib/python3.11/enum.py", line 786, in __getattr__
    raise AttributeError(name) from None
AttributeError: PUBLISHED
ERROR 2025-08-02 05:58:55,628 signal 1 281473865445408 Signal handler <bound method DjangoFixup.on_import_modules of <celery.fixups.django.DjangoFixup object at 0xffffba6b8790>> raised: AttributeError('PUBLISHED')
Traceback (most recent call last):
  File "/usr/local/lib/python3.11/site-packages/celery/utils/dispatch/signal.py", line 276, in send
    response = receiver(signal=self, sender=sender, **named)
               ^^^^^^^^^^^^^^^^^^^^^^^^^^^^^^^^^^^^^^^^^^^^^
  File "/usr/local/lib/python3.11/site-packages/celery/fixups/django.py", line 97, in on_import_modules
    self.worker_fixup.validate_models()
  File "/usr/local/lib/python3.11/site-packages/celery/fixups/django.py", line 135, in validate_models
    self.django_setup()
  File "/usr/local/lib/python3.11/site-packages/celery/fixups/django.py", line 131, in django_setup
    django.setup()
  File "/usr/local/lib/python3.11/site-packages/django/__init__.py", line 24, in setup
    apps.populate(settings.INSTALLED_APPS)
  File "/usr/local/lib/python3.11/site-packages/django/apps/registry.py", line 116, in populate
    app_config.import_models()
  File "/usr/local/lib/python3.11/site-packages/django/apps/config.py", line 269, in import_models
    self.models_module = import_module(models_module_name)
                         ^^^^^^^^^^^^^^^^^^^^^^^^^^^^^^^^^
  File "/usr/local/lib/python3.11/importlib/__init__.py", line 126, in import_module
    return _bootstrap._gcd_import(name[level:], package, level)
           ^^^^^^^^^^^^^^^^^^^^^^^^^^^^^^^^^^^^^^^^^^^^^^^^^^^^
  File "<frozen importlib._bootstrap>", line 1204, in _gcd_import
  File "<frozen importlib._bootstrap>", line 1176, in _find_and_load
  File "<frozen importlib._bootstrap>", line 1147, in _find_and_load_unlocked
  File "<frozen importlib._bootstrap>", line 690, in _load_unlocked
  File "<frozen importlib._bootstrap_external>", line 940, in exec_module
  File "<frozen importlib._bootstrap>", line 241, in _call_with_frames_removed
  File "/app/restaurants/models.py", line 998, in <module>
    class RestaurantReview(BaseModel):
  File "/app/restaurants/models.py", line 1017, in RestaurantReview
    default=ReviewStatus.PUBLISHED,
            ^^^^^^^^^^^^^^^^^^^^^^
  File "/usr/local/lib/python3.11/enum.py", line 786, in __getattr__
    raise AttributeError(name) from None
AttributeError: PUBLISHED
ERROR 2025-08-02 05:58:55,632 signal 1 281473212805152 Signal handler <bound method DjangoFixup.on_import_modules of <celery.fixups.django.DjangoFixup object at 0xffff938646d0>> raised: AttributeError('PUBLISHED')
Traceback (most recent call last):
  File "/usr/local/lib/python3.11/site-packages/celery/utils/dispatch/signal.py", line 276, in send
    response = receiver(signal=self, sender=sender, **named)
               ^^^^^^^^^^^^^^^^^^^^^^^^^^^^^^^^^^^^^^^^^^^^^
  File "/usr/local/lib/python3.11/site-packages/celery/fixups/django.py", line 97, in on_import_modules
    self.worker_fixup.validate_models()
  File "/usr/local/lib/python3.11/site-packages/celery/fixups/django.py", line 135, in validate_models
    self.django_setup()
  File "/usr/local/lib/python3.11/site-packages/celery/fixups/django.py", line 131, in django_setup
    django.setup()
  File "/usr/local/lib/python3.11/site-packages/django/__init__.py", line 24, in setup
    apps.populate(settings.INSTALLED_APPS)
  File "/usr/local/lib/python3.11/site-packages/django/apps/registry.py", line 116, in populate
    app_config.import_models()
  File "/usr/local/lib/python3.11/site-packages/django/apps/config.py", line 269, in import_models
    self.models_module = import_module(models_module_name)
                         ^^^^^^^^^^^^^^^^^^^^^^^^^^^^^^^^^
  File "/usr/local/lib/python3.11/importlib/__init__.py", line 126, in import_module
    return _bootstrap._gcd_import(name[level:], package, level)
           ^^^^^^^^^^^^^^^^^^^^^^^^^^^^^^^^^^^^^^^^^^^^^^^^^^^^
  File "<frozen importlib._bootstrap>", line 1204, in _gcd_import
  File "<frozen importlib._bootstrap>", line 1176, in _find_and_load
  File "<frozen importlib._bootstrap>", line 1147, in _find_and_load_unlocked
  File "<frozen importlib._bootstrap>", line 690, in _load_unlocked
  File "<frozen importlib._bootstrap_external>", line 940, in exec_module
  File "<frozen importlib._bootstrap>", line 241, in _call_with_frames_removed
  File "/app/restaurants/models.py", line 998, in <module>
    class RestaurantReview(BaseModel):
  File "/app/restaurants/models.py", line 1017, in RestaurantReview
    default=ReviewStatus.PUBLISHED,
            ^^^^^^^^^^^^^^^^^^^^^^
  File "/usr/local/lib/python3.11/enum.py", line 786, in __getattr__
    raise AttributeError(name) from None
AttributeError: PUBLISHED
ERROR 2025-08-02 05:58:55,638 signal 1 281473865445408 Signal handler <promise@0xffffba792670 --> <bound method Celery._autodiscover_tasks of <Celery portfolio_project at 0xffffba7e2550>>> raised: AttributeError('PUBLISHED')
Traceback (most recent call last):
  File "/usr/local/lib/python3.11/site-packages/celery/utils/dispatch/signal.py", line 276, in send
    response = receiver(signal=self, sender=sender, **named)
               ^^^^^^^^^^^^^^^^^^^^^^^^^^^^^^^^^^^^^^^^^^^^^
  File "/usr/local/lib/python3.11/site-packages/vine/promises.py", line 161, in __call__
    return self.throw()
           ^^^^^^^^^^^^
  File "/usr/local/lib/python3.11/site-packages/vine/promises.py", line 158, in __call__
    retval = fun(*final_args, **final_kwargs)
             ^^^^^^^^^^^^^^^^^^^^^^^^^^^^^^^^
  File "/usr/local/lib/python3.11/site-packages/celery/app/base.py", line 691, in _autodiscover_tasks
    return self._autodiscover_tasks_from_fixups(related_name)
           ^^^^^^^^^^^^^^^^^^^^^^^^^^^^^^^^^^^^^^^^^^^^^^^^^^
  File "/usr/local/lib/python3.11/site-packages/celery/app/base.py", line 700, in _autodiscover_tasks_from_fixups
    return self._autodiscover_tasks_from_names([
           ^^^^^^^^^^^^^^^^^^^^^^^^^^^^^^^^^^^^^
  File "/usr/local/lib/python3.11/site-packages/celery/app/base.py", line 695, in _autodiscover_tasks_from_names
    return self.loader.autodiscover_tasks(
           ^^^^^^^^^^^^^^^^^^^^^^^^^^^^^^^
  File "/usr/local/lib/python3.11/site-packages/celery/loaders/base.py", line 220, in autodiscover_tasks
    mod.__name__ for mod in autodiscover_tasks(packages or (),
                            ^^^^^^^^^^^^^^^^^^^^^^^^^^^^^^^^^^
  File "/usr/local/lib/python3.11/site-packages/celery/loaders/base.py", line 246, in autodiscover_tasks
    return [find_related_module(pkg, related_name) for pkg in packages]
           ^^^^^^^^^^^^^^^^^^^^^^^^^^^^^^^^^^^^^^^^^^^^^^^^^^^^^^^^^^^^
  File "/usr/local/lib/python3.11/site-packages/celery/loaders/base.py", line 246, in <listcomp>
    return [find_related_module(pkg, related_name) for pkg in packages]
            ^^^^^^^^^^^^^^^^^^^^^^^^^^^^^^^^^^^^^^
  File "/usr/local/lib/python3.11/site-packages/celery/loaders/base.py", line 267, in find_related_module
    return importlib.import_module(module_name)
           ^^^^^^^^^^^^^^^^^^^^^^^^^^^^^^^^^^^^
  File "/usr/local/lib/python3.11/importlib/__init__.py", line 126, in import_module
    return _bootstrap._gcd_import(name[level:], package, level)
           ^^^^^^^^^^^^^^^^^^^^^^^^^^^^^^^^^^^^^^^^^^^^^^^^^^^^
  File "<frozen importlib._bootstrap>", line 1204, in _gcd_import
  File "<frozen importlib._bootstrap>", line 1176, in _find_and_load
  File "<frozen importlib._bootstrap>", line 1147, in _find_and_load_unlocked
  File "<frozen importlib._bootstrap>", line 690, in _load_unlocked
  File "<frozen importlib._bootstrap_external>", line 940, in exec_module
  File "<frozen importlib._bootstrap>", line 241, in _call_with_frames_removed
  File "/app/restaurants/tasks.py", line 19, in <module>
    from .models import Restaurant, RestaurantImage
  File "/app/restaurants/models.py", line 998, in <module>
    class RestaurantReview(BaseModel):
  File "/app/restaurants/models.py", line 1017, in RestaurantReview
    default=ReviewStatus.PUBLISHED,
            ^^^^^^^^^^^^^^^^^^^^^^
  File "/usr/local/lib/python3.11/enum.py", line 786, in __getattr__
    raise AttributeError(name) from None
AttributeError: PUBLISHED
ERROR 2025-08-02 05:58:55,643 signal 1 281473212805152 Signal handler <promise@0xffff9398e670 --> <bound method Celery._autodiscover_tasks of <Celery portfolio_project at 0xffff939864d0>>> raised: AttributeError('PUBLISHED')
Traceback (most recent call last):
  File "/usr/local/lib/python3.11/site-packages/celery/utils/dispatch/signal.py", line 276, in send
    response = receiver(signal=self, sender=sender, **named)
               ^^^^^^^^^^^^^^^^^^^^^^^^^^^^^^^^^^^^^^^^^^^^^
  File "/usr/local/lib/python3.11/site-packages/vine/promises.py", line 161, in __call__
    return self.throw()
           ^^^^^^^^^^^^
  File "/usr/local/lib/python3.11/site-packages/vine/promises.py", line 158, in __call__
    retval = fun(*final_args, **final_kwargs)
             ^^^^^^^^^^^^^^^^^^^^^^^^^^^^^^^^
  File "/usr/local/lib/python3.11/site-packages/celery/app/base.py", line 691, in _autodiscover_tasks
    return self._autodiscover_tasks_from_fixups(related_name)
           ^^^^^^^^^^^^^^^^^^^^^^^^^^^^^^^^^^^^^^^^^^^^^^^^^^
  File "/usr/local/lib/python3.11/site-packages/celery/app/base.py", line 700, in _autodiscover_tasks_from_fixups
    return self._autodiscover_tasks_from_names([
           ^^^^^^^^^^^^^^^^^^^^^^^^^^^^^^^^^^^^^
  File "/usr/local/lib/python3.11/site-packages/celery/app/base.py", line 695, in _autodiscover_tasks_from_names
    return self.loader.autodiscover_tasks(
           ^^^^^^^^^^^^^^^^^^^^^^^^^^^^^^^
  File "/usr/local/lib/python3.11/site-packages/celery/loaders/base.py", line 220, in autodiscover_tasks
    mod.__name__ for mod in autodiscover_tasks(packages or (),
                            ^^^^^^^^^^^^^^^^^^^^^^^^^^^^^^^^^^
  File "/usr/local/lib/python3.11/site-packages/celery/loaders/base.py", line 246, in autodiscover_tasks
    return [find_related_module(pkg, related_name) for pkg in packages]
           ^^^^^^^^^^^^^^^^^^^^^^^^^^^^^^^^^^^^^^^^^^^^^^^^^^^^^^^^^^^^
  File "/usr/local/lib/python3.11/site-packages/celery/loaders/base.py", line 246, in <listcomp>
    return [find_related_module(pkg, related_name) for pkg in packages]
            ^^^^^^^^^^^^^^^^^^^^^^^^^^^^^^^^^^^^^^
  File "/usr/local/lib/python3.11/site-packages/celery/loaders/base.py", line 267, in find_related_module
    return importlib.import_module(module_name)
           ^^^^^^^^^^^^^^^^^^^^^^^^^^^^^^^^^^^^
  File "/usr/local/lib/python3.11/importlib/__init__.py", line 126, in import_module
    return _bootstrap._gcd_import(name[level:], package, level)
           ^^^^^^^^^^^^^^^^^^^^^^^^^^^^^^^^^^^^^^^^^^^^^^^^^^^^
  File "<frozen importlib._bootstrap>", line 1204, in _gcd_import
  File "<frozen importlib._bootstrap>", line 1176, in _find_and_load
  File "<frozen importlib._bootstrap>", line 1147, in _find_and_load_unlocked
  File "<frozen importlib._bootstrap>", line 690, in _load_unlocked
  File "<frozen importlib._bootstrap_external>", line 940, in exec_module
  File "<frozen importlib._bootstrap>", line 241, in _call_with_frames_removed
  File "/app/restaurants/tasks.py", line 19, in <module>
    from .models import Restaurant, RestaurantImage
  File "/app/restaurants/models.py", line 998, in <module>
    class RestaurantReview(BaseModel):
  File "/app/restaurants/models.py", line 1017, in RestaurantReview
    default=ReviewStatus.PUBLISHED,
            ^^^^^^^^^^^^^^^^^^^^^^
  File "/usr/local/lib/python3.11/enum.py", line 786, in __getattr__
    raise AttributeError(name) from None
AttributeError: PUBLISHED
ERROR 2025-08-02 05:59:56,440 signal 1 281473614663712 Signal handler <bound method DjangoFixup.on_import_modules of <celery.fixups.django.DjangoFixup object at 0xffffab754790>> raised: AttributeError('PUBLISHED')
Traceback (most recent call last):
  File "/usr/local/lib/python3.11/site-packages/celery/utils/dispatch/signal.py", line 276, in send
    response = receiver(signal=self, sender=sender, **named)
               ^^^^^^^^^^^^^^^^^^^^^^^^^^^^^^^^^^^^^^^^^^^^^
  File "/usr/local/lib/python3.11/site-packages/celery/fixups/django.py", line 97, in on_import_modules
    self.worker_fixup.validate_models()
  File "/usr/local/lib/python3.11/site-packages/celery/fixups/django.py", line 135, in validate_models
    self.django_setup()
  File "/usr/local/lib/python3.11/site-packages/celery/fixups/django.py", line 131, in django_setup
    django.setup()
  File "/usr/local/lib/python3.11/site-packages/django/__init__.py", line 24, in setup
    apps.populate(settings.INSTALLED_APPS)
  File "/usr/local/lib/python3.11/site-packages/django/apps/registry.py", line 116, in populate
    app_config.import_models()
  File "/usr/local/lib/python3.11/site-packages/django/apps/config.py", line 269, in import_models
    self.models_module = import_module(models_module_name)
                         ^^^^^^^^^^^^^^^^^^^^^^^^^^^^^^^^^
  File "/usr/local/lib/python3.11/importlib/__init__.py", line 126, in import_module
    return _bootstrap._gcd_import(name[level:], package, level)
           ^^^^^^^^^^^^^^^^^^^^^^^^^^^^^^^^^^^^^^^^^^^^^^^^^^^^
  File "<frozen importlib._bootstrap>", line 1204, in _gcd_import
  File "<frozen importlib._bootstrap>", line 1176, in _find_and_load
  File "<frozen importlib._bootstrap>", line 1147, in _find_and_load_unlocked
  File "<frozen importlib._bootstrap>", line 690, in _load_unlocked
  File "<frozen importlib._bootstrap_external>", line 940, in exec_module
  File "<frozen importlib._bootstrap>", line 241, in _call_with_frames_removed
  File "/app/restaurants/models.py", line 998, in <module>
    class RestaurantReview(BaseModel):
  File "/app/restaurants/models.py", line 1017, in RestaurantReview
    default=ReviewStatus.PUBLISHED,
            ^^^^^^^^^^^^^^^^^^^^^^
  File "/usr/local/lib/python3.11/enum.py", line 786, in __getattr__
    raise AttributeError(name) from None
AttributeError: PUBLISHED
ERROR 2025-08-02 05:59:56,440 signal 1 281473259782176 Signal handler <bound method DjangoFixup.on_import_modules of <celery.fixups.django.DjangoFixup object at 0xffff965043d0>> raised: AttributeError('PUBLISHED')
Traceback (most recent call last):
  File "/usr/local/lib/python3.11/site-packages/celery/utils/dispatch/signal.py", line 276, in send
    response = receiver(signal=self, sender=sender, **named)
               ^^^^^^^^^^^^^^^^^^^^^^^^^^^^^^^^^^^^^^^^^^^^^
  File "/usr/local/lib/python3.11/site-packages/celery/fixups/django.py", line 97, in on_import_modules
    self.worker_fixup.validate_models()
  File "/usr/local/lib/python3.11/site-packages/celery/fixups/django.py", line 135, in validate_models
    self.django_setup()
  File "/usr/local/lib/python3.11/site-packages/celery/fixups/django.py", line 131, in django_setup
    django.setup()
  File "/usr/local/lib/python3.11/site-packages/django/__init__.py", line 24, in setup
    apps.populate(settings.INSTALLED_APPS)
  File "/usr/local/lib/python3.11/site-packages/django/apps/registry.py", line 116, in populate
    app_config.import_models()
  File "/usr/local/lib/python3.11/site-packages/django/apps/config.py", line 269, in import_models
    self.models_module = import_module(models_module_name)
                         ^^^^^^^^^^^^^^^^^^^^^^^^^^^^^^^^^
  File "/usr/local/lib/python3.11/importlib/__init__.py", line 126, in import_module
    return _bootstrap._gcd_import(name[level:], package, level)
           ^^^^^^^^^^^^^^^^^^^^^^^^^^^^^^^^^^^^^^^^^^^^^^^^^^^^
  File "<frozen importlib._bootstrap>", line 1204, in _gcd_import
  File "<frozen importlib._bootstrap>", line 1176, in _find_and_load
  File "<frozen importlib._bootstrap>", line 1147, in _find_and_load_unlocked
  File "<frozen importlib._bootstrap>", line 690, in _load_unlocked
  File "<frozen importlib._bootstrap_external>", line 940, in exec_module
  File "<frozen importlib._bootstrap>", line 241, in _call_with_frames_removed
  File "/app/restaurants/models.py", line 998, in <module>
    class RestaurantReview(BaseModel):
  File "/app/restaurants/models.py", line 1017, in RestaurantReview
    default=ReviewStatus.PUBLISHED,
            ^^^^^^^^^^^^^^^^^^^^^^
  File "/usr/local/lib/python3.11/enum.py", line 786, in __getattr__
    raise AttributeError(name) from None
AttributeError: PUBLISHED
ERROR 2025-08-02 05:59:56,451 signal 1 281473614663712 Signal handler <promise@0xffffab87e670 --> <bound method Celery._autodiscover_tasks of <Celery portfolio_project at 0xffffab876590>>> raised: AttributeError('PUBLISHED')
Traceback (most recent call last):
  File "/usr/local/lib/python3.11/site-packages/celery/utils/dispatch/signal.py", line 276, in send
    response = receiver(signal=self, sender=sender, **named)
               ^^^^^^^^^^^^^^^^^^^^^^^^^^^^^^^^^^^^^^^^^^^^^
  File "/usr/local/lib/python3.11/site-packages/vine/promises.py", line 161, in __call__
    return self.throw()
           ^^^^^^^^^^^^
  File "/usr/local/lib/python3.11/site-packages/vine/promises.py", line 158, in __call__
    retval = fun(*final_args, **final_kwargs)
             ^^^^^^^^^^^^^^^^^^^^^^^^^^^^^^^^
  File "/usr/local/lib/python3.11/site-packages/celery/app/base.py", line 691, in _autodiscover_tasks
    return self._autodiscover_tasks_from_fixups(related_name)
           ^^^^^^^^^^^^^^^^^^^^^^^^^^^^^^^^^^^^^^^^^^^^^^^^^^
  File "/usr/local/lib/python3.11/site-packages/celery/app/base.py", line 700, in _autodiscover_tasks_from_fixups
    return self._autodiscover_tasks_from_names([
           ^^^^^^^^^^^^^^^^^^^^^^^^^^^^^^^^^^^^^
  File "/usr/local/lib/python3.11/site-packages/celery/app/base.py", line 695, in _autodiscover_tasks_from_names
    return self.loader.autodiscover_tasks(
           ^^^^^^^^^^^^^^^^^^^^^^^^^^^^^^^
  File "/usr/local/lib/python3.11/site-packages/celery/loaders/base.py", line 220, in autodiscover_tasks
    mod.__name__ for mod in autodiscover_tasks(packages or (),
                            ^^^^^^^^^^^^^^^^^^^^^^^^^^^^^^^^^^
  File "/usr/local/lib/python3.11/site-packages/celery/loaders/base.py", line 246, in autodiscover_tasks
    return [find_related_module(pkg, related_name) for pkg in packages]
           ^^^^^^^^^^^^^^^^^^^^^^^^^^^^^^^^^^^^^^^^^^^^^^^^^^^^^^^^^^^^
  File "/usr/local/lib/python3.11/site-packages/celery/loaders/base.py", line 246, in <listcomp>
    return [find_related_module(pkg, related_name) for pkg in packages]
            ^^^^^^^^^^^^^^^^^^^^^^^^^^^^^^^^^^^^^^
  File "/usr/local/lib/python3.11/site-packages/celery/loaders/base.py", line 267, in find_related_module
    return importlib.import_module(module_name)
           ^^^^^^^^^^^^^^^^^^^^^^^^^^^^^^^^^^^^
  File "/usr/local/lib/python3.11/importlib/__init__.py", line 126, in import_module
    return _bootstrap._gcd_import(name[level:], package, level)
           ^^^^^^^^^^^^^^^^^^^^^^^^^^^^^^^^^^^^^^^^^^^^^^^^^^^^
  File "<frozen importlib._bootstrap>", line 1204, in _gcd_import
  File "<frozen importlib._bootstrap>", line 1176, in _find_and_load
  File "<frozen importlib._bootstrap>", line 1147, in _find_and_load_unlocked
  File "<frozen importlib._bootstrap>", line 690, in _load_unlocked
  File "<frozen importlib._bootstrap_external>", line 940, in exec_module
  File "<frozen importlib._bootstrap>", line 241, in _call_with_frames_removed
  File "/app/restaurants/tasks.py", line 19, in <module>
    from .models import Restaurant, RestaurantImage
  File "/app/restaurants/models.py", line 998, in <module>
    class RestaurantReview(BaseModel):
  File "/app/restaurants/models.py", line 1017, in RestaurantReview
    default=ReviewStatus.PUBLISHED,
            ^^^^^^^^^^^^^^^^^^^^^^
  File "/usr/local/lib/python3.11/enum.py", line 786, in __getattr__
    raise AttributeError(name) from None
AttributeError: PUBLISHED
ERROR 2025-08-02 05:59:56,451 signal 1 281473259782176 Signal handler <promise@0xffff9662e670 --> <bound method Celery._autodiscover_tasks of <Celery portfolio_project at 0xffff9662a190>>> raised: AttributeError('PUBLISHED')
Traceback (most recent call last):
  File "/usr/local/lib/python3.11/site-packages/celery/utils/dispatch/signal.py", line 276, in send
    response = receiver(signal=self, sender=sender, **named)
               ^^^^^^^^^^^^^^^^^^^^^^^^^^^^^^^^^^^^^^^^^^^^^
  File "/usr/local/lib/python3.11/site-packages/vine/promises.py", line 161, in __call__
    return self.throw()
           ^^^^^^^^^^^^
  File "/usr/local/lib/python3.11/site-packages/vine/promises.py", line 158, in __call__
    retval = fun(*final_args, **final_kwargs)
             ^^^^^^^^^^^^^^^^^^^^^^^^^^^^^^^^
  File "/usr/local/lib/python3.11/site-packages/celery/app/base.py", line 691, in _autodiscover_tasks
    return self._autodiscover_tasks_from_fixups(related_name)
           ^^^^^^^^^^^^^^^^^^^^^^^^^^^^^^^^^^^^^^^^^^^^^^^^^^
  File "/usr/local/lib/python3.11/site-packages/celery/app/base.py", line 700, in _autodiscover_tasks_from_fixups
    return self._autodiscover_tasks_from_names([
           ^^^^^^^^^^^^^^^^^^^^^^^^^^^^^^^^^^^^^
  File "/usr/local/lib/python3.11/site-packages/celery/app/base.py", line 695, in _autodiscover_tasks_from_names
    return self.loader.autodiscover_tasks(
           ^^^^^^^^^^^^^^^^^^^^^^^^^^^^^^^
  File "/usr/local/lib/python3.11/site-packages/celery/loaders/base.py", line 220, in autodiscover_tasks
    mod.__name__ for mod in autodiscover_tasks(packages or (),
                            ^^^^^^^^^^^^^^^^^^^^^^^^^^^^^^^^^^
  File "/usr/local/lib/python3.11/site-packages/celery/loaders/base.py", line 246, in autodiscover_tasks
    return [find_related_module(pkg, related_name) for pkg in packages]
           ^^^^^^^^^^^^^^^^^^^^^^^^^^^^^^^^^^^^^^^^^^^^^^^^^^^^^^^^^^^^
  File "/usr/local/lib/python3.11/site-packages/celery/loaders/base.py", line 246, in <listcomp>
    return [find_related_module(pkg, related_name) for pkg in packages]
            ^^^^^^^^^^^^^^^^^^^^^^^^^^^^^^^^^^^^^^
  File "/usr/local/lib/python3.11/site-packages/celery/loaders/base.py", line 267, in find_related_module
    return importlib.import_module(module_name)
           ^^^^^^^^^^^^^^^^^^^^^^^^^^^^^^^^^^^^
  File "/usr/local/lib/python3.11/importlib/__init__.py", line 126, in import_module
    return _bootstrap._gcd_import(name[level:], package, level)
           ^^^^^^^^^^^^^^^^^^^^^^^^^^^^^^^^^^^^^^^^^^^^^^^^^^^^
  File "<frozen importlib._bootstrap>", line 1204, in _gcd_import
  File "<frozen importlib._bootstrap>", line 1176, in _find_and_load
  File "<frozen importlib._bootstrap>", line 1147, in _find_and_load_unlocked
  File "<frozen importlib._bootstrap>", line 690, in _load_unlocked
  File "<frozen importlib._bootstrap_external>", line 940, in exec_module
  File "<frozen importlib._bootstrap>", line 241, in _call_with_frames_removed
  File "/app/restaurants/tasks.py", line 19, in <module>
    from .models import Restaurant, RestaurantImage
  File "/app/restaurants/models.py", line 998, in <module>
    class RestaurantReview(BaseModel):
  File "/app/restaurants/models.py", line 1017, in RestaurantReview
    default=ReviewStatus.PUBLISHED,
            ^^^^^^^^^^^^^^^^^^^^^^
  File "/usr/local/lib/python3.11/enum.py", line 786, in __getattr__
    raise AttributeError(name) from None
AttributeError: PUBLISHED
ERROR 2025-08-02 06:00:55,658 signal 1 281473652555808 Signal handler <bound method DjangoFixup.on_import_modules of <celery.fixups.django.DjangoFixup object at 0xffffadbc4290>> raised: AttributeError('PUBLISHED')
Traceback (most recent call last):
  File "/usr/local/lib/python3.11/site-packages/celery/utils/dispatch/signal.py", line 276, in send
    response = receiver(signal=self, sender=sender, **named)
               ^^^^^^^^^^^^^^^^^^^^^^^^^^^^^^^^^^^^^^^^^^^^^
  File "/usr/local/lib/python3.11/site-packages/celery/fixups/django.py", line 97, in on_import_modules
    self.worker_fixup.validate_models()
  File "/usr/local/lib/python3.11/site-packages/celery/fixups/django.py", line 135, in validate_models
    self.django_setup()
  File "/usr/local/lib/python3.11/site-packages/celery/fixups/django.py", line 131, in django_setup
    django.setup()
  File "/usr/local/lib/python3.11/site-packages/django/__init__.py", line 24, in setup
    apps.populate(settings.INSTALLED_APPS)
  File "/usr/local/lib/python3.11/site-packages/django/apps/registry.py", line 116, in populate
    app_config.import_models()
  File "/usr/local/lib/python3.11/site-packages/django/apps/config.py", line 269, in import_models
    self.models_module = import_module(models_module_name)
                         ^^^^^^^^^^^^^^^^^^^^^^^^^^^^^^^^^
  File "/usr/local/lib/python3.11/importlib/__init__.py", line 126, in import_module
    return _bootstrap._gcd_import(name[level:], package, level)
           ^^^^^^^^^^^^^^^^^^^^^^^^^^^^^^^^^^^^^^^^^^^^^^^^^^^^
  File "<frozen importlib._bootstrap>", line 1204, in _gcd_import
  File "<frozen importlib._bootstrap>", line 1176, in _find_and_load
  File "<frozen importlib._bootstrap>", line 1147, in _find_and_load_unlocked
  File "<frozen importlib._bootstrap>", line 690, in _load_unlocked
  File "<frozen importlib._bootstrap_external>", line 940, in exec_module
  File "<frozen importlib._bootstrap>", line 241, in _call_with_frames_removed
  File "/app/restaurants/models.py", line 998, in <module>
    class RestaurantReview(BaseModel):
  File "/app/restaurants/models.py", line 1017, in RestaurantReview
    default=ReviewStatus.PUBLISHED,
            ^^^^^^^^^^^^^^^^^^^^^^
  File "/usr/local/lib/python3.11/enum.py", line 786, in __getattr__
    raise AttributeError(name) from None
AttributeError: PUBLISHED
ERROR 2025-08-02 06:00:55,659 signal 1 281473841778720 Signal handler <bound method DjangoFixup.on_import_modules of <celery.fixups.django.DjangoFixup object at 0xffffb8ffc1d0>> raised: AttributeError('PUBLISHED')
Traceback (most recent call last):
  File "/usr/local/lib/python3.11/site-packages/celery/utils/dispatch/signal.py", line 276, in send
    response = receiver(signal=self, sender=sender, **named)
               ^^^^^^^^^^^^^^^^^^^^^^^^^^^^^^^^^^^^^^^^^^^^^
  File "/usr/local/lib/python3.11/site-packages/celery/fixups/django.py", line 97, in on_import_modules
    self.worker_fixup.validate_models()
  File "/usr/local/lib/python3.11/site-packages/celery/fixups/django.py", line 135, in validate_models
    self.django_setup()
  File "/usr/local/lib/python3.11/site-packages/celery/fixups/django.py", line 131, in django_setup
    django.setup()
  File "/usr/local/lib/python3.11/site-packages/django/__init__.py", line 24, in setup
    apps.populate(settings.INSTALLED_APPS)
  File "/usr/local/lib/python3.11/site-packages/django/apps/registry.py", line 116, in populate
    app_config.import_models()
  File "/usr/local/lib/python3.11/site-packages/django/apps/config.py", line 269, in import_models
    self.models_module = import_module(models_module_name)
                         ^^^^^^^^^^^^^^^^^^^^^^^^^^^^^^^^^
  File "/usr/local/lib/python3.11/importlib/__init__.py", line 126, in import_module
    return _bootstrap._gcd_import(name[level:], package, level)
           ^^^^^^^^^^^^^^^^^^^^^^^^^^^^^^^^^^^^^^^^^^^^^^^^^^^^
  File "<frozen importlib._bootstrap>", line 1204, in _gcd_import
  File "<frozen importlib._bootstrap>", line 1176, in _find_and_load
  File "<frozen importlib._bootstrap>", line 1147, in _find_and_load_unlocked
  File "<frozen importlib._bootstrap>", line 690, in _load_unlocked
  File "<frozen importlib._bootstrap_external>", line 940, in exec_module
  File "<frozen importlib._bootstrap>", line 241, in _call_with_frames_removed
  File "/app/restaurants/models.py", line 998, in <module>
    class RestaurantReview(BaseModel):
  File "/app/restaurants/models.py", line 1017, in RestaurantReview
    default=ReviewStatus.PUBLISHED,
            ^^^^^^^^^^^^^^^^^^^^^^
  File "/usr/local/lib/python3.11/enum.py", line 786, in __getattr__
    raise AttributeError(name) from None
AttributeError: PUBLISHED
ERROR 2025-08-02 06:00:55,668 signal 1 281473652555808 Signal handler <promise@0xffffadcea670 --> <bound method Celery._autodiscover_tasks of <Celery portfolio_project at 0xffffadca9fd0>>> raised: AttributeError('PUBLISHED')
Traceback (most recent call last):
  File "/usr/local/lib/python3.11/site-packages/celery/utils/dispatch/signal.py", line 276, in send
    response = receiver(signal=self, sender=sender, **named)
               ^^^^^^^^^^^^^^^^^^^^^^^^^^^^^^^^^^^^^^^^^^^^^
  File "/usr/local/lib/python3.11/site-packages/vine/promises.py", line 161, in __call__
    return self.throw()
           ^^^^^^^^^^^^
  File "/usr/local/lib/python3.11/site-packages/vine/promises.py", line 158, in __call__
    retval = fun(*final_args, **final_kwargs)
             ^^^^^^^^^^^^^^^^^^^^^^^^^^^^^^^^
  File "/usr/local/lib/python3.11/site-packages/celery/app/base.py", line 691, in _autodiscover_tasks
    return self._autodiscover_tasks_from_fixups(related_name)
           ^^^^^^^^^^^^^^^^^^^^^^^^^^^^^^^^^^^^^^^^^^^^^^^^^^
  File "/usr/local/lib/python3.11/site-packages/celery/app/base.py", line 700, in _autodiscover_tasks_from_fixups
    return self._autodiscover_tasks_from_names([
           ^^^^^^^^^^^^^^^^^^^^^^^^^^^^^^^^^^^^^
  File "/usr/local/lib/python3.11/site-packages/celery/app/base.py", line 695, in _autodiscover_tasks_from_names
    return self.loader.autodiscover_tasks(
           ^^^^^^^^^^^^^^^^^^^^^^^^^^^^^^^
  File "/usr/local/lib/python3.11/site-packages/celery/loaders/base.py", line 220, in autodiscover_tasks
    mod.__name__ for mod in autodiscover_tasks(packages or (),
                            ^^^^^^^^^^^^^^^^^^^^^^^^^^^^^^^^^^
  File "/usr/local/lib/python3.11/site-packages/celery/loaders/base.py", line 246, in autodiscover_tasks
    return [find_related_module(pkg, related_name) for pkg in packages]
           ^^^^^^^^^^^^^^^^^^^^^^^^^^^^^^^^^^^^^^^^^^^^^^^^^^^^^^^^^^^^
  File "/usr/local/lib/python3.11/site-packages/celery/loaders/base.py", line 246, in <listcomp>
    return [find_related_module(pkg, related_name) for pkg in packages]
            ^^^^^^^^^^^^^^^^^^^^^^^^^^^^^^^^^^^^^^
  File "/usr/local/lib/python3.11/site-packages/celery/loaders/base.py", line 267, in find_related_module
    return importlib.import_module(module_name)
           ^^^^^^^^^^^^^^^^^^^^^^^^^^^^^^^^^^^^
  File "/usr/local/lib/python3.11/importlib/__init__.py", line 126, in import_module
    return _bootstrap._gcd_import(name[level:], package, level)
           ^^^^^^^^^^^^^^^^^^^^^^^^^^^^^^^^^^^^^^^^^^^^^^^^^^^^
  File "<frozen importlib._bootstrap>", line 1204, in _gcd_import
  File "<frozen importlib._bootstrap>", line 1176, in _find_and_load
  File "<frozen importlib._bootstrap>", line 1147, in _find_and_load_unlocked
  File "<frozen importlib._bootstrap>", line 690, in _load_unlocked
  File "<frozen importlib._bootstrap_external>", line 940, in exec_module
  File "<frozen importlib._bootstrap>", line 241, in _call_with_frames_removed
  File "/app/restaurants/tasks.py", line 19, in <module>
    from .models import Restaurant, RestaurantImage
  File "/app/restaurants/models.py", line 998, in <module>
    class RestaurantReview(BaseModel):
  File "/app/restaurants/models.py", line 1017, in RestaurantReview
    default=ReviewStatus.PUBLISHED,
            ^^^^^^^^^^^^^^^^^^^^^^
  File "/usr/local/lib/python3.11/enum.py", line 786, in __getattr__
    raise AttributeError(name) from None
AttributeError: PUBLISHED
ERROR 2025-08-02 06:00:55,671 signal 1 281473841778720 Signal handler <promise@0xffffb911e670 --> <bound method Celery._autodiscover_tasks of <Celery portfolio_project at 0xffffb9109f10>>> raised: AttributeError('PUBLISHED')
Traceback (most recent call last):
  File "/usr/local/lib/python3.11/site-packages/celery/utils/dispatch/signal.py", line 276, in send
    response = receiver(signal=self, sender=sender, **named)
               ^^^^^^^^^^^^^^^^^^^^^^^^^^^^^^^^^^^^^^^^^^^^^
  File "/usr/local/lib/python3.11/site-packages/vine/promises.py", line 161, in __call__
    return self.throw()
           ^^^^^^^^^^^^
  File "/usr/local/lib/python3.11/site-packages/vine/promises.py", line 158, in __call__
    retval = fun(*final_args, **final_kwargs)
             ^^^^^^^^^^^^^^^^^^^^^^^^^^^^^^^^
  File "/usr/local/lib/python3.11/site-packages/celery/app/base.py", line 691, in _autodiscover_tasks
    return self._autodiscover_tasks_from_fixups(related_name)
           ^^^^^^^^^^^^^^^^^^^^^^^^^^^^^^^^^^^^^^^^^^^^^^^^^^
  File "/usr/local/lib/python3.11/site-packages/celery/app/base.py", line 700, in _autodiscover_tasks_from_fixups
    return self._autodiscover_tasks_from_names([
           ^^^^^^^^^^^^^^^^^^^^^^^^^^^^^^^^^^^^^
  File "/usr/local/lib/python3.11/site-packages/celery/app/base.py", line 695, in _autodiscover_tasks_from_names
    return self.loader.autodiscover_tasks(
           ^^^^^^^^^^^^^^^^^^^^^^^^^^^^^^^
  File "/usr/local/lib/python3.11/site-packages/celery/loaders/base.py", line 220, in autodiscover_tasks
    mod.__name__ for mod in autodiscover_tasks(packages or (),
                            ^^^^^^^^^^^^^^^^^^^^^^^^^^^^^^^^^^
  File "/usr/local/lib/python3.11/site-packages/celery/loaders/base.py", line 246, in autodiscover_tasks
    return [find_related_module(pkg, related_name) for pkg in packages]
           ^^^^^^^^^^^^^^^^^^^^^^^^^^^^^^^^^^^^^^^^^^^^^^^^^^^^^^^^^^^^
  File "/usr/local/lib/python3.11/site-packages/celery/loaders/base.py", line 246, in <listcomp>
    return [find_related_module(pkg, related_name) for pkg in packages]
            ^^^^^^^^^^^^^^^^^^^^^^^^^^^^^^^^^^^^^^
  File "/usr/local/lib/python3.11/site-packages/celery/loaders/base.py", line 267, in find_related_module
    return importlib.import_module(module_name)
           ^^^^^^^^^^^^^^^^^^^^^^^^^^^^^^^^^^^^
  File "/usr/local/lib/python3.11/importlib/__init__.py", line 126, in import_module
    return _bootstrap._gcd_import(name[level:], package, level)
           ^^^^^^^^^^^^^^^^^^^^^^^^^^^^^^^^^^^^^^^^^^^^^^^^^^^^
  File "<frozen importlib._bootstrap>", line 1204, in _gcd_import
  File "<frozen importlib._bootstrap>", line 1176, in _find_and_load
  File "<frozen importlib._bootstrap>", line 1147, in _find_and_load_unlocked
  File "<frozen importlib._bootstrap>", line 690, in _load_unlocked
  File "<frozen importlib._bootstrap_external>", line 940, in exec_module
  File "<frozen importlib._bootstrap>", line 241, in _call_with_frames_removed
  File "/app/restaurants/tasks.py", line 19, in <module>
    from .models import Restaurant, RestaurantImage
  File "/app/restaurants/models.py", line 998, in <module>
    class RestaurantReview(BaseModel):
  File "/app/restaurants/models.py", line 1017, in RestaurantReview
    default=ReviewStatus.PUBLISHED,
            ^^^^^^^^^^^^^^^^^^^^^^
  File "/usr/local/lib/python3.11/enum.py", line 786, in __getattr__
    raise AttributeError(name) from None
AttributeError: PUBLISHED
ERROR 2025-08-02 06:00:56,643 signal 1 281473345216544 Signal handler <bound method DjangoFixup.on_import_modules of <celery.fixups.django.DjangoFixup object at 0xffff9b673fd0>> raised: AttributeError('PUBLISHED')
Traceback (most recent call last):
  File "/usr/local/lib/python3.11/site-packages/celery/utils/dispatch/signal.py", line 276, in send
    response = receiver(signal=self, sender=sender, **named)
               ^^^^^^^^^^^^^^^^^^^^^^^^^^^^^^^^^^^^^^^^^^^^^
  File "/usr/local/lib/python3.11/site-packages/celery/fixups/django.py", line 97, in on_import_modules
    self.worker_fixup.validate_models()
  File "/usr/local/lib/python3.11/site-packages/celery/fixups/django.py", line 135, in validate_models
    self.django_setup()
  File "/usr/local/lib/python3.11/site-packages/celery/fixups/django.py", line 131, in django_setup
    django.setup()
  File "/usr/local/lib/python3.11/site-packages/django/__init__.py", line 24, in setup
    apps.populate(settings.INSTALLED_APPS)
  File "/usr/local/lib/python3.11/site-packages/django/apps/registry.py", line 116, in populate
    app_config.import_models()
  File "/usr/local/lib/python3.11/site-packages/django/apps/config.py", line 269, in import_models
    self.models_module = import_module(models_module_name)
                         ^^^^^^^^^^^^^^^^^^^^^^^^^^^^^^^^^
  File "/usr/local/lib/python3.11/importlib/__init__.py", line 126, in import_module
    return _bootstrap._gcd_import(name[level:], package, level)
           ^^^^^^^^^^^^^^^^^^^^^^^^^^^^^^^^^^^^^^^^^^^^^^^^^^^^
  File "<frozen importlib._bootstrap>", line 1204, in _gcd_import
  File "<frozen importlib._bootstrap>", line 1176, in _find_and_load
  File "<frozen importlib._bootstrap>", line 1147, in _find_and_load_unlocked
  File "<frozen importlib._bootstrap>", line 690, in _load_unlocked
  File "<frozen importlib._bootstrap_external>", line 940, in exec_module
  File "<frozen importlib._bootstrap>", line 241, in _call_with_frames_removed
  File "/app/restaurants/models.py", line 998, in <module>
    class RestaurantReview(BaseModel):
  File "/app/restaurants/models.py", line 1017, in RestaurantReview
    default=ReviewStatus.PUBLISHED,
            ^^^^^^^^^^^^^^^^^^^^^^
  File "/usr/local/lib/python3.11/enum.py", line 786, in __getattr__
    raise AttributeError(name) from None
AttributeError: PUBLISHED
ERROR 2025-08-02 06:00:56,653 signal 1 281473345216544 Signal handler <promise@0xffff9b776670 --> <bound method Celery._autodiscover_tasks of <Celery portfolio_project at 0xffff9b769d90>>> raised: AttributeError('PUBLISHED')
Traceback (most recent call last):
  File "/usr/local/lib/python3.11/site-packages/celery/utils/dispatch/signal.py", line 276, in send
    response = receiver(signal=self, sender=sender, **named)
               ^^^^^^^^^^^^^^^^^^^^^^^^^^^^^^^^^^^^^^^^^^^^^
  File "/usr/local/lib/python3.11/site-packages/vine/promises.py", line 161, in __call__
    return self.throw()
           ^^^^^^^^^^^^
  File "/usr/local/lib/python3.11/site-packages/vine/promises.py", line 158, in __call__
    retval = fun(*final_args, **final_kwargs)
             ^^^^^^^^^^^^^^^^^^^^^^^^^^^^^^^^
  File "/usr/local/lib/python3.11/site-packages/celery/app/base.py", line 691, in _autodiscover_tasks
    return self._autodiscover_tasks_from_fixups(related_name)
           ^^^^^^^^^^^^^^^^^^^^^^^^^^^^^^^^^^^^^^^^^^^^^^^^^^
  File "/usr/local/lib/python3.11/site-packages/celery/app/base.py", line 700, in _autodiscover_tasks_from_fixups
    return self._autodiscover_tasks_from_names([
           ^^^^^^^^^^^^^^^^^^^^^^^^^^^^^^^^^^^^^
  File "/usr/local/lib/python3.11/site-packages/celery/app/base.py", line 695, in _autodiscover_tasks_from_names
    return self.loader.autodiscover_tasks(
           ^^^^^^^^^^^^^^^^^^^^^^^^^^^^^^^
  File "/usr/local/lib/python3.11/site-packages/celery/loaders/base.py", line 220, in autodiscover_tasks
    mod.__name__ for mod in autodiscover_tasks(packages or (),
                            ^^^^^^^^^^^^^^^^^^^^^^^^^^^^^^^^^^
  File "/usr/local/lib/python3.11/site-packages/celery/loaders/base.py", line 246, in autodiscover_tasks
    return [find_related_module(pkg, related_name) for pkg in packages]
           ^^^^^^^^^^^^^^^^^^^^^^^^^^^^^^^^^^^^^^^^^^^^^^^^^^^^^^^^^^^^
  File "/usr/local/lib/python3.11/site-packages/celery/loaders/base.py", line 246, in <listcomp>
    return [find_related_module(pkg, related_name) for pkg in packages]
            ^^^^^^^^^^^^^^^^^^^^^^^^^^^^^^^^^^^^^^
  File "/usr/local/lib/python3.11/site-packages/celery/loaders/base.py", line 267, in find_related_module
    return importlib.import_module(module_name)
           ^^^^^^^^^^^^^^^^^^^^^^^^^^^^^^^^^^^^
  File "/usr/local/lib/python3.11/importlib/__init__.py", line 126, in import_module
    return _bootstrap._gcd_import(name[level:], package, level)
           ^^^^^^^^^^^^^^^^^^^^^^^^^^^^^^^^^^^^^^^^^^^^^^^^^^^^
  File "<frozen importlib._bootstrap>", line 1204, in _gcd_import
  File "<frozen importlib._bootstrap>", line 1176, in _find_and_load
  File "<frozen importlib._bootstrap>", line 1147, in _find_and_load_unlocked
  File "<frozen importlib._bootstrap>", line 690, in _load_unlocked
  File "<frozen importlib._bootstrap_external>", line 940, in exec_module
  File "<frozen importlib._bootstrap>", line 241, in _call_with_frames_removed
  File "/app/restaurants/tasks.py", line 19, in <module>
    from .models import Restaurant, RestaurantImage
  File "/app/restaurants/models.py", line 998, in <module>
    class RestaurantReview(BaseModel):
  File "/app/restaurants/models.py", line 1017, in RestaurantReview
    default=ReviewStatus.PUBLISHED,
            ^^^^^^^^^^^^^^^^^^^^^^
  File "/usr/local/lib/python3.11/enum.py", line 786, in __getattr__
    raise AttributeError(name) from None
AttributeError: PUBLISHED
ERROR 2025-08-02 06:00:56,675 signal 1 281473748881440 Signal handler <bound method DjangoFixup.on_import_modules of <celery.fixups.django.DjangoFixup object at 0xffffb37545d0>> raised: AttributeError('PUBLISHED')
Traceback (most recent call last):
  File "/usr/local/lib/python3.11/site-packages/celery/utils/dispatch/signal.py", line 276, in send
    response = receiver(signal=self, sender=sender, **named)
               ^^^^^^^^^^^^^^^^^^^^^^^^^^^^^^^^^^^^^^^^^^^^^
  File "/usr/local/lib/python3.11/site-packages/celery/fixups/django.py", line 97, in on_import_modules
    self.worker_fixup.validate_models()
  File "/usr/local/lib/python3.11/site-packages/celery/fixups/django.py", line 135, in validate_models
    self.django_setup()
  File "/usr/local/lib/python3.11/site-packages/celery/fixups/django.py", line 131, in django_setup
    django.setup()
  File "/usr/local/lib/python3.11/site-packages/django/__init__.py", line 24, in setup
    apps.populate(settings.INSTALLED_APPS)
  File "/usr/local/lib/python3.11/site-packages/django/apps/registry.py", line 116, in populate
    app_config.import_models()
  File "/usr/local/lib/python3.11/site-packages/django/apps/config.py", line 269, in import_models
    self.models_module = import_module(models_module_name)
                         ^^^^^^^^^^^^^^^^^^^^^^^^^^^^^^^^^
  File "/usr/local/lib/python3.11/importlib/__init__.py", line 126, in import_module
    return _bootstrap._gcd_import(name[level:], package, level)
           ^^^^^^^^^^^^^^^^^^^^^^^^^^^^^^^^^^^^^^^^^^^^^^^^^^^^
  File "<frozen importlib._bootstrap>", line 1204, in _gcd_import
  File "<frozen importlib._bootstrap>", line 1176, in _find_and_load
  File "<frozen importlib._bootstrap>", line 1147, in _find_and_load_unlocked
  File "<frozen importlib._bootstrap>", line 690, in _load_unlocked
  File "<frozen importlib._bootstrap_external>", line 940, in exec_module
  File "<frozen importlib._bootstrap>", line 241, in _call_with_frames_removed
  File "/app/restaurants/models.py", line 998, in <module>
    class RestaurantReview(BaseModel):
  File "/app/restaurants/models.py", line 1017, in RestaurantReview
    default=ReviewStatus.PUBLISHED,
            ^^^^^^^^^^^^^^^^^^^^^^
  File "/usr/local/lib/python3.11/enum.py", line 786, in __getattr__
    raise AttributeError(name) from None
AttributeError: PUBLISHED
ERROR 2025-08-02 06:00:56,687 signal 1 281473748881440 Signal handler <promise@0xffffb387e670 --> <bound method Celery._autodiscover_tasks of <Celery portfolio_project at 0xffffb387a310>>> raised: AttributeError('PUBLISHED')
Traceback (most recent call last):
  File "/usr/local/lib/python3.11/site-packages/celery/utils/dispatch/signal.py", line 276, in send
    response = receiver(signal=self, sender=sender, **named)
               ^^^^^^^^^^^^^^^^^^^^^^^^^^^^^^^^^^^^^^^^^^^^^
  File "/usr/local/lib/python3.11/site-packages/vine/promises.py", line 161, in __call__
    return self.throw()
           ^^^^^^^^^^^^
  File "/usr/local/lib/python3.11/site-packages/vine/promises.py", line 158, in __call__
    retval = fun(*final_args, **final_kwargs)
             ^^^^^^^^^^^^^^^^^^^^^^^^^^^^^^^^
  File "/usr/local/lib/python3.11/site-packages/celery/app/base.py", line 691, in _autodiscover_tasks
    return self._autodiscover_tasks_from_fixups(related_name)
           ^^^^^^^^^^^^^^^^^^^^^^^^^^^^^^^^^^^^^^^^^^^^^^^^^^
  File "/usr/local/lib/python3.11/site-packages/celery/app/base.py", line 700, in _autodiscover_tasks_from_fixups
    return self._autodiscover_tasks_from_names([
           ^^^^^^^^^^^^^^^^^^^^^^^^^^^^^^^^^^^^^
  File "/usr/local/lib/python3.11/site-packages/celery/app/base.py", line 695, in _autodiscover_tasks_from_names
    return self.loader.autodiscover_tasks(
           ^^^^^^^^^^^^^^^^^^^^^^^^^^^^^^^
  File "/usr/local/lib/python3.11/site-packages/celery/loaders/base.py", line 220, in autodiscover_tasks
    mod.__name__ for mod in autodiscover_tasks(packages or (),
                            ^^^^^^^^^^^^^^^^^^^^^^^^^^^^^^^^^^
  File "/usr/local/lib/python3.11/site-packages/celery/loaders/base.py", line 246, in autodiscover_tasks
    return [find_related_module(pkg, related_name) for pkg in packages]
           ^^^^^^^^^^^^^^^^^^^^^^^^^^^^^^^^^^^^^^^^^^^^^^^^^^^^^^^^^^^^
  File "/usr/local/lib/python3.11/site-packages/celery/loaders/base.py", line 246, in <listcomp>
    return [find_related_module(pkg, related_name) for pkg in packages]
            ^^^^^^^^^^^^^^^^^^^^^^^^^^^^^^^^^^^^^^
  File "/usr/local/lib/python3.11/site-packages/celery/loaders/base.py", line 267, in find_related_module
    return importlib.import_module(module_name)
           ^^^^^^^^^^^^^^^^^^^^^^^^^^^^^^^^^^^^
  File "/usr/local/lib/python3.11/importlib/__init__.py", line 126, in import_module
    return _bootstrap._gcd_import(name[level:], package, level)
           ^^^^^^^^^^^^^^^^^^^^^^^^^^^^^^^^^^^^^^^^^^^^^^^^^^^^
  File "<frozen importlib._bootstrap>", line 1204, in _gcd_import
  File "<frozen importlib._bootstrap>", line 1176, in _find_and_load
  File "<frozen importlib._bootstrap>", line 1147, in _find_and_load_unlocked
  File "<frozen importlib._bootstrap>", line 690, in _load_unlocked
  File "<frozen importlib._bootstrap_external>", line 940, in exec_module
  File "<frozen importlib._bootstrap>", line 241, in _call_with_frames_removed
  File "/app/restaurants/tasks.py", line 19, in <module>
    from .models import Restaurant, RestaurantImage
  File "/app/restaurants/models.py", line 998, in <module>
    class RestaurantReview(BaseModel):
  File "/app/restaurants/models.py", line 1017, in RestaurantReview
    default=ReviewStatus.PUBLISHED,
            ^^^^^^^^^^^^^^^^^^^^^^
  File "/usr/local/lib/python3.11/enum.py", line 786, in __getattr__
    raise AttributeError(name) from None
AttributeError: PUBLISHED
ERROR 2025-08-02 06:00:57,683 signal 1 281473614438432 Signal handler <bound method DjangoFixup.on_import_modules of <celery.fixups.django.DjangoFixup object at 0xffffab7003d0>> raised: AttributeError('PUBLISHED')
Traceback (most recent call last):
  File "/usr/local/lib/python3.11/site-packages/celery/utils/dispatch/signal.py", line 276, in send
    response = receiver(signal=self, sender=sender, **named)
               ^^^^^^^^^^^^^^^^^^^^^^^^^^^^^^^^^^^^^^^^^^^^^
  File "/usr/local/lib/python3.11/site-packages/celery/fixups/django.py", line 97, in on_import_modules
    self.worker_fixup.validate_models()
  File "/usr/local/lib/python3.11/site-packages/celery/fixups/django.py", line 135, in validate_models
    self.django_setup()
  File "/usr/local/lib/python3.11/site-packages/celery/fixups/django.py", line 131, in django_setup
    django.setup()
  File "/usr/local/lib/python3.11/site-packages/django/__init__.py", line 24, in setup
    apps.populate(settings.INSTALLED_APPS)
  File "/usr/local/lib/python3.11/site-packages/django/apps/registry.py", line 116, in populate
    app_config.import_models()
  File "/usr/local/lib/python3.11/site-packages/django/apps/config.py", line 269, in import_models
    self.models_module = import_module(models_module_name)
                         ^^^^^^^^^^^^^^^^^^^^^^^^^^^^^^^^^
  File "/usr/local/lib/python3.11/importlib/__init__.py", line 126, in import_module
    return _bootstrap._gcd_import(name[level:], package, level)
           ^^^^^^^^^^^^^^^^^^^^^^^^^^^^^^^^^^^^^^^^^^^^^^^^^^^^
  File "<frozen importlib._bootstrap>", line 1204, in _gcd_import
  File "<frozen importlib._bootstrap>", line 1176, in _find_and_load
  File "<frozen importlib._bootstrap>", line 1147, in _find_and_load_unlocked
  File "<frozen importlib._bootstrap>", line 690, in _load_unlocked
  File "<frozen importlib._bootstrap_external>", line 940, in exec_module
  File "<frozen importlib._bootstrap>", line 241, in _call_with_frames_removed
  File "/app/restaurants/models.py", line 998, in <module>
    class RestaurantReview(BaseModel):
  File "/app/restaurants/models.py", line 1017, in RestaurantReview
    default=ReviewStatus.PUBLISHED,
            ^^^^^^^^^^^^^^^^^^^^^^
  File "/usr/local/lib/python3.11/enum.py", line 786, in __getattr__
    raise AttributeError(name) from None
AttributeError: PUBLISHED
ERROR 2025-08-02 06:00:57,694 signal 1 281473614438432 Signal handler <promise@0xffffab826670 --> <bound method Celery._autodiscover_tasks of <Celery portfolio_project at 0xffffab822110>>> raised: AttributeError('PUBLISHED')
Traceback (most recent call last):
  File "/usr/local/lib/python3.11/site-packages/celery/utils/dispatch/signal.py", line 276, in send
    response = receiver(signal=self, sender=sender, **named)
               ^^^^^^^^^^^^^^^^^^^^^^^^^^^^^^^^^^^^^^^^^^^^^
  File "/usr/local/lib/python3.11/site-packages/vine/promises.py", line 161, in __call__
    return self.throw()
           ^^^^^^^^^^^^
  File "/usr/local/lib/python3.11/site-packages/vine/promises.py", line 158, in __call__
    retval = fun(*final_args, **final_kwargs)
             ^^^^^^^^^^^^^^^^^^^^^^^^^^^^^^^^
  File "/usr/local/lib/python3.11/site-packages/celery/app/base.py", line 691, in _autodiscover_tasks
    return self._autodiscover_tasks_from_fixups(related_name)
           ^^^^^^^^^^^^^^^^^^^^^^^^^^^^^^^^^^^^^^^^^^^^^^^^^^
  File "/usr/local/lib/python3.11/site-packages/celery/app/base.py", line 700, in _autodiscover_tasks_from_fixups
    return self._autodiscover_tasks_from_names([
           ^^^^^^^^^^^^^^^^^^^^^^^^^^^^^^^^^^^^^
  File "/usr/local/lib/python3.11/site-packages/celery/app/base.py", line 695, in _autodiscover_tasks_from_names
    return self.loader.autodiscover_tasks(
           ^^^^^^^^^^^^^^^^^^^^^^^^^^^^^^^
  File "/usr/local/lib/python3.11/site-packages/celery/loaders/base.py", line 220, in autodiscover_tasks
    mod.__name__ for mod in autodiscover_tasks(packages or (),
                            ^^^^^^^^^^^^^^^^^^^^^^^^^^^^^^^^^^
  File "/usr/local/lib/python3.11/site-packages/celery/loaders/base.py", line 246, in autodiscover_tasks
    return [find_related_module(pkg, related_name) for pkg in packages]
           ^^^^^^^^^^^^^^^^^^^^^^^^^^^^^^^^^^^^^^^^^^^^^^^^^^^^^^^^^^^^
  File "/usr/local/lib/python3.11/site-packages/celery/loaders/base.py", line 246, in <listcomp>
    return [find_related_module(pkg, related_name) for pkg in packages]
            ^^^^^^^^^^^^^^^^^^^^^^^^^^^^^^^^^^^^^^
  File "/usr/local/lib/python3.11/site-packages/celery/loaders/base.py", line 267, in find_related_module
    return importlib.import_module(module_name)
           ^^^^^^^^^^^^^^^^^^^^^^^^^^^^^^^^^^^^
  File "/usr/local/lib/python3.11/importlib/__init__.py", line 126, in import_module
    return _bootstrap._gcd_import(name[level:], package, level)
           ^^^^^^^^^^^^^^^^^^^^^^^^^^^^^^^^^^^^^^^^^^^^^^^^^^^^
  File "<frozen importlib._bootstrap>", line 1204, in _gcd_import
  File "<frozen importlib._bootstrap>", line 1176, in _find_and_load
  File "<frozen importlib._bootstrap>", line 1147, in _find_and_load_unlocked
  File "<frozen importlib._bootstrap>", line 690, in _load_unlocked
  File "<frozen importlib._bootstrap_external>", line 940, in exec_module
  File "<frozen importlib._bootstrap>", line 241, in _call_with_frames_removed
  File "/app/restaurants/tasks.py", line 19, in <module>
    from .models import Restaurant, RestaurantImage
  File "/app/restaurants/models.py", line 998, in <module>
    class RestaurantReview(BaseModel):
  File "/app/restaurants/models.py", line 1017, in RestaurantReview
    default=ReviewStatus.PUBLISHED,
            ^^^^^^^^^^^^^^^^^^^^^^
  File "/usr/local/lib/python3.11/enum.py", line 786, in __getattr__
    raise AttributeError(name) from None
AttributeError: PUBLISHED
ERROR 2025-08-02 06:00:57,714 signal 1 281472965664800 Signal handler <bound method DjangoFixup.on_import_modules of <celery.fixups.django.DjangoFixup object at 0xffff84c73d50>> raised: AttributeError('PUBLISHED')
Traceback (most recent call last):
  File "/usr/local/lib/python3.11/site-packages/celery/utils/dispatch/signal.py", line 276, in send
    response = receiver(signal=self, sender=sender, **named)
               ^^^^^^^^^^^^^^^^^^^^^^^^^^^^^^^^^^^^^^^^^^^^^
  File "/usr/local/lib/python3.11/site-packages/celery/fixups/django.py", line 97, in on_import_modules
    self.worker_fixup.validate_models()
  File "/usr/local/lib/python3.11/site-packages/celery/fixups/django.py", line 135, in validate_models
    self.django_setup()
  File "/usr/local/lib/python3.11/site-packages/celery/fixups/django.py", line 131, in django_setup
    django.setup()
  File "/usr/local/lib/python3.11/site-packages/django/__init__.py", line 24, in setup
    apps.populate(settings.INSTALLED_APPS)
  File "/usr/local/lib/python3.11/site-packages/django/apps/registry.py", line 116, in populate
    app_config.import_models()
  File "/usr/local/lib/python3.11/site-packages/django/apps/config.py", line 269, in import_models
    self.models_module = import_module(models_module_name)
                         ^^^^^^^^^^^^^^^^^^^^^^^^^^^^^^^^^
  File "/usr/local/lib/python3.11/importlib/__init__.py", line 126, in import_module
    return _bootstrap._gcd_import(name[level:], package, level)
           ^^^^^^^^^^^^^^^^^^^^^^^^^^^^^^^^^^^^^^^^^^^^^^^^^^^^
  File "<frozen importlib._bootstrap>", line 1204, in _gcd_import
  File "<frozen importlib._bootstrap>", line 1176, in _find_and_load
  File "<frozen importlib._bootstrap>", line 1147, in _find_and_load_unlocked
  File "<frozen importlib._bootstrap>", line 690, in _load_unlocked
  File "<frozen importlib._bootstrap_external>", line 940, in exec_module
  File "<frozen importlib._bootstrap>", line 241, in _call_with_frames_removed
  File "/app/restaurants/models.py", line 998, in <module>
    class RestaurantReview(BaseModel):
  File "/app/restaurants/models.py", line 1017, in RestaurantReview
    default=ReviewStatus.PUBLISHED,
            ^^^^^^^^^^^^^^^^^^^^^^
  File "/usr/local/lib/python3.11/enum.py", line 786, in __getattr__
    raise AttributeError(name) from None
AttributeError: PUBLISHED
ERROR 2025-08-02 06:00:57,725 signal 1 281472965664800 Signal handler <promise@0xffff84d76670 --> <bound method Celery._autodiscover_tasks of <Celery portfolio_project at 0xffff84d69b50>>> raised: AttributeError('PUBLISHED')
Traceback (most recent call last):
  File "/usr/local/lib/python3.11/site-packages/celery/utils/dispatch/signal.py", line 276, in send
    response = receiver(signal=self, sender=sender, **named)
               ^^^^^^^^^^^^^^^^^^^^^^^^^^^^^^^^^^^^^^^^^^^^^
  File "/usr/local/lib/python3.11/site-packages/vine/promises.py", line 161, in __call__
    return self.throw()
           ^^^^^^^^^^^^
  File "/usr/local/lib/python3.11/site-packages/vine/promises.py", line 158, in __call__
    retval = fun(*final_args, **final_kwargs)
             ^^^^^^^^^^^^^^^^^^^^^^^^^^^^^^^^
  File "/usr/local/lib/python3.11/site-packages/celery/app/base.py", line 691, in _autodiscover_tasks
    return self._autodiscover_tasks_from_fixups(related_name)
           ^^^^^^^^^^^^^^^^^^^^^^^^^^^^^^^^^^^^^^^^^^^^^^^^^^
  File "/usr/local/lib/python3.11/site-packages/celery/app/base.py", line 700, in _autodiscover_tasks_from_fixups
    return self._autodiscover_tasks_from_names([
           ^^^^^^^^^^^^^^^^^^^^^^^^^^^^^^^^^^^^^
  File "/usr/local/lib/python3.11/site-packages/celery/app/base.py", line 695, in _autodiscover_tasks_from_names
    return self.loader.autodiscover_tasks(
           ^^^^^^^^^^^^^^^^^^^^^^^^^^^^^^^
  File "/usr/local/lib/python3.11/site-packages/celery/loaders/base.py", line 220, in autodiscover_tasks
    mod.__name__ for mod in autodiscover_tasks(packages or (),
                            ^^^^^^^^^^^^^^^^^^^^^^^^^^^^^^^^^^
  File "/usr/local/lib/python3.11/site-packages/celery/loaders/base.py", line 246, in autodiscover_tasks
    return [find_related_module(pkg, related_name) for pkg in packages]
           ^^^^^^^^^^^^^^^^^^^^^^^^^^^^^^^^^^^^^^^^^^^^^^^^^^^^^^^^^^^^
  File "/usr/local/lib/python3.11/site-packages/celery/loaders/base.py", line 246, in <listcomp>
    return [find_related_module(pkg, related_name) for pkg in packages]
            ^^^^^^^^^^^^^^^^^^^^^^^^^^^^^^^^^^^^^^
  File "/usr/local/lib/python3.11/site-packages/celery/loaders/base.py", line 267, in find_related_module
    return importlib.import_module(module_name)
           ^^^^^^^^^^^^^^^^^^^^^^^^^^^^^^^^^^^^
  File "/usr/local/lib/python3.11/importlib/__init__.py", line 126, in import_module
    return _bootstrap._gcd_import(name[level:], package, level)
           ^^^^^^^^^^^^^^^^^^^^^^^^^^^^^^^^^^^^^^^^^^^^^^^^^^^^
  File "<frozen importlib._bootstrap>", line 1204, in _gcd_import
  File "<frozen importlib._bootstrap>", line 1176, in _find_and_load
  File "<frozen importlib._bootstrap>", line 1147, in _find_and_load_unlocked
  File "<frozen importlib._bootstrap>", line 690, in _load_unlocked
  File "<frozen importlib._bootstrap_external>", line 940, in exec_module
  File "<frozen importlib._bootstrap>", line 241, in _call_with_frames_removed
  File "/app/restaurants/tasks.py", line 19, in <module>
    from .models import Restaurant, RestaurantImage
  File "/app/restaurants/models.py", line 998, in <module>
    class RestaurantReview(BaseModel):
  File "/app/restaurants/models.py", line 1017, in RestaurantReview
    default=ReviewStatus.PUBLISHED,
            ^^^^^^^^^^^^^^^^^^^^^^
  File "/usr/local/lib/python3.11/enum.py", line 786, in __getattr__
    raise AttributeError(name) from None
AttributeError: PUBLISHED
ERROR 2025-08-02 06:00:58,905 signal 1 281473790980128 Signal handler <bound method DjangoFixup.on_import_modules of <celery.fixups.django.DjangoFixup object at 0xffffb5f83f10>> raised: AttributeError('PUBLISHED')
Traceback (most recent call last):
  File "/usr/local/lib/python3.11/site-packages/celery/utils/dispatch/signal.py", line 276, in send
    response = receiver(signal=self, sender=sender, **named)
               ^^^^^^^^^^^^^^^^^^^^^^^^^^^^^^^^^^^^^^^^^^^^^
  File "/usr/local/lib/python3.11/site-packages/celery/fixups/django.py", line 97, in on_import_modules
    self.worker_fixup.validate_models()
  File "/usr/local/lib/python3.11/site-packages/celery/fixups/django.py", line 135, in validate_models
    self.django_setup()
  File "/usr/local/lib/python3.11/site-packages/celery/fixups/django.py", line 131, in django_setup
    django.setup()
  File "/usr/local/lib/python3.11/site-packages/django/__init__.py", line 24, in setup
    apps.populate(settings.INSTALLED_APPS)
  File "/usr/local/lib/python3.11/site-packages/django/apps/registry.py", line 116, in populate
    app_config.import_models()
  File "/usr/local/lib/python3.11/site-packages/django/apps/config.py", line 269, in import_models
    self.models_module = import_module(models_module_name)
                         ^^^^^^^^^^^^^^^^^^^^^^^^^^^^^^^^^
  File "/usr/local/lib/python3.11/importlib/__init__.py", line 126, in import_module
    return _bootstrap._gcd_import(name[level:], package, level)
           ^^^^^^^^^^^^^^^^^^^^^^^^^^^^^^^^^^^^^^^^^^^^^^^^^^^^
  File "<frozen importlib._bootstrap>", line 1204, in _gcd_import
  File "<frozen importlib._bootstrap>", line 1176, in _find_and_load
  File "<frozen importlib._bootstrap>", line 1147, in _find_and_load_unlocked
  File "<frozen importlib._bootstrap>", line 690, in _load_unlocked
  File "<frozen importlib._bootstrap_external>", line 940, in exec_module
  File "<frozen importlib._bootstrap>", line 241, in _call_with_frames_removed
  File "/app/restaurants/models.py", line 998, in <module>
    class RestaurantReview(BaseModel):
  File "/app/restaurants/models.py", line 1017, in RestaurantReview
    default=ReviewStatus.PUBLISHED,
            ^^^^^^^^^^^^^^^^^^^^^^
  File "/usr/local/lib/python3.11/enum.py", line 786, in __getattr__
    raise AttributeError(name) from None
AttributeError: PUBLISHED
ERROR 2025-08-02 06:00:58,948 signal 1 281473790980128 Signal handler <promise@0xffffb60ca670 --> <bound method Celery._autodiscover_tasks of <Celery portfolio_project at 0xffffb60c5d10>>> raised: AttributeError('PUBLISHED')
Traceback (most recent call last):
  File "/usr/local/lib/python3.11/site-packages/celery/utils/dispatch/signal.py", line 276, in send
    response = receiver(signal=self, sender=sender, **named)
               ^^^^^^^^^^^^^^^^^^^^^^^^^^^^^^^^^^^^^^^^^^^^^
  File "/usr/local/lib/python3.11/site-packages/vine/promises.py", line 161, in __call__
    return self.throw()
           ^^^^^^^^^^^^
  File "/usr/local/lib/python3.11/site-packages/vine/promises.py", line 158, in __call__
    retval = fun(*final_args, **final_kwargs)
             ^^^^^^^^^^^^^^^^^^^^^^^^^^^^^^^^
  File "/usr/local/lib/python3.11/site-packages/celery/app/base.py", line 691, in _autodiscover_tasks
    return self._autodiscover_tasks_from_fixups(related_name)
           ^^^^^^^^^^^^^^^^^^^^^^^^^^^^^^^^^^^^^^^^^^^^^^^^^^
  File "/usr/local/lib/python3.11/site-packages/celery/app/base.py", line 700, in _autodiscover_tasks_from_fixups
    return self._autodiscover_tasks_from_names([
           ^^^^^^^^^^^^^^^^^^^^^^^^^^^^^^^^^^^^^
  File "/usr/local/lib/python3.11/site-packages/celery/app/base.py", line 695, in _autodiscover_tasks_from_names
    return self.loader.autodiscover_tasks(
           ^^^^^^^^^^^^^^^^^^^^^^^^^^^^^^^
  File "/usr/local/lib/python3.11/site-packages/celery/loaders/base.py", line 220, in autodiscover_tasks
    mod.__name__ for mod in autodiscover_tasks(packages or (),
                            ^^^^^^^^^^^^^^^^^^^^^^^^^^^^^^^^^^
  File "/usr/local/lib/python3.11/site-packages/celery/loaders/base.py", line 246, in autodiscover_tasks
    return [find_related_module(pkg, related_name) for pkg in packages]
           ^^^^^^^^^^^^^^^^^^^^^^^^^^^^^^^^^^^^^^^^^^^^^^^^^^^^^^^^^^^^
  File "/usr/local/lib/python3.11/site-packages/celery/loaders/base.py", line 246, in <listcomp>
    return [find_related_module(pkg, related_name) for pkg in packages]
            ^^^^^^^^^^^^^^^^^^^^^^^^^^^^^^^^^^^^^^
  File "/usr/local/lib/python3.11/site-packages/celery/loaders/base.py", line 267, in find_related_module
    return importlib.import_module(module_name)
           ^^^^^^^^^^^^^^^^^^^^^^^^^^^^^^^^^^^^
  File "/usr/local/lib/python3.11/importlib/__init__.py", line 126, in import_module
    return _bootstrap._gcd_import(name[level:], package, level)
           ^^^^^^^^^^^^^^^^^^^^^^^^^^^^^^^^^^^^^^^^^^^^^^^^^^^^
  File "<frozen importlib._bootstrap>", line 1204, in _gcd_import
  File "<frozen importlib._bootstrap>", line 1176, in _find_and_load
  File "<frozen importlib._bootstrap>", line 1147, in _find_and_load_unlocked
  File "<frozen importlib._bootstrap>", line 690, in _load_unlocked
  File "<frozen importlib._bootstrap_external>", line 940, in exec_module
  File "<frozen importlib._bootstrap>", line 241, in _call_with_frames_removed
  File "/app/restaurants/tasks.py", line 19, in <module>
    from .models import Restaurant, RestaurantImage
  File "/app/restaurants/models.py", line 998, in <module>
    class RestaurantReview(BaseModel):
  File "/app/restaurants/models.py", line 1017, in RestaurantReview
    default=ReviewStatus.PUBLISHED,
            ^^^^^^^^^^^^^^^^^^^^^^
  File "/usr/local/lib/python3.11/enum.py", line 786, in __getattr__
    raise AttributeError(name) from None
AttributeError: PUBLISHED
ERROR 2025-08-02 06:00:58,965 signal 1 281472927563808 Signal handler <bound method DjangoFixup.on_import_modules of <celery.fixups.django.DjangoFixup object at 0xffff82830650>> raised: AttributeError('PUBLISHED')
Traceback (most recent call last):
  File "/usr/local/lib/python3.11/site-packages/celery/utils/dispatch/signal.py", line 276, in send
    response = receiver(signal=self, sender=sender, **named)
               ^^^^^^^^^^^^^^^^^^^^^^^^^^^^^^^^^^^^^^^^^^^^^
  File "/usr/local/lib/python3.11/site-packages/celery/fixups/django.py", line 97, in on_import_modules
    self.worker_fixup.validate_models()
  File "/usr/local/lib/python3.11/site-packages/celery/fixups/django.py", line 135, in validate_models
    self.django_setup()
  File "/usr/local/lib/python3.11/site-packages/celery/fixups/django.py", line 131, in django_setup
    django.setup()
  File "/usr/local/lib/python3.11/site-packages/django/__init__.py", line 24, in setup
    apps.populate(settings.INSTALLED_APPS)
  File "/usr/local/lib/python3.11/site-packages/django/apps/registry.py", line 116, in populate
    app_config.import_models()
  File "/usr/local/lib/python3.11/site-packages/django/apps/config.py", line 269, in import_models
    self.models_module = import_module(models_module_name)
                         ^^^^^^^^^^^^^^^^^^^^^^^^^^^^^^^^^
  File "/usr/local/lib/python3.11/importlib/__init__.py", line 126, in import_module
    return _bootstrap._gcd_import(name[level:], package, level)
           ^^^^^^^^^^^^^^^^^^^^^^^^^^^^^^^^^^^^^^^^^^^^^^^^^^^^
  File "<frozen importlib._bootstrap>", line 1204, in _gcd_import
  File "<frozen importlib._bootstrap>", line 1176, in _find_and_load
  File "<frozen importlib._bootstrap>", line 1147, in _find_and_load_unlocked
  File "<frozen importlib._bootstrap>", line 690, in _load_unlocked
  File "<frozen importlib._bootstrap_external>", line 940, in exec_module
  File "<frozen importlib._bootstrap>", line 241, in _call_with_frames_removed
  File "/app/restaurants/models.py", line 998, in <module>
    class RestaurantReview(BaseModel):
  File "/app/restaurants/models.py", line 1017, in RestaurantReview
    default=ReviewStatus.PUBLISHED,
            ^^^^^^^^^^^^^^^^^^^^^^
  File "/usr/local/lib/python3.11/enum.py", line 786, in __getattr__
    raise AttributeError(name) from None
AttributeError: PUBLISHED
ERROR 2025-08-02 06:00:58,976 signal 1 281472927563808 Signal handler <promise@0xffff82916670 --> <bound method Celery._autodiscover_tasks of <Celery portfolio_project at 0xffff8290a410>>> raised: AttributeError('PUBLISHED')
Traceback (most recent call last):
  File "/usr/local/lib/python3.11/site-packages/celery/utils/dispatch/signal.py", line 276, in send
    response = receiver(signal=self, sender=sender, **named)
               ^^^^^^^^^^^^^^^^^^^^^^^^^^^^^^^^^^^^^^^^^^^^^
  File "/usr/local/lib/python3.11/site-packages/vine/promises.py", line 161, in __call__
    return self.throw()
           ^^^^^^^^^^^^
  File "/usr/local/lib/python3.11/site-packages/vine/promises.py", line 158, in __call__
    retval = fun(*final_args, **final_kwargs)
             ^^^^^^^^^^^^^^^^^^^^^^^^^^^^^^^^
  File "/usr/local/lib/python3.11/site-packages/celery/app/base.py", line 691, in _autodiscover_tasks
    return self._autodiscover_tasks_from_fixups(related_name)
           ^^^^^^^^^^^^^^^^^^^^^^^^^^^^^^^^^^^^^^^^^^^^^^^^^^
  File "/usr/local/lib/python3.11/site-packages/celery/app/base.py", line 700, in _autodiscover_tasks_from_fixups
    return self._autodiscover_tasks_from_names([
           ^^^^^^^^^^^^^^^^^^^^^^^^^^^^^^^^^^^^^
  File "/usr/local/lib/python3.11/site-packages/celery/app/base.py", line 695, in _autodiscover_tasks_from_names
    return self.loader.autodiscover_tasks(
           ^^^^^^^^^^^^^^^^^^^^^^^^^^^^^^^
  File "/usr/local/lib/python3.11/site-packages/celery/loaders/base.py", line 220, in autodiscover_tasks
    mod.__name__ for mod in autodiscover_tasks(packages or (),
                            ^^^^^^^^^^^^^^^^^^^^^^^^^^^^^^^^^^
  File "/usr/local/lib/python3.11/site-packages/celery/loaders/base.py", line 246, in autodiscover_tasks
    return [find_related_module(pkg, related_name) for pkg in packages]
           ^^^^^^^^^^^^^^^^^^^^^^^^^^^^^^^^^^^^^^^^^^^^^^^^^^^^^^^^^^^^
  File "/usr/local/lib/python3.11/site-packages/celery/loaders/base.py", line 246, in <listcomp>
    return [find_related_module(pkg, related_name) for pkg in packages]
            ^^^^^^^^^^^^^^^^^^^^^^^^^^^^^^^^^^^^^^
  File "/usr/local/lib/python3.11/site-packages/celery/loaders/base.py", line 267, in find_related_module
    return importlib.import_module(module_name)
           ^^^^^^^^^^^^^^^^^^^^^^^^^^^^^^^^^^^^
  File "/usr/local/lib/python3.11/importlib/__init__.py", line 126, in import_module
    return _bootstrap._gcd_import(name[level:], package, level)
           ^^^^^^^^^^^^^^^^^^^^^^^^^^^^^^^^^^^^^^^^^^^^^^^^^^^^
  File "<frozen importlib._bootstrap>", line 1204, in _gcd_import
  File "<frozen importlib._bootstrap>", line 1176, in _find_and_load
  File "<frozen importlib._bootstrap>", line 1147, in _find_and_load_unlocked
  File "<frozen importlib._bootstrap>", line 690, in _load_unlocked
  File "<frozen importlib._bootstrap_external>", line 940, in exec_module
  File "<frozen importlib._bootstrap>", line 241, in _call_with_frames_removed
  File "/app/restaurants/tasks.py", line 19, in <module>
    from .models import Restaurant, RestaurantImage
  File "/app/restaurants/models.py", line 998, in <module>
    class RestaurantReview(BaseModel):
  File "/app/restaurants/models.py", line 1017, in RestaurantReview
    default=ReviewStatus.PUBLISHED,
            ^^^^^^^^^^^^^^^^^^^^^^
  File "/usr/local/lib/python3.11/enum.py", line 786, in __getattr__
    raise AttributeError(name) from None
AttributeError: PUBLISHED
ERROR 2025-08-02 06:01:00,558 signal 1 281473539252256 Signal handler <bound method DjangoFixup.on_import_modules of <celery.fixups.django.DjangoFixup object at 0xffffa70a3fd0>> raised: AttributeError('PUBLISHED')
Traceback (most recent call last):
  File "/usr/local/lib/python3.11/site-packages/celery/utils/dispatch/signal.py", line 276, in send
    response = receiver(signal=self, sender=sender, **named)
               ^^^^^^^^^^^^^^^^^^^^^^^^^^^^^^^^^^^^^^^^^^^^^
  File "/usr/local/lib/python3.11/site-packages/celery/fixups/django.py", line 97, in on_import_modules
    self.worker_fixup.validate_models()
  File "/usr/local/lib/python3.11/site-packages/celery/fixups/django.py", line 135, in validate_models
    self.django_setup()
  File "/usr/local/lib/python3.11/site-packages/celery/fixups/django.py", line 131, in django_setup
    django.setup()
  File "/usr/local/lib/python3.11/site-packages/django/__init__.py", line 24, in setup
    apps.populate(settings.INSTALLED_APPS)
  File "/usr/local/lib/python3.11/site-packages/django/apps/registry.py", line 116, in populate
    app_config.import_models()
  File "/usr/local/lib/python3.11/site-packages/django/apps/config.py", line 269, in import_models
    self.models_module = import_module(models_module_name)
                         ^^^^^^^^^^^^^^^^^^^^^^^^^^^^^^^^^
  File "/usr/local/lib/python3.11/importlib/__init__.py", line 126, in import_module
    return _bootstrap._gcd_import(name[level:], package, level)
           ^^^^^^^^^^^^^^^^^^^^^^^^^^^^^^^^^^^^^^^^^^^^^^^^^^^^
  File "<frozen importlib._bootstrap>", line 1204, in _gcd_import
  File "<frozen importlib._bootstrap>", line 1176, in _find_and_load
  File "<frozen importlib._bootstrap>", line 1147, in _find_and_load_unlocked
  File "<frozen importlib._bootstrap>", line 690, in _load_unlocked
  File "<frozen importlib._bootstrap_external>", line 940, in exec_module
  File "<frozen importlib._bootstrap>", line 241, in _call_with_frames_removed
  File "/app/restaurants/models.py", line 998, in <module>
    class RestaurantReview(BaseModel):
  File "/app/restaurants/models.py", line 1017, in RestaurantReview
    default=ReviewStatus.PUBLISHED,
            ^^^^^^^^^^^^^^^^^^^^^^
  File "/usr/local/lib/python3.11/enum.py", line 786, in __getattr__
    raise AttributeError(name) from None
AttributeError: PUBLISHED
ERROR 2025-08-02 06:01:00,569 signal 1 281473539252256 Signal handler <promise@0xffffa70a6670 --> <bound method Celery._autodiscover_tasks of <Celery portfolio_project at 0xffffa7091e90>>> raised: AttributeError('PUBLISHED')
Traceback (most recent call last):
  File "/usr/local/lib/python3.11/site-packages/celery/utils/dispatch/signal.py", line 276, in send
    response = receiver(signal=self, sender=sender, **named)
               ^^^^^^^^^^^^^^^^^^^^^^^^^^^^^^^^^^^^^^^^^^^^^
  File "/usr/local/lib/python3.11/site-packages/vine/promises.py", line 161, in __call__
    return self.throw()
           ^^^^^^^^^^^^
  File "/usr/local/lib/python3.11/site-packages/vine/promises.py", line 158, in __call__
    retval = fun(*final_args, **final_kwargs)
             ^^^^^^^^^^^^^^^^^^^^^^^^^^^^^^^^
  File "/usr/local/lib/python3.11/site-packages/celery/app/base.py", line 691, in _autodiscover_tasks
    return self._autodiscover_tasks_from_fixups(related_name)
           ^^^^^^^^^^^^^^^^^^^^^^^^^^^^^^^^^^^^^^^^^^^^^^^^^^
  File "/usr/local/lib/python3.11/site-packages/celery/app/base.py", line 700, in _autodiscover_tasks_from_fixups
    return self._autodiscover_tasks_from_names([
           ^^^^^^^^^^^^^^^^^^^^^^^^^^^^^^^^^^^^^
  File "/usr/local/lib/python3.11/site-packages/celery/app/base.py", line 695, in _autodiscover_tasks_from_names
    return self.loader.autodiscover_tasks(
           ^^^^^^^^^^^^^^^^^^^^^^^^^^^^^^^
  File "/usr/local/lib/python3.11/site-packages/celery/loaders/base.py", line 220, in autodiscover_tasks
    mod.__name__ for mod in autodiscover_tasks(packages or (),
                            ^^^^^^^^^^^^^^^^^^^^^^^^^^^^^^^^^^
  File "/usr/local/lib/python3.11/site-packages/celery/loaders/base.py", line 246, in autodiscover_tasks
    return [find_related_module(pkg, related_name) for pkg in packages]
           ^^^^^^^^^^^^^^^^^^^^^^^^^^^^^^^^^^^^^^^^^^^^^^^^^^^^^^^^^^^^
  File "/usr/local/lib/python3.11/site-packages/celery/loaders/base.py", line 246, in <listcomp>
    return [find_related_module(pkg, related_name) for pkg in packages]
            ^^^^^^^^^^^^^^^^^^^^^^^^^^^^^^^^^^^^^^
  File "/usr/local/lib/python3.11/site-packages/celery/loaders/base.py", line 267, in find_related_module
    return importlib.import_module(module_name)
           ^^^^^^^^^^^^^^^^^^^^^^^^^^^^^^^^^^^^
  File "/usr/local/lib/python3.11/importlib/__init__.py", line 126, in import_module
    return _bootstrap._gcd_import(name[level:], package, level)
           ^^^^^^^^^^^^^^^^^^^^^^^^^^^^^^^^^^^^^^^^^^^^^^^^^^^^
  File "<frozen importlib._bootstrap>", line 1204, in _gcd_import
  File "<frozen importlib._bootstrap>", line 1176, in _find_and_load
  File "<frozen importlib._bootstrap>", line 1147, in _find_and_load_unlocked
  File "<frozen importlib._bootstrap>", line 690, in _load_unlocked
  File "<frozen importlib._bootstrap_external>", line 940, in exec_module
  File "<frozen importlib._bootstrap>", line 241, in _call_with_frames_removed
  File "/app/restaurants/tasks.py", line 19, in <module>
    from .models import Restaurant, RestaurantImage
  File "/app/restaurants/models.py", line 998, in <module>
    class RestaurantReview(BaseModel):
  File "/app/restaurants/models.py", line 1017, in RestaurantReview
    default=ReviewStatus.PUBLISHED,
            ^^^^^^^^^^^^^^^^^^^^^^
  File "/usr/local/lib/python3.11/enum.py", line 786, in __getattr__
    raise AttributeError(name) from None
AttributeError: PUBLISHED
ERROR 2025-08-02 06:01:00,574 signal 1 281472909004832 Signal handler <bound method DjangoFixup.on_import_modules of <celery.fixups.django.DjangoFixup object at 0xffff81673cd0>> raised: AttributeError('PUBLISHED')
Traceback (most recent call last):
  File "/usr/local/lib/python3.11/site-packages/celery/utils/dispatch/signal.py", line 276, in send
    response = receiver(signal=self, sender=sender, **named)
               ^^^^^^^^^^^^^^^^^^^^^^^^^^^^^^^^^^^^^^^^^^^^^
  File "/usr/local/lib/python3.11/site-packages/celery/fixups/django.py", line 97, in on_import_modules
    self.worker_fixup.validate_models()
  File "/usr/local/lib/python3.11/site-packages/celery/fixups/django.py", line 135, in validate_models
    self.django_setup()
  File "/usr/local/lib/python3.11/site-packages/celery/fixups/django.py", line 131, in django_setup
    django.setup()
  File "/usr/local/lib/python3.11/site-packages/django/__init__.py", line 24, in setup
    apps.populate(settings.INSTALLED_APPS)
  File "/usr/local/lib/python3.11/site-packages/django/apps/registry.py", line 116, in populate
    app_config.import_models()
  File "/usr/local/lib/python3.11/site-packages/django/apps/config.py", line 269, in import_models
    self.models_module = import_module(models_module_name)
                         ^^^^^^^^^^^^^^^^^^^^^^^^^^^^^^^^^
  File "/usr/local/lib/python3.11/importlib/__init__.py", line 126, in import_module
    return _bootstrap._gcd_import(name[level:], package, level)
           ^^^^^^^^^^^^^^^^^^^^^^^^^^^^^^^^^^^^^^^^^^^^^^^^^^^^
  File "<frozen importlib._bootstrap>", line 1204, in _gcd_import
  File "<frozen importlib._bootstrap>", line 1176, in _find_and_load
  File "<frozen importlib._bootstrap>", line 1147, in _find_and_load_unlocked
  File "<frozen importlib._bootstrap>", line 690, in _load_unlocked
  File "<frozen importlib._bootstrap_external>", line 940, in exec_module
  File "<frozen importlib._bootstrap>", line 241, in _call_with_frames_removed
  File "/app/restaurants/models.py", line 998, in <module>
    class RestaurantReview(BaseModel):
  File "/app/restaurants/models.py", line 1017, in RestaurantReview
    default=ReviewStatus.PUBLISHED,
            ^^^^^^^^^^^^^^^^^^^^^^
  File "/usr/local/lib/python3.11/enum.py", line 786, in __getattr__
    raise AttributeError(name) from None
AttributeError: PUBLISHED
ERROR 2025-08-02 06:01:00,590 signal 1 281472909004832 Signal handler <promise@0xffff81776670 --> <bound method Celery._autodiscover_tasks of <Celery portfolio_project at 0xffff81769a50>>> raised: AttributeError('PUBLISHED')
Traceback (most recent call last):
  File "/usr/local/lib/python3.11/site-packages/celery/utils/dispatch/signal.py", line 276, in send
    response = receiver(signal=self, sender=sender, **named)
               ^^^^^^^^^^^^^^^^^^^^^^^^^^^^^^^^^^^^^^^^^^^^^
  File "/usr/local/lib/python3.11/site-packages/vine/promises.py", line 161, in __call__
    return self.throw()
           ^^^^^^^^^^^^
  File "/usr/local/lib/python3.11/site-packages/vine/promises.py", line 158, in __call__
    retval = fun(*final_args, **final_kwargs)
             ^^^^^^^^^^^^^^^^^^^^^^^^^^^^^^^^
  File "/usr/local/lib/python3.11/site-packages/celery/app/base.py", line 691, in _autodiscover_tasks
    return self._autodiscover_tasks_from_fixups(related_name)
           ^^^^^^^^^^^^^^^^^^^^^^^^^^^^^^^^^^^^^^^^^^^^^^^^^^
  File "/usr/local/lib/python3.11/site-packages/celery/app/base.py", line 700, in _autodiscover_tasks_from_fixups
    return self._autodiscover_tasks_from_names([
           ^^^^^^^^^^^^^^^^^^^^^^^^^^^^^^^^^^^^^
  File "/usr/local/lib/python3.11/site-packages/celery/app/base.py", line 695, in _autodiscover_tasks_from_names
    return self.loader.autodiscover_tasks(
           ^^^^^^^^^^^^^^^^^^^^^^^^^^^^^^^
  File "/usr/local/lib/python3.11/site-packages/celery/loaders/base.py", line 220, in autodiscover_tasks
    mod.__name__ for mod in autodiscover_tasks(packages or (),
                            ^^^^^^^^^^^^^^^^^^^^^^^^^^^^^^^^^^
  File "/usr/local/lib/python3.11/site-packages/celery/loaders/base.py", line 246, in autodiscover_tasks
    return [find_related_module(pkg, related_name) for pkg in packages]
           ^^^^^^^^^^^^^^^^^^^^^^^^^^^^^^^^^^^^^^^^^^^^^^^^^^^^^^^^^^^^
  File "/usr/local/lib/python3.11/site-packages/celery/loaders/base.py", line 246, in <listcomp>
    return [find_related_module(pkg, related_name) for pkg in packages]
            ^^^^^^^^^^^^^^^^^^^^^^^^^^^^^^^^^^^^^^
  File "/usr/local/lib/python3.11/site-packages/celery/loaders/base.py", line 267, in find_related_module
    return importlib.import_module(module_name)
           ^^^^^^^^^^^^^^^^^^^^^^^^^^^^^^^^^^^^
  File "/usr/local/lib/python3.11/importlib/__init__.py", line 126, in import_module
    return _bootstrap._gcd_import(name[level:], package, level)
           ^^^^^^^^^^^^^^^^^^^^^^^^^^^^^^^^^^^^^^^^^^^^^^^^^^^^
  File "<frozen importlib._bootstrap>", line 1204, in _gcd_import
  File "<frozen importlib._bootstrap>", line 1176, in _find_and_load
  File "<frozen importlib._bootstrap>", line 1147, in _find_and_load_unlocked
  File "<frozen importlib._bootstrap>", line 690, in _load_unlocked
  File "<frozen importlib._bootstrap_external>", line 940, in exec_module
  File "<frozen importlib._bootstrap>", line 241, in _call_with_frames_removed
  File "/app/restaurants/tasks.py", line 19, in <module>
    from .models import Restaurant, RestaurantImage
  File "/app/restaurants/models.py", line 998, in <module>
    class RestaurantReview(BaseModel):
  File "/app/restaurants/models.py", line 1017, in RestaurantReview
    default=ReviewStatus.PUBLISHED,
            ^^^^^^^^^^^^^^^^^^^^^^
  File "/usr/local/lib/python3.11/enum.py", line 786, in __getattr__
    raise AttributeError(name) from None
AttributeError: PUBLISHED
ERROR 2025-08-02 06:01:02,968 signal 1 281473663737888 Signal handler <bound method DjangoFixup.on_import_modules of <celery.fixups.django.DjangoFixup object at 0xffffae6642d0>> raised: AttributeError('PUBLISHED')
Traceback (most recent call last):
  File "/usr/local/lib/python3.11/site-packages/celery/utils/dispatch/signal.py", line 276, in send
    response = receiver(signal=self, sender=sender, **named)
               ^^^^^^^^^^^^^^^^^^^^^^^^^^^^^^^^^^^^^^^^^^^^^
  File "/usr/local/lib/python3.11/site-packages/celery/fixups/django.py", line 97, in on_import_modules
    self.worker_fixup.validate_models()
  File "/usr/local/lib/python3.11/site-packages/celery/fixups/django.py", line 135, in validate_models
    self.django_setup()
  File "/usr/local/lib/python3.11/site-packages/celery/fixups/django.py", line 131, in django_setup
    django.setup()
  File "/usr/local/lib/python3.11/site-packages/django/__init__.py", line 24, in setup
    apps.populate(settings.INSTALLED_APPS)
  File "/usr/local/lib/python3.11/site-packages/django/apps/registry.py", line 116, in populate
    app_config.import_models()
  File "/usr/local/lib/python3.11/site-packages/django/apps/config.py", line 269, in import_models
    self.models_module = import_module(models_module_name)
                         ^^^^^^^^^^^^^^^^^^^^^^^^^^^^^^^^^
  File "/usr/local/lib/python3.11/importlib/__init__.py", line 126, in import_module
    return _bootstrap._gcd_import(name[level:], package, level)
           ^^^^^^^^^^^^^^^^^^^^^^^^^^^^^^^^^^^^^^^^^^^^^^^^^^^^
  File "<frozen importlib._bootstrap>", line 1204, in _gcd_import
  File "<frozen importlib._bootstrap>", line 1176, in _find_and_load
  File "<frozen importlib._bootstrap>", line 1147, in _find_and_load_unlocked
  File "<frozen importlib._bootstrap>", line 690, in _load_unlocked
  File "<frozen importlib._bootstrap_external>", line 940, in exec_module
  File "<frozen importlib._bootstrap>", line 241, in _call_with_frames_removed
  File "/app/restaurants/models.py", line 998, in <module>
    class RestaurantReview(BaseModel):
  File "/app/restaurants/models.py", line 1017, in RestaurantReview
    default=ReviewStatus.PUBLISHED,
            ^^^^^^^^^^^^^^^^^^^^^^
  File "/usr/local/lib/python3.11/enum.py", line 786, in __getattr__
    raise AttributeError(name) from None
AttributeError: PUBLISHED
ERROR 2025-08-02 06:01:02,973 signal 1 281472939982880 Signal handler <bound method DjangoFixup.on_import_modules of <celery.fixups.django.DjangoFixup object at 0xffff833f8790>> raised: AttributeError('PUBLISHED')
Traceback (most recent call last):
  File "/usr/local/lib/python3.11/site-packages/celery/utils/dispatch/signal.py", line 276, in send
    response = receiver(signal=self, sender=sender, **named)
               ^^^^^^^^^^^^^^^^^^^^^^^^^^^^^^^^^^^^^^^^^^^^^
  File "/usr/local/lib/python3.11/site-packages/celery/fixups/django.py", line 97, in on_import_modules
    self.worker_fixup.validate_models()
  File "/usr/local/lib/python3.11/site-packages/celery/fixups/django.py", line 135, in validate_models
    self.django_setup()
  File "/usr/local/lib/python3.11/site-packages/celery/fixups/django.py", line 131, in django_setup
    django.setup()
  File "/usr/local/lib/python3.11/site-packages/django/__init__.py", line 24, in setup
    apps.populate(settings.INSTALLED_APPS)
  File "/usr/local/lib/python3.11/site-packages/django/apps/registry.py", line 116, in populate
    app_config.import_models()
  File "/usr/local/lib/python3.11/site-packages/django/apps/config.py", line 269, in import_models
    self.models_module = import_module(models_module_name)
                         ^^^^^^^^^^^^^^^^^^^^^^^^^^^^^^^^^
  File "/usr/local/lib/python3.11/importlib/__init__.py", line 126, in import_module
    return _bootstrap._gcd_import(name[level:], package, level)
           ^^^^^^^^^^^^^^^^^^^^^^^^^^^^^^^^^^^^^^^^^^^^^^^^^^^^
  File "<frozen importlib._bootstrap>", line 1204, in _gcd_import
  File "<frozen importlib._bootstrap>", line 1176, in _find_and_load
  File "<frozen importlib._bootstrap>", line 1147, in _find_and_load_unlocked
  File "<frozen importlib._bootstrap>", line 690, in _load_unlocked
  File "<frozen importlib._bootstrap_external>", line 940, in exec_module
  File "<frozen importlib._bootstrap>", line 241, in _call_with_frames_removed
  File "/app/restaurants/models.py", line 998, in <module>
    class RestaurantReview(BaseModel):
  File "/app/restaurants/models.py", line 1017, in RestaurantReview
    default=ReviewStatus.PUBLISHED,
            ^^^^^^^^^^^^^^^^^^^^^^
  File "/usr/local/lib/python3.11/enum.py", line 786, in __getattr__
    raise AttributeError(name) from None
AttributeError: PUBLISHED
ERROR 2025-08-02 06:01:02,978 signal 1 281473663737888 Signal handler <promise@0xffffae78e670 --> <bound method Celery._autodiscover_tasks of <Celery portfolio_project at 0xffffae789fd0>>> raised: AttributeError('PUBLISHED')
Traceback (most recent call last):
  File "/usr/local/lib/python3.11/site-packages/celery/utils/dispatch/signal.py", line 276, in send
    response = receiver(signal=self, sender=sender, **named)
               ^^^^^^^^^^^^^^^^^^^^^^^^^^^^^^^^^^^^^^^^^^^^^
  File "/usr/local/lib/python3.11/site-packages/vine/promises.py", line 161, in __call__
    return self.throw()
           ^^^^^^^^^^^^
  File "/usr/local/lib/python3.11/site-packages/vine/promises.py", line 158, in __call__
    retval = fun(*final_args, **final_kwargs)
             ^^^^^^^^^^^^^^^^^^^^^^^^^^^^^^^^
  File "/usr/local/lib/python3.11/site-packages/celery/app/base.py", line 691, in _autodiscover_tasks
    return self._autodiscover_tasks_from_fixups(related_name)
           ^^^^^^^^^^^^^^^^^^^^^^^^^^^^^^^^^^^^^^^^^^^^^^^^^^
  File "/usr/local/lib/python3.11/site-packages/celery/app/base.py", line 700, in _autodiscover_tasks_from_fixups
    return self._autodiscover_tasks_from_names([
           ^^^^^^^^^^^^^^^^^^^^^^^^^^^^^^^^^^^^^
  File "/usr/local/lib/python3.11/site-packages/celery/app/base.py", line 695, in _autodiscover_tasks_from_names
    return self.loader.autodiscover_tasks(
           ^^^^^^^^^^^^^^^^^^^^^^^^^^^^^^^
  File "/usr/local/lib/python3.11/site-packages/celery/loaders/base.py", line 220, in autodiscover_tasks
    mod.__name__ for mod in autodiscover_tasks(packages or (),
                            ^^^^^^^^^^^^^^^^^^^^^^^^^^^^^^^^^^
  File "/usr/local/lib/python3.11/site-packages/celery/loaders/base.py", line 246, in autodiscover_tasks
    return [find_related_module(pkg, related_name) for pkg in packages]
           ^^^^^^^^^^^^^^^^^^^^^^^^^^^^^^^^^^^^^^^^^^^^^^^^^^^^^^^^^^^^
  File "/usr/local/lib/python3.11/site-packages/celery/loaders/base.py", line 246, in <listcomp>
    return [find_related_module(pkg, related_name) for pkg in packages]
            ^^^^^^^^^^^^^^^^^^^^^^^^^^^^^^^^^^^^^^
  File "/usr/local/lib/python3.11/site-packages/celery/loaders/base.py", line 267, in find_related_module
    return importlib.import_module(module_name)
           ^^^^^^^^^^^^^^^^^^^^^^^^^^^^^^^^^^^^
  File "/usr/local/lib/python3.11/importlib/__init__.py", line 126, in import_module
    return _bootstrap._gcd_import(name[level:], package, level)
           ^^^^^^^^^^^^^^^^^^^^^^^^^^^^^^^^^^^^^^^^^^^^^^^^^^^^
  File "<frozen importlib._bootstrap>", line 1204, in _gcd_import
  File "<frozen importlib._bootstrap>", line 1176, in _find_and_load
  File "<frozen importlib._bootstrap>", line 1147, in _find_and_load_unlocked
  File "<frozen importlib._bootstrap>", line 690, in _load_unlocked
  File "<frozen importlib._bootstrap_external>", line 940, in exec_module
  File "<frozen importlib._bootstrap>", line 241, in _call_with_frames_removed
  File "/app/restaurants/tasks.py", line 19, in <module>
    from .models import Restaurant, RestaurantImage
  File "/app/restaurants/models.py", line 998, in <module>
    class RestaurantReview(BaseModel):
  File "/app/restaurants/models.py", line 1017, in RestaurantReview
    default=ReviewStatus.PUBLISHED,
            ^^^^^^^^^^^^^^^^^^^^^^
  File "/usr/local/lib/python3.11/enum.py", line 786, in __getattr__
    raise AttributeError(name) from None
AttributeError: PUBLISHED
ERROR 2025-08-02 06:01:02,985 signal 1 281472939982880 Signal handler <promise@0xffff834d2670 --> <bound method Celery._autodiscover_tasks of <Celery portfolio_project at 0xffff83522550>>> raised: AttributeError('PUBLISHED')
Traceback (most recent call last):
  File "/usr/local/lib/python3.11/site-packages/celery/utils/dispatch/signal.py", line 276, in send
    response = receiver(signal=self, sender=sender, **named)
               ^^^^^^^^^^^^^^^^^^^^^^^^^^^^^^^^^^^^^^^^^^^^^
  File "/usr/local/lib/python3.11/site-packages/vine/promises.py", line 161, in __call__
    return self.throw()
           ^^^^^^^^^^^^
  File "/usr/local/lib/python3.11/site-packages/vine/promises.py", line 158, in __call__
    retval = fun(*final_args, **final_kwargs)
             ^^^^^^^^^^^^^^^^^^^^^^^^^^^^^^^^
  File "/usr/local/lib/python3.11/site-packages/celery/app/base.py", line 691, in _autodiscover_tasks
    return self._autodiscover_tasks_from_fixups(related_name)
           ^^^^^^^^^^^^^^^^^^^^^^^^^^^^^^^^^^^^^^^^^^^^^^^^^^
  File "/usr/local/lib/python3.11/site-packages/celery/app/base.py", line 700, in _autodiscover_tasks_from_fixups
    return self._autodiscover_tasks_from_names([
           ^^^^^^^^^^^^^^^^^^^^^^^^^^^^^^^^^^^^^
  File "/usr/local/lib/python3.11/site-packages/celery/app/base.py", line 695, in _autodiscover_tasks_from_names
    return self.loader.autodiscover_tasks(
           ^^^^^^^^^^^^^^^^^^^^^^^^^^^^^^^
  File "/usr/local/lib/python3.11/site-packages/celery/loaders/base.py", line 220, in autodiscover_tasks
    mod.__name__ for mod in autodiscover_tasks(packages or (),
                            ^^^^^^^^^^^^^^^^^^^^^^^^^^^^^^^^^^
  File "/usr/local/lib/python3.11/site-packages/celery/loaders/base.py", line 246, in autodiscover_tasks
    return [find_related_module(pkg, related_name) for pkg in packages]
           ^^^^^^^^^^^^^^^^^^^^^^^^^^^^^^^^^^^^^^^^^^^^^^^^^^^^^^^^^^^^
  File "/usr/local/lib/python3.11/site-packages/celery/loaders/base.py", line 246, in <listcomp>
    return [find_related_module(pkg, related_name) for pkg in packages]
            ^^^^^^^^^^^^^^^^^^^^^^^^^^^^^^^^^^^^^^
  File "/usr/local/lib/python3.11/site-packages/celery/loaders/base.py", line 267, in find_related_module
    return importlib.import_module(module_name)
           ^^^^^^^^^^^^^^^^^^^^^^^^^^^^^^^^^^^^
  File "/usr/local/lib/python3.11/importlib/__init__.py", line 126, in import_module
    return _bootstrap._gcd_import(name[level:], package, level)
           ^^^^^^^^^^^^^^^^^^^^^^^^^^^^^^^^^^^^^^^^^^^^^^^^^^^^
  File "<frozen importlib._bootstrap>", line 1204, in _gcd_import
  File "<frozen importlib._bootstrap>", line 1176, in _find_and_load
  File "<frozen importlib._bootstrap>", line 1147, in _find_and_load_unlocked
  File "<frozen importlib._bootstrap>", line 690, in _load_unlocked
  File "<frozen importlib._bootstrap_external>", line 940, in exec_module
  File "<frozen importlib._bootstrap>", line 241, in _call_with_frames_removed
  File "/app/restaurants/tasks.py", line 19, in <module>
    from .models import Restaurant, RestaurantImage
  File "/app/restaurants/models.py", line 998, in <module>
    class RestaurantReview(BaseModel):
  File "/app/restaurants/models.py", line 1017, in RestaurantReview
    default=ReviewStatus.PUBLISHED,
            ^^^^^^^^^^^^^^^^^^^^^^
  File "/usr/local/lib/python3.11/enum.py", line 786, in __getattr__
    raise AttributeError(name) from None
AttributeError: PUBLISHED
ERROR 2025-08-02 06:01:06,973 signal 1 281473826963488 Signal handler <bound method DjangoFixup.on_import_modules of <celery.fixups.django.DjangoFixup object at 0xffffb81d01d0>> raised: AttributeError('PUBLISHED')
Traceback (most recent call last):
  File "/usr/local/lib/python3.11/site-packages/celery/utils/dispatch/signal.py", line 276, in send
    response = receiver(signal=self, sender=sender, **named)
               ^^^^^^^^^^^^^^^^^^^^^^^^^^^^^^^^^^^^^^^^^^^^^
  File "/usr/local/lib/python3.11/site-packages/celery/fixups/django.py", line 97, in on_import_modules
    self.worker_fixup.validate_models()
  File "/usr/local/lib/python3.11/site-packages/celery/fixups/django.py", line 135, in validate_models
    self.django_setup()
  File "/usr/local/lib/python3.11/site-packages/celery/fixups/django.py", line 131, in django_setup
    django.setup()
  File "/usr/local/lib/python3.11/site-packages/django/__init__.py", line 24, in setup
    apps.populate(settings.INSTALLED_APPS)
  File "/usr/local/lib/python3.11/site-packages/django/apps/registry.py", line 116, in populate
    app_config.import_models()
  File "/usr/local/lib/python3.11/site-packages/django/apps/config.py", line 269, in import_models
    self.models_module = import_module(models_module_name)
                         ^^^^^^^^^^^^^^^^^^^^^^^^^^^^^^^^^
  File "/usr/local/lib/python3.11/importlib/__init__.py", line 126, in import_module
    return _bootstrap._gcd_import(name[level:], package, level)
           ^^^^^^^^^^^^^^^^^^^^^^^^^^^^^^^^^^^^^^^^^^^^^^^^^^^^
  File "<frozen importlib._bootstrap>", line 1204, in _gcd_import
  File "<frozen importlib._bootstrap>", line 1176, in _find_and_load
  File "<frozen importlib._bootstrap>", line 1147, in _find_and_load_unlocked
  File "<frozen importlib._bootstrap>", line 690, in _load_unlocked
  File "<frozen importlib._bootstrap_external>", line 940, in exec_module
  File "<frozen importlib._bootstrap>", line 241, in _call_with_frames_removed
  File "/app/restaurants/models.py", line 998, in <module>
    class RestaurantReview(BaseModel):
  File "/app/restaurants/models.py", line 1017, in RestaurantReview
    default=ReviewStatus.PUBLISHED,
            ^^^^^^^^^^^^^^^^^^^^^^
  File "/usr/local/lib/python3.11/enum.py", line 786, in __getattr__
    raise AttributeError(name) from None
AttributeError: PUBLISHED
ERROR 2025-08-02 06:01:06,990 signal 1 281473826963488 Signal handler <promise@0xffffb82b6670 --> <bound method Celery._autodiscover_tasks of <Celery portfolio_project at 0xffffb82a9f50>>> raised: AttributeError('PUBLISHED')
Traceback (most recent call last):
  File "/usr/local/lib/python3.11/site-packages/celery/utils/dispatch/signal.py", line 276, in send
    response = receiver(signal=self, sender=sender, **named)
               ^^^^^^^^^^^^^^^^^^^^^^^^^^^^^^^^^^^^^^^^^^^^^
  File "/usr/local/lib/python3.11/site-packages/vine/promises.py", line 161, in __call__
    return self.throw()
           ^^^^^^^^^^^^
  File "/usr/local/lib/python3.11/site-packages/vine/promises.py", line 158, in __call__
    retval = fun(*final_args, **final_kwargs)
             ^^^^^^^^^^^^^^^^^^^^^^^^^^^^^^^^
  File "/usr/local/lib/python3.11/site-packages/celery/app/base.py", line 691, in _autodiscover_tasks
    return self._autodiscover_tasks_from_fixups(related_name)
           ^^^^^^^^^^^^^^^^^^^^^^^^^^^^^^^^^^^^^^^^^^^^^^^^^^
  File "/usr/local/lib/python3.11/site-packages/celery/app/base.py", line 700, in _autodiscover_tasks_from_fixups
    return self._autodiscover_tasks_from_names([
           ^^^^^^^^^^^^^^^^^^^^^^^^^^^^^^^^^^^^^
  File "/usr/local/lib/python3.11/site-packages/celery/app/base.py", line 695, in _autodiscover_tasks_from_names
    return self.loader.autodiscover_tasks(
           ^^^^^^^^^^^^^^^^^^^^^^^^^^^^^^^
  File "/usr/local/lib/python3.11/site-packages/celery/loaders/base.py", line 220, in autodiscover_tasks
    mod.__name__ for mod in autodiscover_tasks(packages or (),
                            ^^^^^^^^^^^^^^^^^^^^^^^^^^^^^^^^^^
  File "/usr/local/lib/python3.11/site-packages/celery/loaders/base.py", line 246, in autodiscover_tasks
    return [find_related_module(pkg, related_name) for pkg in packages]
           ^^^^^^^^^^^^^^^^^^^^^^^^^^^^^^^^^^^^^^^^^^^^^^^^^^^^^^^^^^^^
  File "/usr/local/lib/python3.11/site-packages/celery/loaders/base.py", line 246, in <listcomp>
    return [find_related_module(pkg, related_name) for pkg in packages]
            ^^^^^^^^^^^^^^^^^^^^^^^^^^^^^^^^^^^^^^
  File "/usr/local/lib/python3.11/site-packages/celery/loaders/base.py", line 267, in find_related_module
    return importlib.import_module(module_name)
           ^^^^^^^^^^^^^^^^^^^^^^^^^^^^^^^^^^^^
  File "/usr/local/lib/python3.11/importlib/__init__.py", line 126, in import_module
    return _bootstrap._gcd_import(name[level:], package, level)
           ^^^^^^^^^^^^^^^^^^^^^^^^^^^^^^^^^^^^^^^^^^^^^^^^^^^^
  File "<frozen importlib._bootstrap>", line 1204, in _gcd_import
  File "<frozen importlib._bootstrap>", line 1176, in _find_and_load
  File "<frozen importlib._bootstrap>", line 1147, in _find_and_load_unlocked
  File "<frozen importlib._bootstrap>", line 690, in _load_unlocked
  File "<frozen importlib._bootstrap_external>", line 940, in exec_module
  File "<frozen importlib._bootstrap>", line 241, in _call_with_frames_removed
  File "/app/restaurants/tasks.py", line 19, in <module>
    from .models import Restaurant, RestaurantImage
  File "/app/restaurants/models.py", line 998, in <module>
    class RestaurantReview(BaseModel):
  File "/app/restaurants/models.py", line 1017, in RestaurantReview
    default=ReviewStatus.PUBLISHED,
            ^^^^^^^^^^^^^^^^^^^^^^
  File "/usr/local/lib/python3.11/enum.py", line 786, in __getattr__
    raise AttributeError(name) from None
AttributeError: PUBLISHED
ERROR 2025-08-02 06:01:06,989 signal 1 281473584963616 Signal handler <bound method DjangoFixup.on_import_modules of <celery.fixups.django.DjangoFixup object at 0xffffa9b00590>> raised: AttributeError('PUBLISHED')
Traceback (most recent call last):
  File "/usr/local/lib/python3.11/site-packages/celery/utils/dispatch/signal.py", line 276, in send
    response = receiver(signal=self, sender=sender, **named)
               ^^^^^^^^^^^^^^^^^^^^^^^^^^^^^^^^^^^^^^^^^^^^^
  File "/usr/local/lib/python3.11/site-packages/celery/fixups/django.py", line 97, in on_import_modules
    self.worker_fixup.validate_models()
  File "/usr/local/lib/python3.11/site-packages/celery/fixups/django.py", line 135, in validate_models
    self.django_setup()
  File "/usr/local/lib/python3.11/site-packages/celery/fixups/django.py", line 131, in django_setup
    django.setup()
  File "/usr/local/lib/python3.11/site-packages/django/__init__.py", line 24, in setup
    apps.populate(settings.INSTALLED_APPS)
  File "/usr/local/lib/python3.11/site-packages/django/apps/registry.py", line 116, in populate
    app_config.import_models()
  File "/usr/local/lib/python3.11/site-packages/django/apps/config.py", line 269, in import_models
    self.models_module = import_module(models_module_name)
                         ^^^^^^^^^^^^^^^^^^^^^^^^^^^^^^^^^
  File "/usr/local/lib/python3.11/importlib/__init__.py", line 126, in import_module
    return _bootstrap._gcd_import(name[level:], package, level)
           ^^^^^^^^^^^^^^^^^^^^^^^^^^^^^^^^^^^^^^^^^^^^^^^^^^^^
  File "<frozen importlib._bootstrap>", line 1204, in _gcd_import
  File "<frozen importlib._bootstrap>", line 1176, in _find_and_load
  File "<frozen importlib._bootstrap>", line 1147, in _find_and_load_unlocked
  File "<frozen importlib._bootstrap>", line 690, in _load_unlocked
  File "<frozen importlib._bootstrap_external>", line 940, in exec_module
  File "<frozen importlib._bootstrap>", line 241, in _call_with_frames_removed
  File "/app/restaurants/models.py", line 998, in <module>
    class RestaurantReview(BaseModel):
  File "/app/restaurants/models.py", line 1017, in RestaurantReview
    default=ReviewStatus.PUBLISHED,
            ^^^^^^^^^^^^^^^^^^^^^^
  File "/usr/local/lib/python3.11/enum.py", line 786, in __getattr__
    raise AttributeError(name) from None
AttributeError: PUBLISHED
ERROR 2025-08-02 06:01:07,002 signal 1 281473584963616 Signal handler <promise@0xffffa9c26670 --> <bound method Celery._autodiscover_tasks of <Celery portfolio_project at 0xffffa9c222d0>>> raised: AttributeError('PUBLISHED')
Traceback (most recent call last):
  File "/usr/local/lib/python3.11/site-packages/celery/utils/dispatch/signal.py", line 276, in send
    response = receiver(signal=self, sender=sender, **named)
               ^^^^^^^^^^^^^^^^^^^^^^^^^^^^^^^^^^^^^^^^^^^^^
  File "/usr/local/lib/python3.11/site-packages/vine/promises.py", line 161, in __call__
    return self.throw()
           ^^^^^^^^^^^^
  File "/usr/local/lib/python3.11/site-packages/vine/promises.py", line 158, in __call__
    retval = fun(*final_args, **final_kwargs)
             ^^^^^^^^^^^^^^^^^^^^^^^^^^^^^^^^
  File "/usr/local/lib/python3.11/site-packages/celery/app/base.py", line 691, in _autodiscover_tasks
    return self._autodiscover_tasks_from_fixups(related_name)
           ^^^^^^^^^^^^^^^^^^^^^^^^^^^^^^^^^^^^^^^^^^^^^^^^^^
  File "/usr/local/lib/python3.11/site-packages/celery/app/base.py", line 700, in _autodiscover_tasks_from_fixups
    return self._autodiscover_tasks_from_names([
           ^^^^^^^^^^^^^^^^^^^^^^^^^^^^^^^^^^^^^
  File "/usr/local/lib/python3.11/site-packages/celery/app/base.py", line 695, in _autodiscover_tasks_from_names
    return self.loader.autodiscover_tasks(
           ^^^^^^^^^^^^^^^^^^^^^^^^^^^^^^^
  File "/usr/local/lib/python3.11/site-packages/celery/loaders/base.py", line 220, in autodiscover_tasks
    mod.__name__ for mod in autodiscover_tasks(packages or (),
                            ^^^^^^^^^^^^^^^^^^^^^^^^^^^^^^^^^^
  File "/usr/local/lib/python3.11/site-packages/celery/loaders/base.py", line 246, in autodiscover_tasks
    return [find_related_module(pkg, related_name) for pkg in packages]
           ^^^^^^^^^^^^^^^^^^^^^^^^^^^^^^^^^^^^^^^^^^^^^^^^^^^^^^^^^^^^
  File "/usr/local/lib/python3.11/site-packages/celery/loaders/base.py", line 246, in <listcomp>
    return [find_related_module(pkg, related_name) for pkg in packages]
            ^^^^^^^^^^^^^^^^^^^^^^^^^^^^^^^^^^^^^^
  File "/usr/local/lib/python3.11/site-packages/celery/loaders/base.py", line 267, in find_related_module
    return importlib.import_module(module_name)
           ^^^^^^^^^^^^^^^^^^^^^^^^^^^^^^^^^^^^
  File "/usr/local/lib/python3.11/importlib/__init__.py", line 126, in import_module
    return _bootstrap._gcd_import(name[level:], package, level)
           ^^^^^^^^^^^^^^^^^^^^^^^^^^^^^^^^^^^^^^^^^^^^^^^^^^^^
  File "<frozen importlib._bootstrap>", line 1204, in _gcd_import
  File "<frozen importlib._bootstrap>", line 1176, in _find_and_load
  File "<frozen importlib._bootstrap>", line 1147, in _find_and_load_unlocked
  File "<frozen importlib._bootstrap>", line 690, in _load_unlocked
  File "<frozen importlib._bootstrap_external>", line 940, in exec_module
  File "<frozen importlib._bootstrap>", line 241, in _call_with_frames_removed
  File "/app/restaurants/tasks.py", line 19, in <module>
    from .models import Restaurant, RestaurantImage
  File "/app/restaurants/models.py", line 998, in <module>
    class RestaurantReview(BaseModel):
  File "/app/restaurants/models.py", line 1017, in RestaurantReview
    default=ReviewStatus.PUBLISHED,
            ^^^^^^^^^^^^^^^^^^^^^^
  File "/usr/local/lib/python3.11/enum.py", line 786, in __getattr__
    raise AttributeError(name) from None
AttributeError: PUBLISHED
ERROR 2025-08-02 06:01:14,194 signal 1 281473397415968 Signal handler <bound method DjangoFixup.on_import_modules of <celery.fixups.django.DjangoFixup object at 0xffff9e864490>> raised: AttributeError('PUBLISHED')
Traceback (most recent call last):
  File "/usr/local/lib/python3.11/site-packages/celery/utils/dispatch/signal.py", line 276, in send
    response = receiver(signal=self, sender=sender, **named)
               ^^^^^^^^^^^^^^^^^^^^^^^^^^^^^^^^^^^^^^^^^^^^^
  File "/usr/local/lib/python3.11/site-packages/celery/fixups/django.py", line 97, in on_import_modules
    self.worker_fixup.validate_models()
  File "/usr/local/lib/python3.11/site-packages/celery/fixups/django.py", line 135, in validate_models
    self.django_setup()
  File "/usr/local/lib/python3.11/site-packages/celery/fixups/django.py", line 131, in django_setup
    django.setup()
  File "/usr/local/lib/python3.11/site-packages/django/__init__.py", line 24, in setup
    apps.populate(settings.INSTALLED_APPS)
  File "/usr/local/lib/python3.11/site-packages/django/apps/registry.py", line 116, in populate
    app_config.import_models()
  File "/usr/local/lib/python3.11/site-packages/django/apps/config.py", line 269, in import_models
    self.models_module = import_module(models_module_name)
                         ^^^^^^^^^^^^^^^^^^^^^^^^^^^^^^^^^
  File "/usr/local/lib/python3.11/importlib/__init__.py", line 126, in import_module
    return _bootstrap._gcd_import(name[level:], package, level)
           ^^^^^^^^^^^^^^^^^^^^^^^^^^^^^^^^^^^^^^^^^^^^^^^^^^^^
  File "<frozen importlib._bootstrap>", line 1204, in _gcd_import
  File "<frozen importlib._bootstrap>", line 1176, in _find_and_load
  File "<frozen importlib._bootstrap>", line 1147, in _find_and_load_unlocked
  File "<frozen importlib._bootstrap>", line 690, in _load_unlocked
  File "<frozen importlib._bootstrap_external>", line 940, in exec_module
  File "<frozen importlib._bootstrap>", line 241, in _call_with_frames_removed
  File "/app/restaurants/models.py", line 998, in <module>
    class RestaurantReview(BaseModel):
  File "/app/restaurants/models.py", line 1017, in RestaurantReview
    default=ReviewStatus.PUBLISHED,
            ^^^^^^^^^^^^^^^^^^^^^^
  File "/usr/local/lib/python3.11/enum.py", line 786, in __getattr__
    raise AttributeError(name) from None
AttributeError: PUBLISHED
ERROR 2025-08-02 06:01:14,208 signal 1 281473811533856 Signal handler <bound method DjangoFixup.on_import_modules of <celery.fixups.django.DjangoFixup object at 0xffffb732c210>> raised: AttributeError('PUBLISHED')
Traceback (most recent call last):
  File "/usr/local/lib/python3.11/site-packages/celery/utils/dispatch/signal.py", line 276, in send
    response = receiver(signal=self, sender=sender, **named)
               ^^^^^^^^^^^^^^^^^^^^^^^^^^^^^^^^^^^^^^^^^^^^^
  File "/usr/local/lib/python3.11/site-packages/celery/fixups/django.py", line 97, in on_import_modules
    self.worker_fixup.validate_models()
  File "/usr/local/lib/python3.11/site-packages/celery/fixups/django.py", line 135, in validate_models
    self.django_setup()
  File "/usr/local/lib/python3.11/site-packages/celery/fixups/django.py", line 131, in django_setup
    django.setup()
  File "/usr/local/lib/python3.11/site-packages/django/__init__.py", line 24, in setup
    apps.populate(settings.INSTALLED_APPS)
  File "/usr/local/lib/python3.11/site-packages/django/apps/registry.py", line 116, in populate
    app_config.import_models()
  File "/usr/local/lib/python3.11/site-packages/django/apps/config.py", line 269, in import_models
    self.models_module = import_module(models_module_name)
                         ^^^^^^^^^^^^^^^^^^^^^^^^^^^^^^^^^
  File "/usr/local/lib/python3.11/importlib/__init__.py", line 126, in import_module
    return _bootstrap._gcd_import(name[level:], package, level)
           ^^^^^^^^^^^^^^^^^^^^^^^^^^^^^^^^^^^^^^^^^^^^^^^^^^^^
  File "<frozen importlib._bootstrap>", line 1204, in _gcd_import
  File "<frozen importlib._bootstrap>", line 1176, in _find_and_load
  File "<frozen importlib._bootstrap>", line 1147, in _find_and_load_unlocked
  File "<frozen importlib._bootstrap>", line 690, in _load_unlocked
  File "<frozen importlib._bootstrap_external>", line 940, in exec_module
  File "<frozen importlib._bootstrap>", line 241, in _call_with_frames_removed
  File "/app/restaurants/models.py", line 998, in <module>
    class RestaurantReview(BaseModel):
  File "/app/restaurants/models.py", line 1017, in RestaurantReview
    default=ReviewStatus.PUBLISHED,
            ^^^^^^^^^^^^^^^^^^^^^^
  File "/usr/local/lib/python3.11/enum.py", line 786, in __getattr__
    raise AttributeError(name) from None
AttributeError: PUBLISHED
ERROR 2025-08-02 06:01:14,210 signal 1 281473397415968 Signal handler <promise@0xffff9e98e670 --> <bound method Celery._autodiscover_tasks of <Celery portfolio_project at 0xffff9e98a1d0>>> raised: AttributeError('PUBLISHED')
Traceback (most recent call last):
  File "/usr/local/lib/python3.11/site-packages/celery/utils/dispatch/signal.py", line 276, in send
    response = receiver(signal=self, sender=sender, **named)
               ^^^^^^^^^^^^^^^^^^^^^^^^^^^^^^^^^^^^^^^^^^^^^
  File "/usr/local/lib/python3.11/site-packages/vine/promises.py", line 161, in __call__
    return self.throw()
           ^^^^^^^^^^^^
  File "/usr/local/lib/python3.11/site-packages/vine/promises.py", line 158, in __call__
    retval = fun(*final_args, **final_kwargs)
             ^^^^^^^^^^^^^^^^^^^^^^^^^^^^^^^^
  File "/usr/local/lib/python3.11/site-packages/celery/app/base.py", line 691, in _autodiscover_tasks
    return self._autodiscover_tasks_from_fixups(related_name)
           ^^^^^^^^^^^^^^^^^^^^^^^^^^^^^^^^^^^^^^^^^^^^^^^^^^
  File "/usr/local/lib/python3.11/site-packages/celery/app/base.py", line 700, in _autodiscover_tasks_from_fixups
    return self._autodiscover_tasks_from_names([
           ^^^^^^^^^^^^^^^^^^^^^^^^^^^^^^^^^^^^^
  File "/usr/local/lib/python3.11/site-packages/celery/app/base.py", line 695, in _autodiscover_tasks_from_names
    return self.loader.autodiscover_tasks(
           ^^^^^^^^^^^^^^^^^^^^^^^^^^^^^^^
  File "/usr/local/lib/python3.11/site-packages/celery/loaders/base.py", line 220, in autodiscover_tasks
    mod.__name__ for mod in autodiscover_tasks(packages or (),
                            ^^^^^^^^^^^^^^^^^^^^^^^^^^^^^^^^^^
  File "/usr/local/lib/python3.11/site-packages/celery/loaders/base.py", line 246, in autodiscover_tasks
    return [find_related_module(pkg, related_name) for pkg in packages]
           ^^^^^^^^^^^^^^^^^^^^^^^^^^^^^^^^^^^^^^^^^^^^^^^^^^^^^^^^^^^^
  File "/usr/local/lib/python3.11/site-packages/celery/loaders/base.py", line 246, in <listcomp>
    return [find_related_module(pkg, related_name) for pkg in packages]
            ^^^^^^^^^^^^^^^^^^^^^^^^^^^^^^^^^^^^^^
  File "/usr/local/lib/python3.11/site-packages/celery/loaders/base.py", line 267, in find_related_module
    return importlib.import_module(module_name)
           ^^^^^^^^^^^^^^^^^^^^^^^^^^^^^^^^^^^^
  File "/usr/local/lib/python3.11/importlib/__init__.py", line 126, in import_module
    return _bootstrap._gcd_import(name[level:], package, level)
           ^^^^^^^^^^^^^^^^^^^^^^^^^^^^^^^^^^^^^^^^^^^^^^^^^^^^
  File "<frozen importlib._bootstrap>", line 1204, in _gcd_import
  File "<frozen importlib._bootstrap>", line 1176, in _find_and_load
  File "<frozen importlib._bootstrap>", line 1147, in _find_and_load_unlocked
  File "<frozen importlib._bootstrap>", line 690, in _load_unlocked
  File "<frozen importlib._bootstrap_external>", line 940, in exec_module
  File "<frozen importlib._bootstrap>", line 241, in _call_with_frames_removed
  File "/app/restaurants/tasks.py", line 19, in <module>
    from .models import Restaurant, RestaurantImage
  File "/app/restaurants/models.py", line 998, in <module>
    class RestaurantReview(BaseModel):
  File "/app/restaurants/models.py", line 1017, in RestaurantReview
    default=ReviewStatus.PUBLISHED,
            ^^^^^^^^^^^^^^^^^^^^^^
  File "/usr/local/lib/python3.11/enum.py", line 786, in __getattr__
    raise AttributeError(name) from None
AttributeError: PUBLISHED
ERROR 2025-08-02 06:01:14,218 signal 1 281473811533856 Signal handler <promise@0xffffb7406670 --> <bound method Celery._autodiscover_tasks of <Celery portfolio_project at 0xffffb7451f50>>> raised: AttributeError('PUBLISHED')
Traceback (most recent call last):
  File "/usr/local/lib/python3.11/site-packages/celery/utils/dispatch/signal.py", line 276, in send
    response = receiver(signal=self, sender=sender, **named)
               ^^^^^^^^^^^^^^^^^^^^^^^^^^^^^^^^^^^^^^^^^^^^^
  File "/usr/local/lib/python3.11/site-packages/vine/promises.py", line 161, in __call__
    return self.throw()
           ^^^^^^^^^^^^
  File "/usr/local/lib/python3.11/site-packages/vine/promises.py", line 158, in __call__
    retval = fun(*final_args, **final_kwargs)
             ^^^^^^^^^^^^^^^^^^^^^^^^^^^^^^^^
  File "/usr/local/lib/python3.11/site-packages/celery/app/base.py", line 691, in _autodiscover_tasks
    return self._autodiscover_tasks_from_fixups(related_name)
           ^^^^^^^^^^^^^^^^^^^^^^^^^^^^^^^^^^^^^^^^^^^^^^^^^^
  File "/usr/local/lib/python3.11/site-packages/celery/app/base.py", line 700, in _autodiscover_tasks_from_fixups
    return self._autodiscover_tasks_from_names([
           ^^^^^^^^^^^^^^^^^^^^^^^^^^^^^^^^^^^^^
  File "/usr/local/lib/python3.11/site-packages/celery/app/base.py", line 695, in _autodiscover_tasks_from_names
    return self.loader.autodiscover_tasks(
           ^^^^^^^^^^^^^^^^^^^^^^^^^^^^^^^
  File "/usr/local/lib/python3.11/site-packages/celery/loaders/base.py", line 220, in autodiscover_tasks
    mod.__name__ for mod in autodiscover_tasks(packages or (),
                            ^^^^^^^^^^^^^^^^^^^^^^^^^^^^^^^^^^
  File "/usr/local/lib/python3.11/site-packages/celery/loaders/base.py", line 246, in autodiscover_tasks
    return [find_related_module(pkg, related_name) for pkg in packages]
           ^^^^^^^^^^^^^^^^^^^^^^^^^^^^^^^^^^^^^^^^^^^^^^^^^^^^^^^^^^^^
  File "/usr/local/lib/python3.11/site-packages/celery/loaders/base.py", line 246, in <listcomp>
    return [find_related_module(pkg, related_name) for pkg in packages]
            ^^^^^^^^^^^^^^^^^^^^^^^^^^^^^^^^^^^^^^
  File "/usr/local/lib/python3.11/site-packages/celery/loaders/base.py", line 267, in find_related_module
    return importlib.import_module(module_name)
           ^^^^^^^^^^^^^^^^^^^^^^^^^^^^^^^^^^^^
  File "/usr/local/lib/python3.11/importlib/__init__.py", line 126, in import_module
    return _bootstrap._gcd_import(name[level:], package, level)
           ^^^^^^^^^^^^^^^^^^^^^^^^^^^^^^^^^^^^^^^^^^^^^^^^^^^^
  File "<frozen importlib._bootstrap>", line 1204, in _gcd_import
  File "<frozen importlib._bootstrap>", line 1176, in _find_and_load
  File "<frozen importlib._bootstrap>", line 1147, in _find_and_load_unlocked
  File "<frozen importlib._bootstrap>", line 690, in _load_unlocked
  File "<frozen importlib._bootstrap_external>", line 940, in exec_module
  File "<frozen importlib._bootstrap>", line 241, in _call_with_frames_removed
  File "/app/restaurants/tasks.py", line 19, in <module>
    from .models import Restaurant, RestaurantImage
  File "/app/restaurants/models.py", line 998, in <module>
    class RestaurantReview(BaseModel):
  File "/app/restaurants/models.py", line 1017, in RestaurantReview
    default=ReviewStatus.PUBLISHED,
            ^^^^^^^^^^^^^^^^^^^^^^
  File "/usr/local/lib/python3.11/enum.py", line 786, in __getattr__
    raise AttributeError(name) from None
AttributeError: PUBLISHED
ERROR 2025-08-02 06:01:27,808 signal 1 281473764798496 Signal handler <bound method DjangoFixup.on_import_modules of <celery.fixups.django.DjangoFixup object at 0xffffb46b8350>> raised: AttributeError('PUBLISHED')
Traceback (most recent call last):
  File "/usr/local/lib/python3.11/site-packages/celery/utils/dispatch/signal.py", line 276, in send
    response = receiver(signal=self, sender=sender, **named)
               ^^^^^^^^^^^^^^^^^^^^^^^^^^^^^^^^^^^^^^^^^^^^^
  File "/usr/local/lib/python3.11/site-packages/celery/fixups/django.py", line 97, in on_import_modules
    self.worker_fixup.validate_models()
  File "/usr/local/lib/python3.11/site-packages/celery/fixups/django.py", line 135, in validate_models
    self.django_setup()
  File "/usr/local/lib/python3.11/site-packages/celery/fixups/django.py", line 131, in django_setup
    django.setup()
  File "/usr/local/lib/python3.11/site-packages/django/__init__.py", line 24, in setup
    apps.populate(settings.INSTALLED_APPS)
  File "/usr/local/lib/python3.11/site-packages/django/apps/registry.py", line 116, in populate
    app_config.import_models()
  File "/usr/local/lib/python3.11/site-packages/django/apps/config.py", line 269, in import_models
    self.models_module = import_module(models_module_name)
                         ^^^^^^^^^^^^^^^^^^^^^^^^^^^^^^^^^
  File "/usr/local/lib/python3.11/importlib/__init__.py", line 126, in import_module
    return _bootstrap._gcd_import(name[level:], package, level)
           ^^^^^^^^^^^^^^^^^^^^^^^^^^^^^^^^^^^^^^^^^^^^^^^^^^^^
  File "<frozen importlib._bootstrap>", line 1204, in _gcd_import
  File "<frozen importlib._bootstrap>", line 1176, in _find_and_load
  File "<frozen importlib._bootstrap>", line 1147, in _find_and_load_unlocked
  File "<frozen importlib._bootstrap>", line 690, in _load_unlocked
  File "<frozen importlib._bootstrap_external>", line 940, in exec_module
  File "<frozen importlib._bootstrap>", line 241, in _call_with_frames_removed
  File "/app/restaurants/models.py", line 998, in <module>
    class RestaurantReview(BaseModel):
  File "/app/restaurants/models.py", line 1017, in RestaurantReview
    default=ReviewStatus.PUBLISHED,
            ^^^^^^^^^^^^^^^^^^^^^^
  File "/usr/local/lib/python3.11/enum.py", line 786, in __getattr__
    raise AttributeError(name) from None
AttributeError: PUBLISHED
ERROR 2025-08-02 06:01:27,819 signal 1 281473764798496 Signal handler <promise@0xffffb4792670 --> <bound method Celery._autodiscover_tasks of <Celery portfolio_project at 0xffffb47e2210>>> raised: AttributeError('PUBLISHED')
Traceback (most recent call last):
  File "/usr/local/lib/python3.11/site-packages/celery/utils/dispatch/signal.py", line 276, in send
    response = receiver(signal=self, sender=sender, **named)
               ^^^^^^^^^^^^^^^^^^^^^^^^^^^^^^^^^^^^^^^^^^^^^
  File "/usr/local/lib/python3.11/site-packages/vine/promises.py", line 161, in __call__
    return self.throw()
           ^^^^^^^^^^^^
  File "/usr/local/lib/python3.11/site-packages/vine/promises.py", line 158, in __call__
    retval = fun(*final_args, **final_kwargs)
             ^^^^^^^^^^^^^^^^^^^^^^^^^^^^^^^^
  File "/usr/local/lib/python3.11/site-packages/celery/app/base.py", line 691, in _autodiscover_tasks
    return self._autodiscover_tasks_from_fixups(related_name)
           ^^^^^^^^^^^^^^^^^^^^^^^^^^^^^^^^^^^^^^^^^^^^^^^^^^
  File "/usr/local/lib/python3.11/site-packages/celery/app/base.py", line 700, in _autodiscover_tasks_from_fixups
    return self._autodiscover_tasks_from_names([
           ^^^^^^^^^^^^^^^^^^^^^^^^^^^^^^^^^^^^^
  File "/usr/local/lib/python3.11/site-packages/celery/app/base.py", line 695, in _autodiscover_tasks_from_names
    return self.loader.autodiscover_tasks(
           ^^^^^^^^^^^^^^^^^^^^^^^^^^^^^^^
  File "/usr/local/lib/python3.11/site-packages/celery/loaders/base.py", line 220, in autodiscover_tasks
    mod.__name__ for mod in autodiscover_tasks(packages or (),
                            ^^^^^^^^^^^^^^^^^^^^^^^^^^^^^^^^^^
  File "/usr/local/lib/python3.11/site-packages/celery/loaders/base.py", line 246, in autodiscover_tasks
    return [find_related_module(pkg, related_name) for pkg in packages]
           ^^^^^^^^^^^^^^^^^^^^^^^^^^^^^^^^^^^^^^^^^^^^^^^^^^^^^^^^^^^^
  File "/usr/local/lib/python3.11/site-packages/celery/loaders/base.py", line 246, in <listcomp>
    return [find_related_module(pkg, related_name) for pkg in packages]
            ^^^^^^^^^^^^^^^^^^^^^^^^^^^^^^^^^^^^^^
  File "/usr/local/lib/python3.11/site-packages/celery/loaders/base.py", line 267, in find_related_module
    return importlib.import_module(module_name)
           ^^^^^^^^^^^^^^^^^^^^^^^^^^^^^^^^^^^^
  File "/usr/local/lib/python3.11/importlib/__init__.py", line 126, in import_module
    return _bootstrap._gcd_import(name[level:], package, level)
           ^^^^^^^^^^^^^^^^^^^^^^^^^^^^^^^^^^^^^^^^^^^^^^^^^^^^
  File "<frozen importlib._bootstrap>", line 1204, in _gcd_import
  File "<frozen importlib._bootstrap>", line 1176, in _find_and_load
  File "<frozen importlib._bootstrap>", line 1147, in _find_and_load_unlocked
  File "<frozen importlib._bootstrap>", line 690, in _load_unlocked
  File "<frozen importlib._bootstrap_external>", line 940, in exec_module
  File "<frozen importlib._bootstrap>", line 241, in _call_with_frames_removed
  File "/app/restaurants/tasks.py", line 19, in <module>
    from .models import Restaurant, RestaurantImage
  File "/app/restaurants/models.py", line 998, in <module>
    class RestaurantReview(BaseModel):
  File "/app/restaurants/models.py", line 1017, in RestaurantReview
    default=ReviewStatus.PUBLISHED,
            ^^^^^^^^^^^^^^^^^^^^^^
  File "/usr/local/lib/python3.11/enum.py", line 786, in __getattr__
    raise AttributeError(name) from None
AttributeError: PUBLISHED
ERROR 2025-08-02 06:01:27,818 signal 1 281473370914848 Signal handler <bound method DjangoFixup.on_import_modules of <celery.fixups.django.DjangoFixup object at 0xffff9cf044d0>> raised: AttributeError('PUBLISHED')
Traceback (most recent call last):
  File "/usr/local/lib/python3.11/site-packages/celery/utils/dispatch/signal.py", line 276, in send
    response = receiver(signal=self, sender=sender, **named)
               ^^^^^^^^^^^^^^^^^^^^^^^^^^^^^^^^^^^^^^^^^^^^^
  File "/usr/local/lib/python3.11/site-packages/celery/fixups/django.py", line 97, in on_import_modules
    self.worker_fixup.validate_models()
  File "/usr/local/lib/python3.11/site-packages/celery/fixups/django.py", line 135, in validate_models
    self.django_setup()
  File "/usr/local/lib/python3.11/site-packages/celery/fixups/django.py", line 131, in django_setup
    django.setup()
  File "/usr/local/lib/python3.11/site-packages/django/__init__.py", line 24, in setup
    apps.populate(settings.INSTALLED_APPS)
  File "/usr/local/lib/python3.11/site-packages/django/apps/registry.py", line 116, in populate
    app_config.import_models()
  File "/usr/local/lib/python3.11/site-packages/django/apps/config.py", line 269, in import_models
    self.models_module = import_module(models_module_name)
                         ^^^^^^^^^^^^^^^^^^^^^^^^^^^^^^^^^
  File "/usr/local/lib/python3.11/importlib/__init__.py", line 126, in import_module
    return _bootstrap._gcd_import(name[level:], package, level)
           ^^^^^^^^^^^^^^^^^^^^^^^^^^^^^^^^^^^^^^^^^^^^^^^^^^^^
  File "<frozen importlib._bootstrap>", line 1204, in _gcd_import
  File "<frozen importlib._bootstrap>", line 1176, in _find_and_load
  File "<frozen importlib._bootstrap>", line 1147, in _find_and_load_unlocked
  File "<frozen importlib._bootstrap>", line 690, in _load_unlocked
  File "<frozen importlib._bootstrap_external>", line 940, in exec_module
  File "<frozen importlib._bootstrap>", line 241, in _call_with_frames_removed
  File "/app/restaurants/models.py", line 998, in <module>
    class RestaurantReview(BaseModel):
  File "/app/restaurants/models.py", line 1017, in RestaurantReview
    default=ReviewStatus.PUBLISHED,
            ^^^^^^^^^^^^^^^^^^^^^^
  File "/usr/local/lib/python3.11/enum.py", line 786, in __getattr__
    raise AttributeError(name) from None
AttributeError: PUBLISHED
ERROR 2025-08-02 06:01:27,833 signal 1 281473370914848 Signal handler <promise@0xffff9d02e670 --> <bound method Celery._autodiscover_tasks of <Celery portfolio_project at 0xffff9d02a2d0>>> raised: AttributeError('PUBLISHED')
Traceback (most recent call last):
  File "/usr/local/lib/python3.11/site-packages/celery/utils/dispatch/signal.py", line 276, in send
    response = receiver(signal=self, sender=sender, **named)
               ^^^^^^^^^^^^^^^^^^^^^^^^^^^^^^^^^^^^^^^^^^^^^
  File "/usr/local/lib/python3.11/site-packages/vine/promises.py", line 161, in __call__
    return self.throw()
           ^^^^^^^^^^^^
  File "/usr/local/lib/python3.11/site-packages/vine/promises.py", line 158, in __call__
    retval = fun(*final_args, **final_kwargs)
             ^^^^^^^^^^^^^^^^^^^^^^^^^^^^^^^^
  File "/usr/local/lib/python3.11/site-packages/celery/app/base.py", line 691, in _autodiscover_tasks
    return self._autodiscover_tasks_from_fixups(related_name)
           ^^^^^^^^^^^^^^^^^^^^^^^^^^^^^^^^^^^^^^^^^^^^^^^^^^
  File "/usr/local/lib/python3.11/site-packages/celery/app/base.py", line 700, in _autodiscover_tasks_from_fixups
    return self._autodiscover_tasks_from_names([
           ^^^^^^^^^^^^^^^^^^^^^^^^^^^^^^^^^^^^^
  File "/usr/local/lib/python3.11/site-packages/celery/app/base.py", line 695, in _autodiscover_tasks_from_names
    return self.loader.autodiscover_tasks(
           ^^^^^^^^^^^^^^^^^^^^^^^^^^^^^^^
  File "/usr/local/lib/python3.11/site-packages/celery/loaders/base.py", line 220, in autodiscover_tasks
    mod.__name__ for mod in autodiscover_tasks(packages or (),
                            ^^^^^^^^^^^^^^^^^^^^^^^^^^^^^^^^^^
  File "/usr/local/lib/python3.11/site-packages/celery/loaders/base.py", line 246, in autodiscover_tasks
    return [find_related_module(pkg, related_name) for pkg in packages]
           ^^^^^^^^^^^^^^^^^^^^^^^^^^^^^^^^^^^^^^^^^^^^^^^^^^^^^^^^^^^^
  File "/usr/local/lib/python3.11/site-packages/celery/loaders/base.py", line 246, in <listcomp>
    return [find_related_module(pkg, related_name) for pkg in packages]
            ^^^^^^^^^^^^^^^^^^^^^^^^^^^^^^^^^^^^^^
  File "/usr/local/lib/python3.11/site-packages/celery/loaders/base.py", line 267, in find_related_module
    return importlib.import_module(module_name)
           ^^^^^^^^^^^^^^^^^^^^^^^^^^^^^^^^^^^^
  File "/usr/local/lib/python3.11/importlib/__init__.py", line 126, in import_module
    return _bootstrap._gcd_import(name[level:], package, level)
           ^^^^^^^^^^^^^^^^^^^^^^^^^^^^^^^^^^^^^^^^^^^^^^^^^^^^
  File "<frozen importlib._bootstrap>", line 1204, in _gcd_import
  File "<frozen importlib._bootstrap>", line 1176, in _find_and_load
  File "<frozen importlib._bootstrap>", line 1147, in _find_and_load_unlocked
  File "<frozen importlib._bootstrap>", line 690, in _load_unlocked
  File "<frozen importlib._bootstrap_external>", line 940, in exec_module
  File "<frozen importlib._bootstrap>", line 241, in _call_with_frames_removed
  File "/app/restaurants/tasks.py", line 19, in <module>
    from .models import Restaurant, RestaurantImage
  File "/app/restaurants/models.py", line 998, in <module>
    class RestaurantReview(BaseModel):
  File "/app/restaurants/models.py", line 1017, in RestaurantReview
    default=ReviewStatus.PUBLISHED,
            ^^^^^^^^^^^^^^^^^^^^^^
  File "/usr/local/lib/python3.11/enum.py", line 786, in __getattr__
    raise AttributeError(name) from None
AttributeError: PUBLISHED
ERROR 2025-08-02 06:01:54,214 signal 1 281473699807264 Signal handler <bound method DjangoFixup.on_import_modules of <celery.fixups.django.DjangoFixup object at 0xffffb08b8410>> raised: AttributeError('PUBLISHED')
Traceback (most recent call last):
  File "/usr/local/lib/python3.11/site-packages/celery/utils/dispatch/signal.py", line 276, in send
    response = receiver(signal=self, sender=sender, **named)
               ^^^^^^^^^^^^^^^^^^^^^^^^^^^^^^^^^^^^^^^^^^^^^
  File "/usr/local/lib/python3.11/site-packages/celery/fixups/django.py", line 97, in on_import_modules
    self.worker_fixup.validate_models()
  File "/usr/local/lib/python3.11/site-packages/celery/fixups/django.py", line 135, in validate_models
    self.django_setup()
  File "/usr/local/lib/python3.11/site-packages/celery/fixups/django.py", line 131, in django_setup
    django.setup()
  File "/usr/local/lib/python3.11/site-packages/django/__init__.py", line 24, in setup
    apps.populate(settings.INSTALLED_APPS)
  File "/usr/local/lib/python3.11/site-packages/django/apps/registry.py", line 116, in populate
    app_config.import_models()
  File "/usr/local/lib/python3.11/site-packages/django/apps/config.py", line 269, in import_models
    self.models_module = import_module(models_module_name)
                         ^^^^^^^^^^^^^^^^^^^^^^^^^^^^^^^^^
  File "/usr/local/lib/python3.11/importlib/__init__.py", line 126, in import_module
    return _bootstrap._gcd_import(name[level:], package, level)
           ^^^^^^^^^^^^^^^^^^^^^^^^^^^^^^^^^^^^^^^^^^^^^^^^^^^^
  File "<frozen importlib._bootstrap>", line 1204, in _gcd_import
  File "<frozen importlib._bootstrap>", line 1176, in _find_and_load
  File "<frozen importlib._bootstrap>", line 1147, in _find_and_load_unlocked
  File "<frozen importlib._bootstrap>", line 690, in _load_unlocked
  File "<frozen importlib._bootstrap_external>", line 940, in exec_module
  File "<frozen importlib._bootstrap>", line 241, in _call_with_frames_removed
  File "/app/restaurants/models.py", line 998, in <module>
    class RestaurantReview(BaseModel):
  File "/app/restaurants/models.py", line 1017, in RestaurantReview
    default=ReviewStatus.PUBLISHED,
            ^^^^^^^^^^^^^^^^^^^^^^
  File "/usr/local/lib/python3.11/enum.py", line 786, in __getattr__
    raise AttributeError(name) from None
AttributeError: PUBLISHED
ERROR 2025-08-02 06:01:54,228 signal 1 281473485623328 Signal handler <bound method DjangoFixup.on_import_modules of <celery.fixups.django.DjangoFixup object at 0xffffa3c64490>> raised: AttributeError('PUBLISHED')
Traceback (most recent call last):
  File "/usr/local/lib/python3.11/site-packages/celery/utils/dispatch/signal.py", line 276, in send
    response = receiver(signal=self, sender=sender, **named)
               ^^^^^^^^^^^^^^^^^^^^^^^^^^^^^^^^^^^^^^^^^^^^^
  File "/usr/local/lib/python3.11/site-packages/celery/fixups/django.py", line 97, in on_import_modules
    self.worker_fixup.validate_models()
  File "/usr/local/lib/python3.11/site-packages/celery/fixups/django.py", line 135, in validate_models
    self.django_setup()
  File "/usr/local/lib/python3.11/site-packages/celery/fixups/django.py", line 131, in django_setup
    django.setup()
  File "/usr/local/lib/python3.11/site-packages/django/__init__.py", line 24, in setup
    apps.populate(settings.INSTALLED_APPS)
  File "/usr/local/lib/python3.11/site-packages/django/apps/registry.py", line 116, in populate
    app_config.import_models()
  File "/usr/local/lib/python3.11/site-packages/django/apps/config.py", line 269, in import_models
    self.models_module = import_module(models_module_name)
                         ^^^^^^^^^^^^^^^^^^^^^^^^^^^^^^^^^
  File "/usr/local/lib/python3.11/importlib/__init__.py", line 126, in import_module
    return _bootstrap._gcd_import(name[level:], package, level)
           ^^^^^^^^^^^^^^^^^^^^^^^^^^^^^^^^^^^^^^^^^^^^^^^^^^^^
  File "<frozen importlib._bootstrap>", line 1204, in _gcd_import
  File "<frozen importlib._bootstrap>", line 1176, in _find_and_load
  File "<frozen importlib._bootstrap>", line 1147, in _find_and_load_unlocked
  File "<frozen importlib._bootstrap>", line 690, in _load_unlocked
  File "<frozen importlib._bootstrap_external>", line 940, in exec_module
  File "<frozen importlib._bootstrap>", line 241, in _call_with_frames_removed
  File "/app/restaurants/models.py", line 998, in <module>
    class RestaurantReview(BaseModel):
  File "/app/restaurants/models.py", line 1017, in RestaurantReview
    default=ReviewStatus.PUBLISHED,
            ^^^^^^^^^^^^^^^^^^^^^^
  File "/usr/local/lib/python3.11/enum.py", line 786, in __getattr__
    raise AttributeError(name) from None
AttributeError: PUBLISHED
ERROR 2025-08-02 06:01:54,232 signal 1 281473699807264 Signal handler <promise@0xffffb0992670 --> <bound method Celery._autodiscover_tasks of <Celery portfolio_project at 0xffffb09e2290>>> raised: AttributeError('PUBLISHED')
Traceback (most recent call last):
  File "/usr/local/lib/python3.11/site-packages/celery/utils/dispatch/signal.py", line 276, in send
    response = receiver(signal=self, sender=sender, **named)
               ^^^^^^^^^^^^^^^^^^^^^^^^^^^^^^^^^^^^^^^^^^^^^
  File "/usr/local/lib/python3.11/site-packages/vine/promises.py", line 161, in __call__
    return self.throw()
           ^^^^^^^^^^^^
  File "/usr/local/lib/python3.11/site-packages/vine/promises.py", line 158, in __call__
    retval = fun(*final_args, **final_kwargs)
             ^^^^^^^^^^^^^^^^^^^^^^^^^^^^^^^^
  File "/usr/local/lib/python3.11/site-packages/celery/app/base.py", line 691, in _autodiscover_tasks
    return self._autodiscover_tasks_from_fixups(related_name)
           ^^^^^^^^^^^^^^^^^^^^^^^^^^^^^^^^^^^^^^^^^^^^^^^^^^
  File "/usr/local/lib/python3.11/site-packages/celery/app/base.py", line 700, in _autodiscover_tasks_from_fixups
    return self._autodiscover_tasks_from_names([
           ^^^^^^^^^^^^^^^^^^^^^^^^^^^^^^^^^^^^^
  File "/usr/local/lib/python3.11/site-packages/celery/app/base.py", line 695, in _autodiscover_tasks_from_names
    return self.loader.autodiscover_tasks(
           ^^^^^^^^^^^^^^^^^^^^^^^^^^^^^^^
  File "/usr/local/lib/python3.11/site-packages/celery/loaders/base.py", line 220, in autodiscover_tasks
    mod.__name__ for mod in autodiscover_tasks(packages or (),
                            ^^^^^^^^^^^^^^^^^^^^^^^^^^^^^^^^^^
  File "/usr/local/lib/python3.11/site-packages/celery/loaders/base.py", line 246, in autodiscover_tasks
    return [find_related_module(pkg, related_name) for pkg in packages]
           ^^^^^^^^^^^^^^^^^^^^^^^^^^^^^^^^^^^^^^^^^^^^^^^^^^^^^^^^^^^^
  File "/usr/local/lib/python3.11/site-packages/celery/loaders/base.py", line 246, in <listcomp>
    return [find_related_module(pkg, related_name) for pkg in packages]
            ^^^^^^^^^^^^^^^^^^^^^^^^^^^^^^^^^^^^^^
  File "/usr/local/lib/python3.11/site-packages/celery/loaders/base.py", line 267, in find_related_module
    return importlib.import_module(module_name)
           ^^^^^^^^^^^^^^^^^^^^^^^^^^^^^^^^^^^^
  File "/usr/local/lib/python3.11/importlib/__init__.py", line 126, in import_module
    return _bootstrap._gcd_import(name[level:], package, level)
           ^^^^^^^^^^^^^^^^^^^^^^^^^^^^^^^^^^^^^^^^^^^^^^^^^^^^
  File "<frozen importlib._bootstrap>", line 1204, in _gcd_import
  File "<frozen importlib._bootstrap>", line 1176, in _find_and_load
  File "<frozen importlib._bootstrap>", line 1147, in _find_and_load_unlocked
  File "<frozen importlib._bootstrap>", line 690, in _load_unlocked
  File "<frozen importlib._bootstrap_external>", line 940, in exec_module
  File "<frozen importlib._bootstrap>", line 241, in _call_with_frames_removed
  File "/app/restaurants/tasks.py", line 19, in <module>
    from .models import Restaurant, RestaurantImage
  File "/app/restaurants/models.py", line 998, in <module>
    class RestaurantReview(BaseModel):
  File "/app/restaurants/models.py", line 1017, in RestaurantReview
    default=ReviewStatus.PUBLISHED,
            ^^^^^^^^^^^^^^^^^^^^^^
  File "/usr/local/lib/python3.11/enum.py", line 786, in __getattr__
    raise AttributeError(name) from None
AttributeError: PUBLISHED
ERROR 2025-08-02 06:01:54,238 signal 1 281473485623328 Signal handler <promise@0xffffa3d8e670 --> <bound method Celery._autodiscover_tasks of <Celery portfolio_project at 0xffffa3d8a1d0>>> raised: AttributeError('PUBLISHED')
Traceback (most recent call last):
  File "/usr/local/lib/python3.11/site-packages/celery/utils/dispatch/signal.py", line 276, in send
    response = receiver(signal=self, sender=sender, **named)
               ^^^^^^^^^^^^^^^^^^^^^^^^^^^^^^^^^^^^^^^^^^^^^
  File "/usr/local/lib/python3.11/site-packages/vine/promises.py", line 161, in __call__
    return self.throw()
           ^^^^^^^^^^^^
  File "/usr/local/lib/python3.11/site-packages/vine/promises.py", line 158, in __call__
    retval = fun(*final_args, **final_kwargs)
             ^^^^^^^^^^^^^^^^^^^^^^^^^^^^^^^^
  File "/usr/local/lib/python3.11/site-packages/celery/app/base.py", line 691, in _autodiscover_tasks
    return self._autodiscover_tasks_from_fixups(related_name)
           ^^^^^^^^^^^^^^^^^^^^^^^^^^^^^^^^^^^^^^^^^^^^^^^^^^
  File "/usr/local/lib/python3.11/site-packages/celery/app/base.py", line 700, in _autodiscover_tasks_from_fixups
    return self._autodiscover_tasks_from_names([
           ^^^^^^^^^^^^^^^^^^^^^^^^^^^^^^^^^^^^^
  File "/usr/local/lib/python3.11/site-packages/celery/app/base.py", line 695, in _autodiscover_tasks_from_names
    return self.loader.autodiscover_tasks(
           ^^^^^^^^^^^^^^^^^^^^^^^^^^^^^^^
  File "/usr/local/lib/python3.11/site-packages/celery/loaders/base.py", line 220, in autodiscover_tasks
    mod.__name__ for mod in autodiscover_tasks(packages or (),
                            ^^^^^^^^^^^^^^^^^^^^^^^^^^^^^^^^^^
  File "/usr/local/lib/python3.11/site-packages/celery/loaders/base.py", line 246, in autodiscover_tasks
    return [find_related_module(pkg, related_name) for pkg in packages]
           ^^^^^^^^^^^^^^^^^^^^^^^^^^^^^^^^^^^^^^^^^^^^^^^^^^^^^^^^^^^^
  File "/usr/local/lib/python3.11/site-packages/celery/loaders/base.py", line 246, in <listcomp>
    return [find_related_module(pkg, related_name) for pkg in packages]
            ^^^^^^^^^^^^^^^^^^^^^^^^^^^^^^^^^^^^^^
  File "/usr/local/lib/python3.11/site-packages/celery/loaders/base.py", line 267, in find_related_module
    return importlib.import_module(module_name)
           ^^^^^^^^^^^^^^^^^^^^^^^^^^^^^^^^^^^^
  File "/usr/local/lib/python3.11/importlib/__init__.py", line 126, in import_module
    return _bootstrap._gcd_import(name[level:], package, level)
           ^^^^^^^^^^^^^^^^^^^^^^^^^^^^^^^^^^^^^^^^^^^^^^^^^^^^
  File "<frozen importlib._bootstrap>", line 1204, in _gcd_import
  File "<frozen importlib._bootstrap>", line 1176, in _find_and_load
  File "<frozen importlib._bootstrap>", line 1147, in _find_and_load_unlocked
  File "<frozen importlib._bootstrap>", line 690, in _load_unlocked
  File "<frozen importlib._bootstrap_external>", line 940, in exec_module
  File "<frozen importlib._bootstrap>", line 241, in _call_with_frames_removed
  File "/app/restaurants/tasks.py", line 19, in <module>
    from .models import Restaurant, RestaurantImage
  File "/app/restaurants/models.py", line 998, in <module>
    class RestaurantReview(BaseModel):
  File "/app/restaurants/models.py", line 1017, in RestaurantReview
    default=ReviewStatus.PUBLISHED,
            ^^^^^^^^^^^^^^^^^^^^^^
  File "/usr/local/lib/python3.11/enum.py", line 786, in __getattr__
    raise AttributeError(name) from None
AttributeError: PUBLISHED
ERROR 2025-08-02 06:02:46,219 signal 1 281473206476832 Signal handler <bound method DjangoFixup.on_import_modules of <celery.fixups.django.DjangoFixup object at 0xffff93264490>> raised: AttributeError('PUBLISHED')
Traceback (most recent call last):
  File "/usr/local/lib/python3.11/site-packages/celery/utils/dispatch/signal.py", line 276, in send
    response = receiver(signal=self, sender=sender, **named)
               ^^^^^^^^^^^^^^^^^^^^^^^^^^^^^^^^^^^^^^^^^^^^^
  File "/usr/local/lib/python3.11/site-packages/celery/fixups/django.py", line 97, in on_import_modules
    self.worker_fixup.validate_models()
  File "/usr/local/lib/python3.11/site-packages/celery/fixups/django.py", line 135, in validate_models
    self.django_setup()
  File "/usr/local/lib/python3.11/site-packages/celery/fixups/django.py", line 131, in django_setup
    django.setup()
  File "/usr/local/lib/python3.11/site-packages/django/__init__.py", line 24, in setup
    apps.populate(settings.INSTALLED_APPS)
  File "/usr/local/lib/python3.11/site-packages/django/apps/registry.py", line 116, in populate
    app_config.import_models()
  File "/usr/local/lib/python3.11/site-packages/django/apps/config.py", line 269, in import_models
    self.models_module = import_module(models_module_name)
                         ^^^^^^^^^^^^^^^^^^^^^^^^^^^^^^^^^
  File "/usr/local/lib/python3.11/importlib/__init__.py", line 126, in import_module
    return _bootstrap._gcd_import(name[level:], package, level)
           ^^^^^^^^^^^^^^^^^^^^^^^^^^^^^^^^^^^^^^^^^^^^^^^^^^^^
  File "<frozen importlib._bootstrap>", line 1204, in _gcd_import
  File "<frozen importlib._bootstrap>", line 1176, in _find_and_load
  File "<frozen importlib._bootstrap>", line 1147, in _find_and_load_unlocked
  File "<frozen importlib._bootstrap>", line 690, in _load_unlocked
  File "<frozen importlib._bootstrap_external>", line 940, in exec_module
  File "<frozen importlib._bootstrap>", line 241, in _call_with_frames_removed
  File "/app/restaurants/models.py", line 998, in <module>
    class RestaurantReview(BaseModel):
  File "/app/restaurants/models.py", line 1017, in RestaurantReview
    default=ReviewStatus.PUBLISHED,
            ^^^^^^^^^^^^^^^^^^^^^^
  File "/usr/local/lib/python3.11/enum.py", line 786, in __getattr__
    raise AttributeError(name) from None
AttributeError: PUBLISHED
ERROR 2025-08-02 06:02:46,219 signal 1 281473866711072 Signal handler <bound method DjangoFixup.on_import_modules of <celery.fixups.django.DjangoFixup object at 0xffffba7c8150>> raised: AttributeError('PUBLISHED')
Traceback (most recent call last):
  File "/usr/local/lib/python3.11/site-packages/celery/utils/dispatch/signal.py", line 276, in send
    response = receiver(signal=self, sender=sender, **named)
               ^^^^^^^^^^^^^^^^^^^^^^^^^^^^^^^^^^^^^^^^^^^^^
  File "/usr/local/lib/python3.11/site-packages/celery/fixups/django.py", line 97, in on_import_modules
    self.worker_fixup.validate_models()
  File "/usr/local/lib/python3.11/site-packages/celery/fixups/django.py", line 135, in validate_models
    self.django_setup()
  File "/usr/local/lib/python3.11/site-packages/celery/fixups/django.py", line 131, in django_setup
    django.setup()
  File "/usr/local/lib/python3.11/site-packages/django/__init__.py", line 24, in setup
    apps.populate(settings.INSTALLED_APPS)
  File "/usr/local/lib/python3.11/site-packages/django/apps/registry.py", line 116, in populate
    app_config.import_models()
  File "/usr/local/lib/python3.11/site-packages/django/apps/config.py", line 269, in import_models
    self.models_module = import_module(models_module_name)
                         ^^^^^^^^^^^^^^^^^^^^^^^^^^^^^^^^^
  File "/usr/local/lib/python3.11/importlib/__init__.py", line 126, in import_module
    return _bootstrap._gcd_import(name[level:], package, level)
           ^^^^^^^^^^^^^^^^^^^^^^^^^^^^^^^^^^^^^^^^^^^^^^^^^^^^
  File "<frozen importlib._bootstrap>", line 1204, in _gcd_import
  File "<frozen importlib._bootstrap>", line 1176, in _find_and_load
  File "<frozen importlib._bootstrap>", line 1147, in _find_and_load_unlocked
  File "<frozen importlib._bootstrap>", line 690, in _load_unlocked
  File "<frozen importlib._bootstrap_external>", line 940, in exec_module
  File "<frozen importlib._bootstrap>", line 241, in _call_with_frames_removed
  File "/app/restaurants/models.py", line 998, in <module>
    class RestaurantReview(BaseModel):
  File "/app/restaurants/models.py", line 1017, in RestaurantReview
    default=ReviewStatus.PUBLISHED,
            ^^^^^^^^^^^^^^^^^^^^^^
  File "/usr/local/lib/python3.11/enum.py", line 786, in __getattr__
    raise AttributeError(name) from None
AttributeError: PUBLISHED
ERROR 2025-08-02 06:02:46,228 signal 1 281473206476832 Signal handler <promise@0xffff9338e670 --> <bound method Celery._autodiscover_tasks of <Celery portfolio_project at 0xffff9338a1d0>>> raised: AttributeError('PUBLISHED')
Traceback (most recent call last):
  File "/usr/local/lib/python3.11/site-packages/celery/utils/dispatch/signal.py", line 276, in send
    response = receiver(signal=self, sender=sender, **named)
               ^^^^^^^^^^^^^^^^^^^^^^^^^^^^^^^^^^^^^^^^^^^^^
  File "/usr/local/lib/python3.11/site-packages/vine/promises.py", line 161, in __call__
    return self.throw()
           ^^^^^^^^^^^^
  File "/usr/local/lib/python3.11/site-packages/vine/promises.py", line 158, in __call__
    retval = fun(*final_args, **final_kwargs)
             ^^^^^^^^^^^^^^^^^^^^^^^^^^^^^^^^
  File "/usr/local/lib/python3.11/site-packages/celery/app/base.py", line 691, in _autodiscover_tasks
    return self._autodiscover_tasks_from_fixups(related_name)
           ^^^^^^^^^^^^^^^^^^^^^^^^^^^^^^^^^^^^^^^^^^^^^^^^^^
  File "/usr/local/lib/python3.11/site-packages/celery/app/base.py", line 700, in _autodiscover_tasks_from_fixups
    return self._autodiscover_tasks_from_names([
           ^^^^^^^^^^^^^^^^^^^^^^^^^^^^^^^^^^^^^
  File "/usr/local/lib/python3.11/site-packages/celery/app/base.py", line 695, in _autodiscover_tasks_from_names
    return self.loader.autodiscover_tasks(
           ^^^^^^^^^^^^^^^^^^^^^^^^^^^^^^^
  File "/usr/local/lib/python3.11/site-packages/celery/loaders/base.py", line 220, in autodiscover_tasks
    mod.__name__ for mod in autodiscover_tasks(packages or (),
                            ^^^^^^^^^^^^^^^^^^^^^^^^^^^^^^^^^^
  File "/usr/local/lib/python3.11/site-packages/celery/loaders/base.py", line 246, in autodiscover_tasks
    return [find_related_module(pkg, related_name) for pkg in packages]
           ^^^^^^^^^^^^^^^^^^^^^^^^^^^^^^^^^^^^^^^^^^^^^^^^^^^^^^^^^^^^
  File "/usr/local/lib/python3.11/site-packages/celery/loaders/base.py", line 246, in <listcomp>
    return [find_related_module(pkg, related_name) for pkg in packages]
            ^^^^^^^^^^^^^^^^^^^^^^^^^^^^^^^^^^^^^^
  File "/usr/local/lib/python3.11/site-packages/celery/loaders/base.py", line 267, in find_related_module
    return importlib.import_module(module_name)
           ^^^^^^^^^^^^^^^^^^^^^^^^^^^^^^^^^^^^
  File "/usr/local/lib/python3.11/importlib/__init__.py", line 126, in import_module
    return _bootstrap._gcd_import(name[level:], package, level)
           ^^^^^^^^^^^^^^^^^^^^^^^^^^^^^^^^^^^^^^^^^^^^^^^^^^^^
  File "<frozen importlib._bootstrap>", line 1204, in _gcd_import
  File "<frozen importlib._bootstrap>", line 1176, in _find_and_load
  File "<frozen importlib._bootstrap>", line 1147, in _find_and_load_unlocked
  File "<frozen importlib._bootstrap>", line 690, in _load_unlocked
  File "<frozen importlib._bootstrap_external>", line 940, in exec_module
  File "<frozen importlib._bootstrap>", line 241, in _call_with_frames_removed
  File "/app/restaurants/tasks.py", line 19, in <module>
    from .models import Restaurant, RestaurantImage
  File "/app/restaurants/models.py", line 998, in <module>
    class RestaurantReview(BaseModel):
  File "/app/restaurants/models.py", line 1017, in RestaurantReview
    default=ReviewStatus.PUBLISHED,
            ^^^^^^^^^^^^^^^^^^^^^^
  File "/usr/local/lib/python3.11/enum.py", line 786, in __getattr__
    raise AttributeError(name) from None
AttributeError: PUBLISHED
ERROR 2025-08-02 06:02:46,235 signal 1 281473866711072 Signal handler <promise@0xffffba8a2670 --> <bound method Celery._autodiscover_tasks of <Celery portfolio_project at 0xffffba8f2010>>> raised: AttributeError('PUBLISHED')
Traceback (most recent call last):
  File "/usr/local/lib/python3.11/site-packages/celery/utils/dispatch/signal.py", line 276, in send
    response = receiver(signal=self, sender=sender, **named)
               ^^^^^^^^^^^^^^^^^^^^^^^^^^^^^^^^^^^^^^^^^^^^^
  File "/usr/local/lib/python3.11/site-packages/vine/promises.py", line 161, in __call__
    return self.throw()
           ^^^^^^^^^^^^
  File "/usr/local/lib/python3.11/site-packages/vine/promises.py", line 158, in __call__
    retval = fun(*final_args, **final_kwargs)
             ^^^^^^^^^^^^^^^^^^^^^^^^^^^^^^^^
  File "/usr/local/lib/python3.11/site-packages/celery/app/base.py", line 691, in _autodiscover_tasks
    return self._autodiscover_tasks_from_fixups(related_name)
           ^^^^^^^^^^^^^^^^^^^^^^^^^^^^^^^^^^^^^^^^^^^^^^^^^^
  File "/usr/local/lib/python3.11/site-packages/celery/app/base.py", line 700, in _autodiscover_tasks_from_fixups
    return self._autodiscover_tasks_from_names([
           ^^^^^^^^^^^^^^^^^^^^^^^^^^^^^^^^^^^^^
  File "/usr/local/lib/python3.11/site-packages/celery/app/base.py", line 695, in _autodiscover_tasks_from_names
    return self.loader.autodiscover_tasks(
           ^^^^^^^^^^^^^^^^^^^^^^^^^^^^^^^
  File "/usr/local/lib/python3.11/site-packages/celery/loaders/base.py", line 220, in autodiscover_tasks
    mod.__name__ for mod in autodiscover_tasks(packages or (),
                            ^^^^^^^^^^^^^^^^^^^^^^^^^^^^^^^^^^
  File "/usr/local/lib/python3.11/site-packages/celery/loaders/base.py", line 246, in autodiscover_tasks
    return [find_related_module(pkg, related_name) for pkg in packages]
           ^^^^^^^^^^^^^^^^^^^^^^^^^^^^^^^^^^^^^^^^^^^^^^^^^^^^^^^^^^^^
  File "/usr/local/lib/python3.11/site-packages/celery/loaders/base.py", line 246, in <listcomp>
    return [find_related_module(pkg, related_name) for pkg in packages]
            ^^^^^^^^^^^^^^^^^^^^^^^^^^^^^^^^^^^^^^
  File "/usr/local/lib/python3.11/site-packages/celery/loaders/base.py", line 267, in find_related_module
    return importlib.import_module(module_name)
           ^^^^^^^^^^^^^^^^^^^^^^^^^^^^^^^^^^^^
  File "/usr/local/lib/python3.11/importlib/__init__.py", line 126, in import_module
    return _bootstrap._gcd_import(name[level:], package, level)
           ^^^^^^^^^^^^^^^^^^^^^^^^^^^^^^^^^^^^^^^^^^^^^^^^^^^^
  File "<frozen importlib._bootstrap>", line 1204, in _gcd_import
  File "<frozen importlib._bootstrap>", line 1176, in _find_and_load
  File "<frozen importlib._bootstrap>", line 1147, in _find_and_load_unlocked
  File "<frozen importlib._bootstrap>", line 690, in _load_unlocked
  File "<frozen importlib._bootstrap_external>", line 940, in exec_module
  File "<frozen importlib._bootstrap>", line 241, in _call_with_frames_removed
  File "/app/restaurants/tasks.py", line 19, in <module>
    from .models import Restaurant, RestaurantImage
  File "/app/restaurants/models.py", line 998, in <module>
    class RestaurantReview(BaseModel):
  File "/app/restaurants/models.py", line 1017, in RestaurantReview
    default=ReviewStatus.PUBLISHED,
            ^^^^^^^^^^^^^^^^^^^^^^
  File "/usr/local/lib/python3.11/enum.py", line 786, in __getattr__
    raise AttributeError(name) from None
AttributeError: PUBLISHED
ERROR 2025-08-02 06:03:47,004 signal 1 281473069477920 Signal handler <bound method DjangoFixup.on_import_modules of <celery.fixups.django.DjangoFixup object at 0xffff8b0c3f90>> raised: AttributeError('PUBLISHED')
Traceback (most recent call last):
  File "/usr/local/lib/python3.11/site-packages/celery/utils/dispatch/signal.py", line 276, in send
    response = receiver(signal=self, sender=sender, **named)
               ^^^^^^^^^^^^^^^^^^^^^^^^^^^^^^^^^^^^^^^^^^^^^
  File "/usr/local/lib/python3.11/site-packages/celery/fixups/django.py", line 97, in on_import_modules
    self.worker_fixup.validate_models()
  File "/usr/local/lib/python3.11/site-packages/celery/fixups/django.py", line 135, in validate_models
    self.django_setup()
  File "/usr/local/lib/python3.11/site-packages/celery/fixups/django.py", line 131, in django_setup
    django.setup()
  File "/usr/local/lib/python3.11/site-packages/django/__init__.py", line 24, in setup
    apps.populate(settings.INSTALLED_APPS)
  File "/usr/local/lib/python3.11/site-packages/django/apps/registry.py", line 116, in populate
    app_config.import_models()
  File "/usr/local/lib/python3.11/site-packages/django/apps/config.py", line 269, in import_models
    self.models_module = import_module(models_module_name)
                         ^^^^^^^^^^^^^^^^^^^^^^^^^^^^^^^^^
  File "/usr/local/lib/python3.11/importlib/__init__.py", line 126, in import_module
    return _bootstrap._gcd_import(name[level:], package, level)
           ^^^^^^^^^^^^^^^^^^^^^^^^^^^^^^^^^^^^^^^^^^^^^^^^^^^^
  File "<frozen importlib._bootstrap>", line 1204, in _gcd_import
  File "<frozen importlib._bootstrap>", line 1176, in _find_and_load
  File "<frozen importlib._bootstrap>", line 1147, in _find_and_load_unlocked
  File "<frozen importlib._bootstrap>", line 690, in _load_unlocked
  File "<frozen importlib._bootstrap_external>", line 940, in exec_module
  File "<frozen importlib._bootstrap>", line 241, in _call_with_frames_removed
  File "/app/restaurants/models.py", line 998, in <module>
    class RestaurantReview(BaseModel):
  File "/app/restaurants/models.py", line 1017, in RestaurantReview
    default=ReviewStatus.PUBLISHED,
            ^^^^^^^^^^^^^^^^^^^^^^
  File "/usr/local/lib/python3.11/enum.py", line 786, in __getattr__
    raise AttributeError(name) from None
AttributeError: PUBLISHED
ERROR 2025-08-02 06:03:47,014 signal 1 281473323520032 Signal handler <bound method DjangoFixup.on_import_modules of <celery.fixups.django.DjangoFixup object at 0xffff9aac7f10>> raised: AttributeError('PUBLISHED')
Traceback (most recent call last):
  File "/usr/local/lib/python3.11/site-packages/celery/utils/dispatch/signal.py", line 276, in send
    response = receiver(signal=self, sender=sender, **named)
               ^^^^^^^^^^^^^^^^^^^^^^^^^^^^^^^^^^^^^^^^^^^^^
  File "/usr/local/lib/python3.11/site-packages/celery/fixups/django.py", line 97, in on_import_modules
    self.worker_fixup.validate_models()
  File "/usr/local/lib/python3.11/site-packages/celery/fixups/django.py", line 135, in validate_models
    self.django_setup()
  File "/usr/local/lib/python3.11/site-packages/celery/fixups/django.py", line 131, in django_setup
    django.setup()
  File "/usr/local/lib/python3.11/site-packages/django/__init__.py", line 24, in setup
    apps.populate(settings.INSTALLED_APPS)
  File "/usr/local/lib/python3.11/site-packages/django/apps/registry.py", line 116, in populate
    app_config.import_models()
  File "/usr/local/lib/python3.11/site-packages/django/apps/config.py", line 269, in import_models
    self.models_module = import_module(models_module_name)
                         ^^^^^^^^^^^^^^^^^^^^^^^^^^^^^^^^^
  File "/usr/local/lib/python3.11/importlib/__init__.py", line 126, in import_module
    return _bootstrap._gcd_import(name[level:], package, level)
           ^^^^^^^^^^^^^^^^^^^^^^^^^^^^^^^^^^^^^^^^^^^^^^^^^^^^
  File "<frozen importlib._bootstrap>", line 1204, in _gcd_import
  File "<frozen importlib._bootstrap>", line 1176, in _find_and_load
  File "<frozen importlib._bootstrap>", line 1147, in _find_and_load_unlocked
  File "<frozen importlib._bootstrap>", line 690, in _load_unlocked
  File "<frozen importlib._bootstrap_external>", line 940, in exec_module
  File "<frozen importlib._bootstrap>", line 241, in _call_with_frames_removed
  File "/app/restaurants/models.py", line 998, in <module>
    class RestaurantReview(BaseModel):
  File "/app/restaurants/models.py", line 1017, in RestaurantReview
    default=ReviewStatus.PUBLISHED,
            ^^^^^^^^^^^^^^^^^^^^^^
  File "/usr/local/lib/python3.11/enum.py", line 786, in __getattr__
    raise AttributeError(name) from None
AttributeError: PUBLISHED
ERROR 2025-08-02 06:03:47,014 signal 1 281473069477920 Signal handler <promise@0xffff8b0b6670 --> <bound method Celery._autodiscover_tasks of <Celery portfolio_project at 0xffff8b091dd0>>> raised: AttributeError('PUBLISHED')
Traceback (most recent call last):
  File "/usr/local/lib/python3.11/site-packages/celery/utils/dispatch/signal.py", line 276, in send
    response = receiver(signal=self, sender=sender, **named)
               ^^^^^^^^^^^^^^^^^^^^^^^^^^^^^^^^^^^^^^^^^^^^^
  File "/usr/local/lib/python3.11/site-packages/vine/promises.py", line 161, in __call__
    return self.throw()
           ^^^^^^^^^^^^
  File "/usr/local/lib/python3.11/site-packages/vine/promises.py", line 158, in __call__
    retval = fun(*final_args, **final_kwargs)
             ^^^^^^^^^^^^^^^^^^^^^^^^^^^^^^^^
  File "/usr/local/lib/python3.11/site-packages/celery/app/base.py", line 691, in _autodiscover_tasks
    return self._autodiscover_tasks_from_fixups(related_name)
           ^^^^^^^^^^^^^^^^^^^^^^^^^^^^^^^^^^^^^^^^^^^^^^^^^^
  File "/usr/local/lib/python3.11/site-packages/celery/app/base.py", line 700, in _autodiscover_tasks_from_fixups
    return self._autodiscover_tasks_from_names([
           ^^^^^^^^^^^^^^^^^^^^^^^^^^^^^^^^^^^^^
  File "/usr/local/lib/python3.11/site-packages/celery/app/base.py", line 695, in _autodiscover_tasks_from_names
    return self.loader.autodiscover_tasks(
           ^^^^^^^^^^^^^^^^^^^^^^^^^^^^^^^
  File "/usr/local/lib/python3.11/site-packages/celery/loaders/base.py", line 220, in autodiscover_tasks
    mod.__name__ for mod in autodiscover_tasks(packages or (),
                            ^^^^^^^^^^^^^^^^^^^^^^^^^^^^^^^^^^
  File "/usr/local/lib/python3.11/site-packages/celery/loaders/base.py", line 246, in autodiscover_tasks
    return [find_related_module(pkg, related_name) for pkg in packages]
           ^^^^^^^^^^^^^^^^^^^^^^^^^^^^^^^^^^^^^^^^^^^^^^^^^^^^^^^^^^^^
  File "/usr/local/lib/python3.11/site-packages/celery/loaders/base.py", line 246, in <listcomp>
    return [find_related_module(pkg, related_name) for pkg in packages]
            ^^^^^^^^^^^^^^^^^^^^^^^^^^^^^^^^^^^^^^
  File "/usr/local/lib/python3.11/site-packages/celery/loaders/base.py", line 267, in find_related_module
    return importlib.import_module(module_name)
           ^^^^^^^^^^^^^^^^^^^^^^^^^^^^^^^^^^^^
  File "/usr/local/lib/python3.11/importlib/__init__.py", line 126, in import_module
    return _bootstrap._gcd_import(name[level:], package, level)
           ^^^^^^^^^^^^^^^^^^^^^^^^^^^^^^^^^^^^^^^^^^^^^^^^^^^^
  File "<frozen importlib._bootstrap>", line 1204, in _gcd_import
  File "<frozen importlib._bootstrap>", line 1176, in _find_and_load
  File "<frozen importlib._bootstrap>", line 1147, in _find_and_load_unlocked
  File "<frozen importlib._bootstrap>", line 690, in _load_unlocked
  File "<frozen importlib._bootstrap_external>", line 940, in exec_module
  File "<frozen importlib._bootstrap>", line 241, in _call_with_frames_removed
  File "/app/restaurants/tasks.py", line 19, in <module>
    from .models import Restaurant, RestaurantImage
  File "/app/restaurants/models.py", line 998, in <module>
    class RestaurantReview(BaseModel):
  File "/app/restaurants/models.py", line 1017, in RestaurantReview
    default=ReviewStatus.PUBLISHED,
            ^^^^^^^^^^^^^^^^^^^^^^
  File "/usr/local/lib/python3.11/enum.py", line 786, in __getattr__
    raise AttributeError(name) from None
AttributeError: PUBLISHED
ERROR 2025-08-02 06:03:47,024 signal 1 281473323520032 Signal handler <promise@0xffff9a2a2670 --> <bound method Celery._autodiscover_tasks of <Celery portfolio_project at 0xffff9a2f1f50>>> raised: AttributeError('PUBLISHED')
Traceback (most recent call last):
  File "/usr/local/lib/python3.11/site-packages/celery/utils/dispatch/signal.py", line 276, in send
    response = receiver(signal=self, sender=sender, **named)
               ^^^^^^^^^^^^^^^^^^^^^^^^^^^^^^^^^^^^^^^^^^^^^
  File "/usr/local/lib/python3.11/site-packages/vine/promises.py", line 161, in __call__
    return self.throw()
           ^^^^^^^^^^^^
  File "/usr/local/lib/python3.11/site-packages/vine/promises.py", line 158, in __call__
    retval = fun(*final_args, **final_kwargs)
             ^^^^^^^^^^^^^^^^^^^^^^^^^^^^^^^^
  File "/usr/local/lib/python3.11/site-packages/celery/app/base.py", line 691, in _autodiscover_tasks
    return self._autodiscover_tasks_from_fixups(related_name)
           ^^^^^^^^^^^^^^^^^^^^^^^^^^^^^^^^^^^^^^^^^^^^^^^^^^
  File "/usr/local/lib/python3.11/site-packages/celery/app/base.py", line 700, in _autodiscover_tasks_from_fixups
    return self._autodiscover_tasks_from_names([
           ^^^^^^^^^^^^^^^^^^^^^^^^^^^^^^^^^^^^^
  File "/usr/local/lib/python3.11/site-packages/celery/app/base.py", line 695, in _autodiscover_tasks_from_names
    return self.loader.autodiscover_tasks(
           ^^^^^^^^^^^^^^^^^^^^^^^^^^^^^^^
  File "/usr/local/lib/python3.11/site-packages/celery/loaders/base.py", line 220, in autodiscover_tasks
    mod.__name__ for mod in autodiscover_tasks(packages or (),
                            ^^^^^^^^^^^^^^^^^^^^^^^^^^^^^^^^^^
  File "/usr/local/lib/python3.11/site-packages/celery/loaders/base.py", line 246, in autodiscover_tasks
    return [find_related_module(pkg, related_name) for pkg in packages]
           ^^^^^^^^^^^^^^^^^^^^^^^^^^^^^^^^^^^^^^^^^^^^^^^^^^^^^^^^^^^^
  File "/usr/local/lib/python3.11/site-packages/celery/loaders/base.py", line 246, in <listcomp>
    return [find_related_module(pkg, related_name) for pkg in packages]
            ^^^^^^^^^^^^^^^^^^^^^^^^^^^^^^^^^^^^^^
  File "/usr/local/lib/python3.11/site-packages/celery/loaders/base.py", line 267, in find_related_module
    return importlib.import_module(module_name)
           ^^^^^^^^^^^^^^^^^^^^^^^^^^^^^^^^^^^^
  File "/usr/local/lib/python3.11/importlib/__init__.py", line 126, in import_module
    return _bootstrap._gcd_import(name[level:], package, level)
           ^^^^^^^^^^^^^^^^^^^^^^^^^^^^^^^^^^^^^^^^^^^^^^^^^^^^
  File "<frozen importlib._bootstrap>", line 1204, in _gcd_import
  File "<frozen importlib._bootstrap>", line 1176, in _find_and_load
  File "<frozen importlib._bootstrap>", line 1147, in _find_and_load_unlocked
  File "<frozen importlib._bootstrap>", line 690, in _load_unlocked
  File "<frozen importlib._bootstrap_external>", line 940, in exec_module
  File "<frozen importlib._bootstrap>", line 241, in _call_with_frames_removed
  File "/app/restaurants/tasks.py", line 19, in <module>
    from .models import Restaurant, RestaurantImage
  File "/app/restaurants/models.py", line 998, in <module>
    class RestaurantReview(BaseModel):
  File "/app/restaurants/models.py", line 1017, in RestaurantReview
    default=ReviewStatus.PUBLISHED,
            ^^^^^^^^^^^^^^^^^^^^^^
  File "/usr/local/lib/python3.11/enum.py", line 786, in __getattr__
    raise AttributeError(name) from None
AttributeError: PUBLISHED
ERROR 2025-08-02 06:04:47,804 signal 1 281472848982048 Signal handler <bound method DjangoFixup.on_import_modules of <celery.fixups.django.DjangoFixup object at 0xffff7dd004d0>> raised: AttributeError('PUBLISHED')
Traceback (most recent call last):
  File "/usr/local/lib/python3.11/site-packages/celery/utils/dispatch/signal.py", line 276, in send
    response = receiver(signal=self, sender=sender, **named)
               ^^^^^^^^^^^^^^^^^^^^^^^^^^^^^^^^^^^^^^^^^^^^^
  File "/usr/local/lib/python3.11/site-packages/celery/fixups/django.py", line 97, in on_import_modules
    self.worker_fixup.validate_models()
  File "/usr/local/lib/python3.11/site-packages/celery/fixups/django.py", line 135, in validate_models
    self.django_setup()
  File "/usr/local/lib/python3.11/site-packages/celery/fixups/django.py", line 131, in django_setup
    django.setup()
  File "/usr/local/lib/python3.11/site-packages/django/__init__.py", line 24, in setup
    apps.populate(settings.INSTALLED_APPS)
  File "/usr/local/lib/python3.11/site-packages/django/apps/registry.py", line 116, in populate
    app_config.import_models()
  File "/usr/local/lib/python3.11/site-packages/django/apps/config.py", line 269, in import_models
    self.models_module = import_module(models_module_name)
                         ^^^^^^^^^^^^^^^^^^^^^^^^^^^^^^^^^
  File "/usr/local/lib/python3.11/importlib/__init__.py", line 126, in import_module
    return _bootstrap._gcd_import(name[level:], package, level)
           ^^^^^^^^^^^^^^^^^^^^^^^^^^^^^^^^^^^^^^^^^^^^^^^^^^^^
  File "<frozen importlib._bootstrap>", line 1204, in _gcd_import
  File "<frozen importlib._bootstrap>", line 1176, in _find_and_load
  File "<frozen importlib._bootstrap>", line 1147, in _find_and_load_unlocked
  File "<frozen importlib._bootstrap>", line 690, in _load_unlocked
  File "<frozen importlib._bootstrap_external>", line 940, in exec_module
  File "<frozen importlib._bootstrap>", line 241, in _call_with_frames_removed
  File "/app/restaurants/models.py", line 998, in <module>
    class RestaurantReview(BaseModel):
  File "/app/restaurants/models.py", line 1017, in RestaurantReview
    default=ReviewStatus.PUBLISHED,
            ^^^^^^^^^^^^^^^^^^^^^^
  File "/usr/local/lib/python3.11/enum.py", line 786, in __getattr__
    raise AttributeError(name) from None
AttributeError: PUBLISHED
ERROR 2025-08-02 06:04:47,814 signal 1 281472848982048 Signal handler <promise@0xffff7de26670 --> <bound method Celery._autodiscover_tasks of <Celery portfolio_project at 0xffff7de22350>>> raised: AttributeError('PUBLISHED')
Traceback (most recent call last):
  File "/usr/local/lib/python3.11/site-packages/celery/utils/dispatch/signal.py", line 276, in send
    response = receiver(signal=self, sender=sender, **named)
               ^^^^^^^^^^^^^^^^^^^^^^^^^^^^^^^^^^^^^^^^^^^^^
  File "/usr/local/lib/python3.11/site-packages/vine/promises.py", line 161, in __call__
    return self.throw()
           ^^^^^^^^^^^^
  File "/usr/local/lib/python3.11/site-packages/vine/promises.py", line 158, in __call__
    retval = fun(*final_args, **final_kwargs)
             ^^^^^^^^^^^^^^^^^^^^^^^^^^^^^^^^
  File "/usr/local/lib/python3.11/site-packages/celery/app/base.py", line 691, in _autodiscover_tasks
    return self._autodiscover_tasks_from_fixups(related_name)
           ^^^^^^^^^^^^^^^^^^^^^^^^^^^^^^^^^^^^^^^^^^^^^^^^^^
  File "/usr/local/lib/python3.11/site-packages/celery/app/base.py", line 700, in _autodiscover_tasks_from_fixups
    return self._autodiscover_tasks_from_names([
           ^^^^^^^^^^^^^^^^^^^^^^^^^^^^^^^^^^^^^
  File "/usr/local/lib/python3.11/site-packages/celery/app/base.py", line 695, in _autodiscover_tasks_from_names
    return self.loader.autodiscover_tasks(
           ^^^^^^^^^^^^^^^^^^^^^^^^^^^^^^^
  File "/usr/local/lib/python3.11/site-packages/celery/loaders/base.py", line 220, in autodiscover_tasks
    mod.__name__ for mod in autodiscover_tasks(packages or (),
                            ^^^^^^^^^^^^^^^^^^^^^^^^^^^^^^^^^^
  File "/usr/local/lib/python3.11/site-packages/celery/loaders/base.py", line 246, in autodiscover_tasks
    return [find_related_module(pkg, related_name) for pkg in packages]
           ^^^^^^^^^^^^^^^^^^^^^^^^^^^^^^^^^^^^^^^^^^^^^^^^^^^^^^^^^^^^
  File "/usr/local/lib/python3.11/site-packages/celery/loaders/base.py", line 246, in <listcomp>
    return [find_related_module(pkg, related_name) for pkg in packages]
            ^^^^^^^^^^^^^^^^^^^^^^^^^^^^^^^^^^^^^^
  File "/usr/local/lib/python3.11/site-packages/celery/loaders/base.py", line 267, in find_related_module
    return importlib.import_module(module_name)
           ^^^^^^^^^^^^^^^^^^^^^^^^^^^^^^^^^^^^
  File "/usr/local/lib/python3.11/importlib/__init__.py", line 126, in import_module
    return _bootstrap._gcd_import(name[level:], package, level)
           ^^^^^^^^^^^^^^^^^^^^^^^^^^^^^^^^^^^^^^^^^^^^^^^^^^^^
  File "<frozen importlib._bootstrap>", line 1204, in _gcd_import
  File "<frozen importlib._bootstrap>", line 1176, in _find_and_load
  File "<frozen importlib._bootstrap>", line 1147, in _find_and_load_unlocked
  File "<frozen importlib._bootstrap>", line 690, in _load_unlocked
  File "<frozen importlib._bootstrap_external>", line 940, in exec_module
  File "<frozen importlib._bootstrap>", line 241, in _call_with_frames_removed
  File "/app/restaurants/tasks.py", line 19, in <module>
    from .models import Restaurant, RestaurantImage
  File "/app/restaurants/models.py", line 998, in <module>
    class RestaurantReview(BaseModel):
  File "/app/restaurants/models.py", line 1017, in RestaurantReview
    default=ReviewStatus.PUBLISHED,
            ^^^^^^^^^^^^^^^^^^^^^^
  File "/usr/local/lib/python3.11/enum.py", line 786, in __getattr__
    raise AttributeError(name) from None
AttributeError: PUBLISHED
ERROR 2025-08-02 06:04:47,823 signal 1 281473561407520 Signal handler <bound method DjangoFixup.on_import_modules of <celery.fixups.django.DjangoFixup object at 0xffffa84b81d0>> raised: AttributeError('PUBLISHED')
Traceback (most recent call last):
  File "/usr/local/lib/python3.11/site-packages/celery/utils/dispatch/signal.py", line 276, in send
    response = receiver(signal=self, sender=sender, **named)
               ^^^^^^^^^^^^^^^^^^^^^^^^^^^^^^^^^^^^^^^^^^^^^
  File "/usr/local/lib/python3.11/site-packages/celery/fixups/django.py", line 97, in on_import_modules
    self.worker_fixup.validate_models()
  File "/usr/local/lib/python3.11/site-packages/celery/fixups/django.py", line 135, in validate_models
    self.django_setup()
  File "/usr/local/lib/python3.11/site-packages/celery/fixups/django.py", line 131, in django_setup
    django.setup()
  File "/usr/local/lib/python3.11/site-packages/django/__init__.py", line 24, in setup
    apps.populate(settings.INSTALLED_APPS)
  File "/usr/local/lib/python3.11/site-packages/django/apps/registry.py", line 116, in populate
    app_config.import_models()
  File "/usr/local/lib/python3.11/site-packages/django/apps/config.py", line 269, in import_models
    self.models_module = import_module(models_module_name)
                         ^^^^^^^^^^^^^^^^^^^^^^^^^^^^^^^^^
  File "/usr/local/lib/python3.11/importlib/__init__.py", line 126, in import_module
    return _bootstrap._gcd_import(name[level:], package, level)
           ^^^^^^^^^^^^^^^^^^^^^^^^^^^^^^^^^^^^^^^^^^^^^^^^^^^^
  File "<frozen importlib._bootstrap>", line 1204, in _gcd_import
  File "<frozen importlib._bootstrap>", line 1176, in _find_and_load
  File "<frozen importlib._bootstrap>", line 1147, in _find_and_load_unlocked
  File "<frozen importlib._bootstrap>", line 690, in _load_unlocked
  File "<frozen importlib._bootstrap_external>", line 940, in exec_module
  File "<frozen importlib._bootstrap>", line 241, in _call_with_frames_removed
  File "/app/restaurants/models.py", line 998, in <module>
    class RestaurantReview(BaseModel):
  File "/app/restaurants/models.py", line 1017, in RestaurantReview
    default=ReviewStatus.PUBLISHED,
            ^^^^^^^^^^^^^^^^^^^^^^
  File "/usr/local/lib/python3.11/enum.py", line 786, in __getattr__
    raise AttributeError(name) from None
AttributeError: PUBLISHED
ERROR 2025-08-02 06:04:47,836 signal 1 281473561407520 Signal handler <promise@0xffffa8592670 --> <bound method Celery._autodiscover_tasks of <Celery portfolio_project at 0xffffa85e1fd0>>> raised: AttributeError('PUBLISHED')
Traceback (most recent call last):
  File "/usr/local/lib/python3.11/site-packages/celery/utils/dispatch/signal.py", line 276, in send
    response = receiver(signal=self, sender=sender, **named)
               ^^^^^^^^^^^^^^^^^^^^^^^^^^^^^^^^^^^^^^^^^^^^^
  File "/usr/local/lib/python3.11/site-packages/vine/promises.py", line 161, in __call__
    return self.throw()
           ^^^^^^^^^^^^
  File "/usr/local/lib/python3.11/site-packages/vine/promises.py", line 158, in __call__
    retval = fun(*final_args, **final_kwargs)
             ^^^^^^^^^^^^^^^^^^^^^^^^^^^^^^^^
  File "/usr/local/lib/python3.11/site-packages/celery/app/base.py", line 691, in _autodiscover_tasks
    return self._autodiscover_tasks_from_fixups(related_name)
           ^^^^^^^^^^^^^^^^^^^^^^^^^^^^^^^^^^^^^^^^^^^^^^^^^^
  File "/usr/local/lib/python3.11/site-packages/celery/app/base.py", line 700, in _autodiscover_tasks_from_fixups
    return self._autodiscover_tasks_from_names([
           ^^^^^^^^^^^^^^^^^^^^^^^^^^^^^^^^^^^^^
  File "/usr/local/lib/python3.11/site-packages/celery/app/base.py", line 695, in _autodiscover_tasks_from_names
    return self.loader.autodiscover_tasks(
           ^^^^^^^^^^^^^^^^^^^^^^^^^^^^^^^
  File "/usr/local/lib/python3.11/site-packages/celery/loaders/base.py", line 220, in autodiscover_tasks
    mod.__name__ for mod in autodiscover_tasks(packages or (),
                            ^^^^^^^^^^^^^^^^^^^^^^^^^^^^^^^^^^
  File "/usr/local/lib/python3.11/site-packages/celery/loaders/base.py", line 246, in autodiscover_tasks
    return [find_related_module(pkg, related_name) for pkg in packages]
           ^^^^^^^^^^^^^^^^^^^^^^^^^^^^^^^^^^^^^^^^^^^^^^^^^^^^^^^^^^^^
  File "/usr/local/lib/python3.11/site-packages/celery/loaders/base.py", line 246, in <listcomp>
    return [find_related_module(pkg, related_name) for pkg in packages]
            ^^^^^^^^^^^^^^^^^^^^^^^^^^^^^^^^^^^^^^
  File "/usr/local/lib/python3.11/site-packages/celery/loaders/base.py", line 267, in find_related_module
    return importlib.import_module(module_name)
           ^^^^^^^^^^^^^^^^^^^^^^^^^^^^^^^^^^^^
  File "/usr/local/lib/python3.11/importlib/__init__.py", line 126, in import_module
    return _bootstrap._gcd_import(name[level:], package, level)
           ^^^^^^^^^^^^^^^^^^^^^^^^^^^^^^^^^^^^^^^^^^^^^^^^^^^^
  File "<frozen importlib._bootstrap>", line 1204, in _gcd_import
  File "<frozen importlib._bootstrap>", line 1176, in _find_and_load
  File "<frozen importlib._bootstrap>", line 1147, in _find_and_load_unlocked
  File "<frozen importlib._bootstrap>", line 690, in _load_unlocked
  File "<frozen importlib._bootstrap_external>", line 940, in exec_module
  File "<frozen importlib._bootstrap>", line 241, in _call_with_frames_removed
  File "/app/restaurants/tasks.py", line 19, in <module>
    from .models import Restaurant, RestaurantImage
  File "/app/restaurants/models.py", line 998, in <module>
    class RestaurantReview(BaseModel):
  File "/app/restaurants/models.py", line 1017, in RestaurantReview
    default=ReviewStatus.PUBLISHED,
            ^^^^^^^^^^^^^^^^^^^^^^
  File "/usr/local/lib/python3.11/enum.py", line 786, in __getattr__
    raise AttributeError(name) from None
AttributeError: PUBLISHED
ERROR 2025-08-02 06:05:48,631 signal 1 281473870221344 Signal handler <bound method DjangoFixup.on_import_modules of <celery.fixups.django.DjangoFixup object at 0xffffbab2c190>> raised: AttributeError('PUBLISHED')
Traceback (most recent call last):
  File "/usr/local/lib/python3.11/site-packages/celery/utils/dispatch/signal.py", line 276, in send
    response = receiver(signal=self, sender=sender, **named)
               ^^^^^^^^^^^^^^^^^^^^^^^^^^^^^^^^^^^^^^^^^^^^^
  File "/usr/local/lib/python3.11/site-packages/celery/fixups/django.py", line 97, in on_import_modules
    self.worker_fixup.validate_models()
  File "/usr/local/lib/python3.11/site-packages/celery/fixups/django.py", line 135, in validate_models
    self.django_setup()
  File "/usr/local/lib/python3.11/site-packages/celery/fixups/django.py", line 131, in django_setup
    django.setup()
  File "/usr/local/lib/python3.11/site-packages/django/__init__.py", line 24, in setup
    apps.populate(settings.INSTALLED_APPS)
  File "/usr/local/lib/python3.11/site-packages/django/apps/registry.py", line 116, in populate
    app_config.import_models()
  File "/usr/local/lib/python3.11/site-packages/django/apps/config.py", line 269, in import_models
    self.models_module = import_module(models_module_name)
                         ^^^^^^^^^^^^^^^^^^^^^^^^^^^^^^^^^
  File "/usr/local/lib/python3.11/importlib/__init__.py", line 126, in import_module
    return _bootstrap._gcd_import(name[level:], package, level)
           ^^^^^^^^^^^^^^^^^^^^^^^^^^^^^^^^^^^^^^^^^^^^^^^^^^^^
  File "<frozen importlib._bootstrap>", line 1204, in _gcd_import
  File "<frozen importlib._bootstrap>", line 1176, in _find_and_load
  File "<frozen importlib._bootstrap>", line 1147, in _find_and_load_unlocked
  File "<frozen importlib._bootstrap>", line 690, in _load_unlocked
  File "<frozen importlib._bootstrap_external>", line 940, in exec_module
  File "<frozen importlib._bootstrap>", line 241, in _call_with_frames_removed
  File "/app/restaurants/models.py", line 998, in <module>
    class RestaurantReview(BaseModel):
  File "/app/restaurants/models.py", line 1017, in RestaurantReview
    default=ReviewStatus.PUBLISHED,
            ^^^^^^^^^^^^^^^^^^^^^^
  File "/usr/local/lib/python3.11/enum.py", line 786, in __getattr__
    raise AttributeError(name) from None
AttributeError: PUBLISHED
ERROR 2025-08-02 06:05:48,636 signal 1 281473542684704 Signal handler <bound method DjangoFixup.on_import_modules of <celery.fixups.django.DjangoFixup object at 0xffffa72d4490>> raised: AttributeError('PUBLISHED')
Traceback (most recent call last):
  File "/usr/local/lib/python3.11/site-packages/celery/utils/dispatch/signal.py", line 276, in send
    response = receiver(signal=self, sender=sender, **named)
               ^^^^^^^^^^^^^^^^^^^^^^^^^^^^^^^^^^^^^^^^^^^^^
  File "/usr/local/lib/python3.11/site-packages/celery/fixups/django.py", line 97, in on_import_modules
    self.worker_fixup.validate_models()
  File "/usr/local/lib/python3.11/site-packages/celery/fixups/django.py", line 135, in validate_models
    self.django_setup()
  File "/usr/local/lib/python3.11/site-packages/celery/fixups/django.py", line 131, in django_setup
    django.setup()
  File "/usr/local/lib/python3.11/site-packages/django/__init__.py", line 24, in setup
    apps.populate(settings.INSTALLED_APPS)
  File "/usr/local/lib/python3.11/site-packages/django/apps/registry.py", line 116, in populate
    app_config.import_models()
  File "/usr/local/lib/python3.11/site-packages/django/apps/config.py", line 269, in import_models
    self.models_module = import_module(models_module_name)
                         ^^^^^^^^^^^^^^^^^^^^^^^^^^^^^^^^^
  File "/usr/local/lib/python3.11/importlib/__init__.py", line 126, in import_module
    return _bootstrap._gcd_import(name[level:], package, level)
           ^^^^^^^^^^^^^^^^^^^^^^^^^^^^^^^^^^^^^^^^^^^^^^^^^^^^
  File "<frozen importlib._bootstrap>", line 1204, in _gcd_import
  File "<frozen importlib._bootstrap>", line 1176, in _find_and_load
  File "<frozen importlib._bootstrap>", line 1147, in _find_and_load_unlocked
  File "<frozen importlib._bootstrap>", line 690, in _load_unlocked
  File "<frozen importlib._bootstrap_external>", line 940, in exec_module
  File "<frozen importlib._bootstrap>", line 241, in _call_with_frames_removed
  File "/app/restaurants/models.py", line 998, in <module>
    class RestaurantReview(BaseModel):
  File "/app/restaurants/models.py", line 1017, in RestaurantReview
    default=ReviewStatus.PUBLISHED,
            ^^^^^^^^^^^^^^^^^^^^^^
  File "/usr/local/lib/python3.11/enum.py", line 786, in __getattr__
    raise AttributeError(name) from None
AttributeError: PUBLISHED
ERROR 2025-08-02 06:05:48,641 signal 1 281473870221344 Signal handler <promise@0xffffbac06670 --> <bound method Celery._autodiscover_tasks of <Celery portfolio_project at 0xffffbac51ed0>>> raised: AttributeError('PUBLISHED')
Traceback (most recent call last):
  File "/usr/local/lib/python3.11/site-packages/celery/utils/dispatch/signal.py", line 276, in send
    response = receiver(signal=self, sender=sender, **named)
               ^^^^^^^^^^^^^^^^^^^^^^^^^^^^^^^^^^^^^^^^^^^^^
  File "/usr/local/lib/python3.11/site-packages/vine/promises.py", line 161, in __call__
    return self.throw()
           ^^^^^^^^^^^^
  File "/usr/local/lib/python3.11/site-packages/vine/promises.py", line 158, in __call__
    retval = fun(*final_args, **final_kwargs)
             ^^^^^^^^^^^^^^^^^^^^^^^^^^^^^^^^
  File "/usr/local/lib/python3.11/site-packages/celery/app/base.py", line 691, in _autodiscover_tasks
    return self._autodiscover_tasks_from_fixups(related_name)
           ^^^^^^^^^^^^^^^^^^^^^^^^^^^^^^^^^^^^^^^^^^^^^^^^^^
  File "/usr/local/lib/python3.11/site-packages/celery/app/base.py", line 700, in _autodiscover_tasks_from_fixups
    return self._autodiscover_tasks_from_names([
           ^^^^^^^^^^^^^^^^^^^^^^^^^^^^^^^^^^^^^
  File "/usr/local/lib/python3.11/site-packages/celery/app/base.py", line 695, in _autodiscover_tasks_from_names
    return self.loader.autodiscover_tasks(
           ^^^^^^^^^^^^^^^^^^^^^^^^^^^^^^^
  File "/usr/local/lib/python3.11/site-packages/celery/loaders/base.py", line 220, in autodiscover_tasks
    mod.__name__ for mod in autodiscover_tasks(packages or (),
                            ^^^^^^^^^^^^^^^^^^^^^^^^^^^^^^^^^^
  File "/usr/local/lib/python3.11/site-packages/celery/loaders/base.py", line 246, in autodiscover_tasks
    return [find_related_module(pkg, related_name) for pkg in packages]
           ^^^^^^^^^^^^^^^^^^^^^^^^^^^^^^^^^^^^^^^^^^^^^^^^^^^^^^^^^^^^
  File "/usr/local/lib/python3.11/site-packages/celery/loaders/base.py", line 246, in <listcomp>
    return [find_related_module(pkg, related_name) for pkg in packages]
            ^^^^^^^^^^^^^^^^^^^^^^^^^^^^^^^^^^^^^^
  File "/usr/local/lib/python3.11/site-packages/celery/loaders/base.py", line 267, in find_related_module
    return importlib.import_module(module_name)
           ^^^^^^^^^^^^^^^^^^^^^^^^^^^^^^^^^^^^
  File "/usr/local/lib/python3.11/importlib/__init__.py", line 126, in import_module
    return _bootstrap._gcd_import(name[level:], package, level)
           ^^^^^^^^^^^^^^^^^^^^^^^^^^^^^^^^^^^^^^^^^^^^^^^^^^^^
  File "<frozen importlib._bootstrap>", line 1204, in _gcd_import
  File "<frozen importlib._bootstrap>", line 1176, in _find_and_load
  File "<frozen importlib._bootstrap>", line 1147, in _find_and_load_unlocked
  File "<frozen importlib._bootstrap>", line 690, in _load_unlocked
  File "<frozen importlib._bootstrap_external>", line 940, in exec_module
  File "<frozen importlib._bootstrap>", line 241, in _call_with_frames_removed
  File "/app/restaurants/tasks.py", line 19, in <module>
    from .models import Restaurant, RestaurantImage
  File "/app/restaurants/models.py", line 998, in <module>
    class RestaurantReview(BaseModel):
  File "/app/restaurants/models.py", line 1017, in RestaurantReview
    default=ReviewStatus.PUBLISHED,
            ^^^^^^^^^^^^^^^^^^^^^^
  File "/usr/local/lib/python3.11/enum.py", line 786, in __getattr__
    raise AttributeError(name) from None
AttributeError: PUBLISHED
ERROR 2025-08-02 06:05:48,647 signal 1 281473542684704 Signal handler <promise@0xffffa73fe670 --> <bound method Celery._autodiscover_tasks of <Celery portfolio_project at 0xffffa73fa1d0>>> raised: AttributeError('PUBLISHED')
Traceback (most recent call last):
  File "/usr/local/lib/python3.11/site-packages/celery/utils/dispatch/signal.py", line 276, in send
    response = receiver(signal=self, sender=sender, **named)
               ^^^^^^^^^^^^^^^^^^^^^^^^^^^^^^^^^^^^^^^^^^^^^
  File "/usr/local/lib/python3.11/site-packages/vine/promises.py", line 161, in __call__
    return self.throw()
           ^^^^^^^^^^^^
  File "/usr/local/lib/python3.11/site-packages/vine/promises.py", line 158, in __call__
    retval = fun(*final_args, **final_kwargs)
             ^^^^^^^^^^^^^^^^^^^^^^^^^^^^^^^^
  File "/usr/local/lib/python3.11/site-packages/celery/app/base.py", line 691, in _autodiscover_tasks
    return self._autodiscover_tasks_from_fixups(related_name)
           ^^^^^^^^^^^^^^^^^^^^^^^^^^^^^^^^^^^^^^^^^^^^^^^^^^
  File "/usr/local/lib/python3.11/site-packages/celery/app/base.py", line 700, in _autodiscover_tasks_from_fixups
    return self._autodiscover_tasks_from_names([
           ^^^^^^^^^^^^^^^^^^^^^^^^^^^^^^^^^^^^^
  File "/usr/local/lib/python3.11/site-packages/celery/app/base.py", line 695, in _autodiscover_tasks_from_names
    return self.loader.autodiscover_tasks(
           ^^^^^^^^^^^^^^^^^^^^^^^^^^^^^^^
  File "/usr/local/lib/python3.11/site-packages/celery/loaders/base.py", line 220, in autodiscover_tasks
    mod.__name__ for mod in autodiscover_tasks(packages or (),
                            ^^^^^^^^^^^^^^^^^^^^^^^^^^^^^^^^^^
  File "/usr/local/lib/python3.11/site-packages/celery/loaders/base.py", line 246, in autodiscover_tasks
    return [find_related_module(pkg, related_name) for pkg in packages]
           ^^^^^^^^^^^^^^^^^^^^^^^^^^^^^^^^^^^^^^^^^^^^^^^^^^^^^^^^^^^^
  File "/usr/local/lib/python3.11/site-packages/celery/loaders/base.py", line 246, in <listcomp>
    return [find_related_module(pkg, related_name) for pkg in packages]
            ^^^^^^^^^^^^^^^^^^^^^^^^^^^^^^^^^^^^^^
  File "/usr/local/lib/python3.11/site-packages/celery/loaders/base.py", line 267, in find_related_module
    return importlib.import_module(module_name)
           ^^^^^^^^^^^^^^^^^^^^^^^^^^^^^^^^^^^^
  File "/usr/local/lib/python3.11/importlib/__init__.py", line 126, in import_module
    return _bootstrap._gcd_import(name[level:], package, level)
           ^^^^^^^^^^^^^^^^^^^^^^^^^^^^^^^^^^^^^^^^^^^^^^^^^^^^
  File "<frozen importlib._bootstrap>", line 1204, in _gcd_import
  File "<frozen importlib._bootstrap>", line 1176, in _find_and_load
  File "<frozen importlib._bootstrap>", line 1147, in _find_and_load_unlocked
  File "<frozen importlib._bootstrap>", line 690, in _load_unlocked
  File "<frozen importlib._bootstrap_external>", line 940, in exec_module
  File "<frozen importlib._bootstrap>", line 241, in _call_with_frames_removed
  File "/app/restaurants/tasks.py", line 19, in <module>
    from .models import Restaurant, RestaurantImage
  File "/app/restaurants/models.py", line 998, in <module>
    class RestaurantReview(BaseModel):
  File "/app/restaurants/models.py", line 1017, in RestaurantReview
    default=ReviewStatus.PUBLISHED,
            ^^^^^^^^^^^^^^^^^^^^^^
  File "/usr/local/lib/python3.11/enum.py", line 786, in __getattr__
    raise AttributeError(name) from None
AttributeError: PUBLISHED
ERROR 2025-08-02 06:06:49,477 signal 1 281473857462304 Signal handler <bound method DjangoFixup.on_import_modules of <celery.fixups.django.DjangoFixup object at 0xffffb9f30490>> raised: AttributeError('PUBLISHED')
Traceback (most recent call last):
  File "/usr/local/lib/python3.11/site-packages/celery/utils/dispatch/signal.py", line 276, in send
    response = receiver(signal=self, sender=sender, **named)
               ^^^^^^^^^^^^^^^^^^^^^^^^^^^^^^^^^^^^^^^^^^^^^
  File "/usr/local/lib/python3.11/site-packages/celery/fixups/django.py", line 97, in on_import_modules
    self.worker_fixup.validate_models()
  File "/usr/local/lib/python3.11/site-packages/celery/fixups/django.py", line 135, in validate_models
    self.django_setup()
  File "/usr/local/lib/python3.11/site-packages/celery/fixups/django.py", line 131, in django_setup
    django.setup()
  File "/usr/local/lib/python3.11/site-packages/django/__init__.py", line 24, in setup
    apps.populate(settings.INSTALLED_APPS)
  File "/usr/local/lib/python3.11/site-packages/django/apps/registry.py", line 116, in populate
    app_config.import_models()
  File "/usr/local/lib/python3.11/site-packages/django/apps/config.py", line 269, in import_models
    self.models_module = import_module(models_module_name)
                         ^^^^^^^^^^^^^^^^^^^^^^^^^^^^^^^^^
  File "/usr/local/lib/python3.11/importlib/__init__.py", line 126, in import_module
    return _bootstrap._gcd_import(name[level:], package, level)
           ^^^^^^^^^^^^^^^^^^^^^^^^^^^^^^^^^^^^^^^^^^^^^^^^^^^^
  File "<frozen importlib._bootstrap>", line 1204, in _gcd_import
  File "<frozen importlib._bootstrap>", line 1176, in _find_and_load
  File "<frozen importlib._bootstrap>", line 1147, in _find_and_load_unlocked
  File "<frozen importlib._bootstrap>", line 690, in _load_unlocked
  File "<frozen importlib._bootstrap_external>", line 940, in exec_module
  File "<frozen importlib._bootstrap>", line 241, in _call_with_frames_removed
  File "/app/restaurants/models.py", line 998, in <module>
    class RestaurantReview(BaseModel):
  File "/app/restaurants/models.py", line 1017, in RestaurantReview
    default=ReviewStatus.PUBLISHED,
            ^^^^^^^^^^^^^^^^^^^^^^
  File "/usr/local/lib/python3.11/enum.py", line 786, in __getattr__
    raise AttributeError(name) from None
AttributeError: PUBLISHED
ERROR 2025-08-02 06:06:49,478 signal 1 281473806528544 Signal handler <bound method DjangoFixup.on_import_modules of <celery.fixups.django.DjangoFixup object at 0xffffb6e906d0>> raised: AttributeError('PUBLISHED')
Traceback (most recent call last):
  File "/usr/local/lib/python3.11/site-packages/celery/utils/dispatch/signal.py", line 276, in send
    response = receiver(signal=self, sender=sender, **named)
               ^^^^^^^^^^^^^^^^^^^^^^^^^^^^^^^^^^^^^^^^^^^^^
  File "/usr/local/lib/python3.11/site-packages/celery/fixups/django.py", line 97, in on_import_modules
    self.worker_fixup.validate_models()
  File "/usr/local/lib/python3.11/site-packages/celery/fixups/django.py", line 135, in validate_models
    self.django_setup()
  File "/usr/local/lib/python3.11/site-packages/celery/fixups/django.py", line 131, in django_setup
    django.setup()
  File "/usr/local/lib/python3.11/site-packages/django/__init__.py", line 24, in setup
    apps.populate(settings.INSTALLED_APPS)
  File "/usr/local/lib/python3.11/site-packages/django/apps/registry.py", line 116, in populate
    app_config.import_models()
  File "/usr/local/lib/python3.11/site-packages/django/apps/config.py", line 269, in import_models
    self.models_module = import_module(models_module_name)
                         ^^^^^^^^^^^^^^^^^^^^^^^^^^^^^^^^^
  File "/usr/local/lib/python3.11/importlib/__init__.py", line 126, in import_module
    return _bootstrap._gcd_import(name[level:], package, level)
           ^^^^^^^^^^^^^^^^^^^^^^^^^^^^^^^^^^^^^^^^^^^^^^^^^^^^
  File "<frozen importlib._bootstrap>", line 1204, in _gcd_import
  File "<frozen importlib._bootstrap>", line 1176, in _find_and_load
  File "<frozen importlib._bootstrap>", line 1147, in _find_and_load_unlocked
  File "<frozen importlib._bootstrap>", line 690, in _load_unlocked
  File "<frozen importlib._bootstrap_external>", line 940, in exec_module
  File "<frozen importlib._bootstrap>", line 241, in _call_with_frames_removed
  File "/app/restaurants/models.py", line 998, in <module>
    class RestaurantReview(BaseModel):
  File "/app/restaurants/models.py", line 1017, in RestaurantReview
    default=ReviewStatus.PUBLISHED,
            ^^^^^^^^^^^^^^^^^^^^^^
  File "/usr/local/lib/python3.11/enum.py", line 786, in __getattr__
    raise AttributeError(name) from None
AttributeError: PUBLISHED
ERROR 2025-08-02 06:06:49,491 signal 1 281473857462304 Signal handler <promise@0xffffba016670 --> <bound method Celery._autodiscover_tasks of <Celery portfolio_project at 0xffffba00a310>>> raised: AttributeError('PUBLISHED')
Traceback (most recent call last):
  File "/usr/local/lib/python3.11/site-packages/celery/utils/dispatch/signal.py", line 276, in send
    response = receiver(signal=self, sender=sender, **named)
               ^^^^^^^^^^^^^^^^^^^^^^^^^^^^^^^^^^^^^^^^^^^^^
  File "/usr/local/lib/python3.11/site-packages/vine/promises.py", line 161, in __call__
    return self.throw()
           ^^^^^^^^^^^^
  File "/usr/local/lib/python3.11/site-packages/vine/promises.py", line 158, in __call__
    retval = fun(*final_args, **final_kwargs)
             ^^^^^^^^^^^^^^^^^^^^^^^^^^^^^^^^
  File "/usr/local/lib/python3.11/site-packages/celery/app/base.py", line 691, in _autodiscover_tasks
    return self._autodiscover_tasks_from_fixups(related_name)
           ^^^^^^^^^^^^^^^^^^^^^^^^^^^^^^^^^^^^^^^^^^^^^^^^^^
  File "/usr/local/lib/python3.11/site-packages/celery/app/base.py", line 700, in _autodiscover_tasks_from_fixups
    return self._autodiscover_tasks_from_names([
           ^^^^^^^^^^^^^^^^^^^^^^^^^^^^^^^^^^^^^
  File "/usr/local/lib/python3.11/site-packages/celery/app/base.py", line 695, in _autodiscover_tasks_from_names
    return self.loader.autodiscover_tasks(
           ^^^^^^^^^^^^^^^^^^^^^^^^^^^^^^^
  File "/usr/local/lib/python3.11/site-packages/celery/loaders/base.py", line 220, in autodiscover_tasks
    mod.__name__ for mod in autodiscover_tasks(packages or (),
                            ^^^^^^^^^^^^^^^^^^^^^^^^^^^^^^^^^^
  File "/usr/local/lib/python3.11/site-packages/celery/loaders/base.py", line 246, in autodiscover_tasks
    return [find_related_module(pkg, related_name) for pkg in packages]
           ^^^^^^^^^^^^^^^^^^^^^^^^^^^^^^^^^^^^^^^^^^^^^^^^^^^^^^^^^^^^
  File "/usr/local/lib/python3.11/site-packages/celery/loaders/base.py", line 246, in <listcomp>
    return [find_related_module(pkg, related_name) for pkg in packages]
            ^^^^^^^^^^^^^^^^^^^^^^^^^^^^^^^^^^^^^^
  File "/usr/local/lib/python3.11/site-packages/celery/loaders/base.py", line 267, in find_related_module
    return importlib.import_module(module_name)
           ^^^^^^^^^^^^^^^^^^^^^^^^^^^^^^^^^^^^
  File "/usr/local/lib/python3.11/importlib/__init__.py", line 126, in import_module
    return _bootstrap._gcd_import(name[level:], package, level)
           ^^^^^^^^^^^^^^^^^^^^^^^^^^^^^^^^^^^^^^^^^^^^^^^^^^^^
  File "<frozen importlib._bootstrap>", line 1204, in _gcd_import
  File "<frozen importlib._bootstrap>", line 1176, in _find_and_load
  File "<frozen importlib._bootstrap>", line 1147, in _find_and_load_unlocked
  File "<frozen importlib._bootstrap>", line 690, in _load_unlocked
  File "<frozen importlib._bootstrap_external>", line 940, in exec_module
  File "<frozen importlib._bootstrap>", line 241, in _call_with_frames_removed
  File "/app/restaurants/tasks.py", line 19, in <module>
    from .models import Restaurant, RestaurantImage
  File "/app/restaurants/models.py", line 998, in <module>
    class RestaurantReview(BaseModel):
  File "/app/restaurants/models.py", line 1017, in RestaurantReview
    default=ReviewStatus.PUBLISHED,
            ^^^^^^^^^^^^^^^^^^^^^^
  File "/usr/local/lib/python3.11/enum.py", line 786, in __getattr__
    raise AttributeError(name) from None
AttributeError: PUBLISHED
ERROR 2025-08-02 06:06:49,497 signal 1 281473806528544 Signal handler <promise@0xffffb6f76670 --> <bound method Celery._autodiscover_tasks of <Celery portfolio_project at 0xffffb6f6a490>>> raised: AttributeError('PUBLISHED')
Traceback (most recent call last):
  File "/usr/local/lib/python3.11/site-packages/celery/utils/dispatch/signal.py", line 276, in send
    response = receiver(signal=self, sender=sender, **named)
               ^^^^^^^^^^^^^^^^^^^^^^^^^^^^^^^^^^^^^^^^^^^^^
  File "/usr/local/lib/python3.11/site-packages/vine/promises.py", line 161, in __call__
    return self.throw()
           ^^^^^^^^^^^^
  File "/usr/local/lib/python3.11/site-packages/vine/promises.py", line 158, in __call__
    retval = fun(*final_args, **final_kwargs)
             ^^^^^^^^^^^^^^^^^^^^^^^^^^^^^^^^
  File "/usr/local/lib/python3.11/site-packages/celery/app/base.py", line 691, in _autodiscover_tasks
    return self._autodiscover_tasks_from_fixups(related_name)
           ^^^^^^^^^^^^^^^^^^^^^^^^^^^^^^^^^^^^^^^^^^^^^^^^^^
  File "/usr/local/lib/python3.11/site-packages/celery/app/base.py", line 700, in _autodiscover_tasks_from_fixups
    return self._autodiscover_tasks_from_names([
           ^^^^^^^^^^^^^^^^^^^^^^^^^^^^^^^^^^^^^
  File "/usr/local/lib/python3.11/site-packages/celery/app/base.py", line 695, in _autodiscover_tasks_from_names
    return self.loader.autodiscover_tasks(
           ^^^^^^^^^^^^^^^^^^^^^^^^^^^^^^^
  File "/usr/local/lib/python3.11/site-packages/celery/loaders/base.py", line 220, in autodiscover_tasks
    mod.__name__ for mod in autodiscover_tasks(packages or (),
                            ^^^^^^^^^^^^^^^^^^^^^^^^^^^^^^^^^^
  File "/usr/local/lib/python3.11/site-packages/celery/loaders/base.py", line 246, in autodiscover_tasks
    return [find_related_module(pkg, related_name) for pkg in packages]
           ^^^^^^^^^^^^^^^^^^^^^^^^^^^^^^^^^^^^^^^^^^^^^^^^^^^^^^^^^^^^
  File "/usr/local/lib/python3.11/site-packages/celery/loaders/base.py", line 246, in <listcomp>
    return [find_related_module(pkg, related_name) for pkg in packages]
            ^^^^^^^^^^^^^^^^^^^^^^^^^^^^^^^^^^^^^^
  File "/usr/local/lib/python3.11/site-packages/celery/loaders/base.py", line 267, in find_related_module
    return importlib.import_module(module_name)
           ^^^^^^^^^^^^^^^^^^^^^^^^^^^^^^^^^^^^
  File "/usr/local/lib/python3.11/importlib/__init__.py", line 126, in import_module
    return _bootstrap._gcd_import(name[level:], package, level)
           ^^^^^^^^^^^^^^^^^^^^^^^^^^^^^^^^^^^^^^^^^^^^^^^^^^^^
  File "<frozen importlib._bootstrap>", line 1204, in _gcd_import
  File "<frozen importlib._bootstrap>", line 1176, in _find_and_load
  File "<frozen importlib._bootstrap>", line 1147, in _find_and_load_unlocked
  File "<frozen importlib._bootstrap>", line 690, in _load_unlocked
  File "<frozen importlib._bootstrap_external>", line 940, in exec_module
  File "<frozen importlib._bootstrap>", line 241, in _call_with_frames_removed
  File "/app/restaurants/tasks.py", line 19, in <module>
    from .models import Restaurant, RestaurantImage
  File "/app/restaurants/models.py", line 998, in <module>
    class RestaurantReview(BaseModel):
  File "/app/restaurants/models.py", line 1017, in RestaurantReview
    default=ReviewStatus.PUBLISHED,
            ^^^^^^^^^^^^^^^^^^^^^^
  File "/usr/local/lib/python3.11/enum.py", line 786, in __getattr__
    raise AttributeError(name) from None
AttributeError: PUBLISHED
ERROR 2025-08-02 06:07:50,276 signal 1 281472969756704 Signal handler <bound method DjangoFixup.on_import_modules of <celery.fixups.django.DjangoFixup object at 0xffff850606d0>> raised: AttributeError('PUBLISHED')
Traceback (most recent call last):
  File "/usr/local/lib/python3.11/site-packages/celery/utils/dispatch/signal.py", line 276, in send
    response = receiver(signal=self, sender=sender, **named)
               ^^^^^^^^^^^^^^^^^^^^^^^^^^^^^^^^^^^^^^^^^^^^^
  File "/usr/local/lib/python3.11/site-packages/celery/fixups/django.py", line 97, in on_import_modules
    self.worker_fixup.validate_models()
  File "/usr/local/lib/python3.11/site-packages/celery/fixups/django.py", line 135, in validate_models
    self.django_setup()
  File "/usr/local/lib/python3.11/site-packages/celery/fixups/django.py", line 131, in django_setup
    django.setup()
  File "/usr/local/lib/python3.11/site-packages/django/__init__.py", line 24, in setup
    apps.populate(settings.INSTALLED_APPS)
  File "/usr/local/lib/python3.11/site-packages/django/apps/registry.py", line 116, in populate
    app_config.import_models()
  File "/usr/local/lib/python3.11/site-packages/django/apps/config.py", line 269, in import_models
    self.models_module = import_module(models_module_name)
                         ^^^^^^^^^^^^^^^^^^^^^^^^^^^^^^^^^
  File "/usr/local/lib/python3.11/importlib/__init__.py", line 126, in import_module
    return _bootstrap._gcd_import(name[level:], package, level)
           ^^^^^^^^^^^^^^^^^^^^^^^^^^^^^^^^^^^^^^^^^^^^^^^^^^^^
  File "<frozen importlib._bootstrap>", line 1204, in _gcd_import
  File "<frozen importlib._bootstrap>", line 1176, in _find_and_load
  File "<frozen importlib._bootstrap>", line 1147, in _find_and_load_unlocked
  File "<frozen importlib._bootstrap>", line 690, in _load_unlocked
  File "<frozen importlib._bootstrap_external>", line 940, in exec_module
  File "<frozen importlib._bootstrap>", line 241, in _call_with_frames_removed
  File "/app/restaurants/models.py", line 998, in <module>
    class RestaurantReview(BaseModel):
  File "/app/restaurants/models.py", line 1017, in RestaurantReview
    default=ReviewStatus.PUBLISHED,
            ^^^^^^^^^^^^^^^^^^^^^^
  File "/usr/local/lib/python3.11/enum.py", line 786, in __getattr__
    raise AttributeError(name) from None
AttributeError: PUBLISHED
ERROR 2025-08-02 06:07:50,280 signal 1 281473674817568 Signal handler <bound method DjangoFixup.on_import_modules of <celery.fixups.django.DjangoFixup object at 0xffffaf0d4350>> raised: AttributeError('PUBLISHED')
Traceback (most recent call last):
  File "/usr/local/lib/python3.11/site-packages/celery/utils/dispatch/signal.py", line 276, in send
    response = receiver(signal=self, sender=sender, **named)
               ^^^^^^^^^^^^^^^^^^^^^^^^^^^^^^^^^^^^^^^^^^^^^
  File "/usr/local/lib/python3.11/site-packages/celery/fixups/django.py", line 97, in on_import_modules
    self.worker_fixup.validate_models()
  File "/usr/local/lib/python3.11/site-packages/celery/fixups/django.py", line 135, in validate_models
    self.django_setup()
  File "/usr/local/lib/python3.11/site-packages/celery/fixups/django.py", line 131, in django_setup
    django.setup()
  File "/usr/local/lib/python3.11/site-packages/django/__init__.py", line 24, in setup
    apps.populate(settings.INSTALLED_APPS)
  File "/usr/local/lib/python3.11/site-packages/django/apps/registry.py", line 116, in populate
    app_config.import_models()
  File "/usr/local/lib/python3.11/site-packages/django/apps/config.py", line 269, in import_models
    self.models_module = import_module(models_module_name)
                         ^^^^^^^^^^^^^^^^^^^^^^^^^^^^^^^^^
  File "/usr/local/lib/python3.11/importlib/__init__.py", line 126, in import_module
    return _bootstrap._gcd_import(name[level:], package, level)
           ^^^^^^^^^^^^^^^^^^^^^^^^^^^^^^^^^^^^^^^^^^^^^^^^^^^^
  File "<frozen importlib._bootstrap>", line 1204, in _gcd_import
  File "<frozen importlib._bootstrap>", line 1176, in _find_and_load
  File "<frozen importlib._bootstrap>", line 1147, in _find_and_load_unlocked
  File "<frozen importlib._bootstrap>", line 690, in _load_unlocked
  File "<frozen importlib._bootstrap_external>", line 940, in exec_module
  File "<frozen importlib._bootstrap>", line 241, in _call_with_frames_removed
  File "/app/restaurants/models.py", line 998, in <module>
    class RestaurantReview(BaseModel):
  File "/app/restaurants/models.py", line 1017, in RestaurantReview
    default=ReviewStatus.PUBLISHED,
            ^^^^^^^^^^^^^^^^^^^^^^
  File "/usr/local/lib/python3.11/enum.py", line 786, in __getattr__
    raise AttributeError(name) from None
AttributeError: PUBLISHED
ERROR 2025-08-02 06:07:50,286 signal 1 281472969756704 Signal handler <promise@0xffff85146670 --> <bound method Celery._autodiscover_tasks of <Celery portfolio_project at 0xffff8513a510>>> raised: AttributeError('PUBLISHED')
Traceback (most recent call last):
  File "/usr/local/lib/python3.11/site-packages/celery/utils/dispatch/signal.py", line 276, in send
    response = receiver(signal=self, sender=sender, **named)
               ^^^^^^^^^^^^^^^^^^^^^^^^^^^^^^^^^^^^^^^^^^^^^
  File "/usr/local/lib/python3.11/site-packages/vine/promises.py", line 161, in __call__
    return self.throw()
           ^^^^^^^^^^^^
  File "/usr/local/lib/python3.11/site-packages/vine/promises.py", line 158, in __call__
    retval = fun(*final_args, **final_kwargs)
             ^^^^^^^^^^^^^^^^^^^^^^^^^^^^^^^^
  File "/usr/local/lib/python3.11/site-packages/celery/app/base.py", line 691, in _autodiscover_tasks
    return self._autodiscover_tasks_from_fixups(related_name)
           ^^^^^^^^^^^^^^^^^^^^^^^^^^^^^^^^^^^^^^^^^^^^^^^^^^
  File "/usr/local/lib/python3.11/site-packages/celery/app/base.py", line 700, in _autodiscover_tasks_from_fixups
    return self._autodiscover_tasks_from_names([
           ^^^^^^^^^^^^^^^^^^^^^^^^^^^^^^^^^^^^^
  File "/usr/local/lib/python3.11/site-packages/celery/app/base.py", line 695, in _autodiscover_tasks_from_names
    return self.loader.autodiscover_tasks(
           ^^^^^^^^^^^^^^^^^^^^^^^^^^^^^^^
  File "/usr/local/lib/python3.11/site-packages/celery/loaders/base.py", line 220, in autodiscover_tasks
    mod.__name__ for mod in autodiscover_tasks(packages or (),
                            ^^^^^^^^^^^^^^^^^^^^^^^^^^^^^^^^^^
  File "/usr/local/lib/python3.11/site-packages/celery/loaders/base.py", line 246, in autodiscover_tasks
    return [find_related_module(pkg, related_name) for pkg in packages]
           ^^^^^^^^^^^^^^^^^^^^^^^^^^^^^^^^^^^^^^^^^^^^^^^^^^^^^^^^^^^^
  File "/usr/local/lib/python3.11/site-packages/celery/loaders/base.py", line 246, in <listcomp>
    return [find_related_module(pkg, related_name) for pkg in packages]
            ^^^^^^^^^^^^^^^^^^^^^^^^^^^^^^^^^^^^^^
  File "/usr/local/lib/python3.11/site-packages/celery/loaders/base.py", line 267, in find_related_module
    return importlib.import_module(module_name)
           ^^^^^^^^^^^^^^^^^^^^^^^^^^^^^^^^^^^^
  File "/usr/local/lib/python3.11/importlib/__init__.py", line 126, in import_module
    return _bootstrap._gcd_import(name[level:], package, level)
           ^^^^^^^^^^^^^^^^^^^^^^^^^^^^^^^^^^^^^^^^^^^^^^^^^^^^
  File "<frozen importlib._bootstrap>", line 1204, in _gcd_import
  File "<frozen importlib._bootstrap>", line 1176, in _find_and_load
  File "<frozen importlib._bootstrap>", line 1147, in _find_and_load_unlocked
  File "<frozen importlib._bootstrap>", line 690, in _load_unlocked
  File "<frozen importlib._bootstrap_external>", line 940, in exec_module
  File "<frozen importlib._bootstrap>", line 241, in _call_with_frames_removed
  File "/app/restaurants/tasks.py", line 19, in <module>
    from .models import Restaurant, RestaurantImage
  File "/app/restaurants/models.py", line 998, in <module>
    class RestaurantReview(BaseModel):
  File "/app/restaurants/models.py", line 1017, in RestaurantReview
    default=ReviewStatus.PUBLISHED,
            ^^^^^^^^^^^^^^^^^^^^^^
  File "/usr/local/lib/python3.11/enum.py", line 786, in __getattr__
    raise AttributeError(name) from None
AttributeError: PUBLISHED
ERROR 2025-08-02 06:07:50,292 signal 1 281473674817568 Signal handler <promise@0xffffaf1fe670 --> <bound method Celery._autodiscover_tasks of <Celery portfolio_project at 0xffffaf1fa110>>> raised: AttributeError('PUBLISHED')
Traceback (most recent call last):
  File "/usr/local/lib/python3.11/site-packages/celery/utils/dispatch/signal.py", line 276, in send
    response = receiver(signal=self, sender=sender, **named)
               ^^^^^^^^^^^^^^^^^^^^^^^^^^^^^^^^^^^^^^^^^^^^^
  File "/usr/local/lib/python3.11/site-packages/vine/promises.py", line 161, in __call__
    return self.throw()
           ^^^^^^^^^^^^
  File "/usr/local/lib/python3.11/site-packages/vine/promises.py", line 158, in __call__
    retval = fun(*final_args, **final_kwargs)
             ^^^^^^^^^^^^^^^^^^^^^^^^^^^^^^^^
  File "/usr/local/lib/python3.11/site-packages/celery/app/base.py", line 691, in _autodiscover_tasks
    return self._autodiscover_tasks_from_fixups(related_name)
           ^^^^^^^^^^^^^^^^^^^^^^^^^^^^^^^^^^^^^^^^^^^^^^^^^^
  File "/usr/local/lib/python3.11/site-packages/celery/app/base.py", line 700, in _autodiscover_tasks_from_fixups
    return self._autodiscover_tasks_from_names([
           ^^^^^^^^^^^^^^^^^^^^^^^^^^^^^^^^^^^^^
  File "/usr/local/lib/python3.11/site-packages/celery/app/base.py", line 695, in _autodiscover_tasks_from_names
    return self.loader.autodiscover_tasks(
           ^^^^^^^^^^^^^^^^^^^^^^^^^^^^^^^
  File "/usr/local/lib/python3.11/site-packages/celery/loaders/base.py", line 220, in autodiscover_tasks
    mod.__name__ for mod in autodiscover_tasks(packages or (),
                            ^^^^^^^^^^^^^^^^^^^^^^^^^^^^^^^^^^
  File "/usr/local/lib/python3.11/site-packages/celery/loaders/base.py", line 246, in autodiscover_tasks
    return [find_related_module(pkg, related_name) for pkg in packages]
           ^^^^^^^^^^^^^^^^^^^^^^^^^^^^^^^^^^^^^^^^^^^^^^^^^^^^^^^^^^^^
  File "/usr/local/lib/python3.11/site-packages/celery/loaders/base.py", line 246, in <listcomp>
    return [find_related_module(pkg, related_name) for pkg in packages]
            ^^^^^^^^^^^^^^^^^^^^^^^^^^^^^^^^^^^^^^
  File "/usr/local/lib/python3.11/site-packages/celery/loaders/base.py", line 267, in find_related_module
    return importlib.import_module(module_name)
           ^^^^^^^^^^^^^^^^^^^^^^^^^^^^^^^^^^^^
  File "/usr/local/lib/python3.11/importlib/__init__.py", line 126, in import_module
    return _bootstrap._gcd_import(name[level:], package, level)
           ^^^^^^^^^^^^^^^^^^^^^^^^^^^^^^^^^^^^^^^^^^^^^^^^^^^^
  File "<frozen importlib._bootstrap>", line 1204, in _gcd_import
  File "<frozen importlib._bootstrap>", line 1176, in _find_and_load
  File "<frozen importlib._bootstrap>", line 1147, in _find_and_load_unlocked
  File "<frozen importlib._bootstrap>", line 690, in _load_unlocked
  File "<frozen importlib._bootstrap_external>", line 940, in exec_module
  File "<frozen importlib._bootstrap>", line 241, in _call_with_frames_removed
  File "/app/restaurants/tasks.py", line 19, in <module>
    from .models import Restaurant, RestaurantImage
  File "/app/restaurants/models.py", line 998, in <module>
    class RestaurantReview(BaseModel):
  File "/app/restaurants/models.py", line 1017, in RestaurantReview
    default=ReviewStatus.PUBLISHED,
            ^^^^^^^^^^^^^^^^^^^^^^
  File "/usr/local/lib/python3.11/enum.py", line 786, in __getattr__
    raise AttributeError(name) from None
AttributeError: PUBLISHED
ERROR 2025-08-02 06:10:52,156 signal 1 281473295429664 Signal handler <bound method DjangoFixup.on_import_modules of <celery.fixups.django.DjangoFixup object at 0xffff98730750>> raised: AttributeError('PUBLISHED')
Traceback (most recent call last):
  File "/usr/local/lib/python3.11/site-packages/celery/utils/dispatch/signal.py", line 276, in send
    response = receiver(signal=self, sender=sender, **named)
               ^^^^^^^^^^^^^^^^^^^^^^^^^^^^^^^^^^^^^^^^^^^^^
  File "/usr/local/lib/python3.11/site-packages/celery/fixups/django.py", line 97, in on_import_modules
    self.worker_fixup.validate_models()
  File "/usr/local/lib/python3.11/site-packages/celery/fixups/django.py", line 135, in validate_models
    self.django_setup()
  File "/usr/local/lib/python3.11/site-packages/celery/fixups/django.py", line 131, in django_setup
    django.setup()
  File "/usr/local/lib/python3.11/site-packages/django/__init__.py", line 24, in setup
    apps.populate(settings.INSTALLED_APPS)
  File "/usr/local/lib/python3.11/site-packages/django/apps/registry.py", line 116, in populate
    app_config.import_models()
  File "/usr/local/lib/python3.11/site-packages/django/apps/config.py", line 269, in import_models
    self.models_module = import_module(models_module_name)
                         ^^^^^^^^^^^^^^^^^^^^^^^^^^^^^^^^^
  File "/usr/local/lib/python3.11/importlib/__init__.py", line 126, in import_module
    return _bootstrap._gcd_import(name[level:], package, level)
           ^^^^^^^^^^^^^^^^^^^^^^^^^^^^^^^^^^^^^^^^^^^^^^^^^^^^
  File "<frozen importlib._bootstrap>", line 1204, in _gcd_import
  File "<frozen importlib._bootstrap>", line 1176, in _find_and_load
  File "<frozen importlib._bootstrap>", line 1147, in _find_and_load_unlocked
  File "<frozen importlib._bootstrap>", line 690, in _load_unlocked
  File "<frozen importlib._bootstrap_external>", line 940, in exec_module
  File "<frozen importlib._bootstrap>", line 241, in _call_with_frames_removed
  File "/app/restaurants/models.py", line 998, in <module>
    class RestaurantReview(BaseModel):
  File "/app/restaurants/models.py", line 1017, in RestaurantReview
    default=ReviewStatus.PUBLISHED,
            ^^^^^^^^^^^^^^^^^^^^^^
  File "/usr/local/lib/python3.11/enum.py", line 786, in __getattr__
    raise AttributeError(name) from None
AttributeError: PUBLISHED
ERROR 2025-08-02 06:10:52,157 signal 1 281473175502880 Signal handler <bound method DjangoFixup.on_import_modules of <celery.fixups.django.DjangoFixup object at 0xffff9149c390>> raised: AttributeError('PUBLISHED')
Traceback (most recent call last):
  File "/usr/local/lib/python3.11/site-packages/celery/utils/dispatch/signal.py", line 276, in send
    response = receiver(signal=self, sender=sender, **named)
               ^^^^^^^^^^^^^^^^^^^^^^^^^^^^^^^^^^^^^^^^^^^^^
  File "/usr/local/lib/python3.11/site-packages/celery/fixups/django.py", line 97, in on_import_modules
    self.worker_fixup.validate_models()
  File "/usr/local/lib/python3.11/site-packages/celery/fixups/django.py", line 135, in validate_models
    self.django_setup()
  File "/usr/local/lib/python3.11/site-packages/celery/fixups/django.py", line 131, in django_setup
    django.setup()
  File "/usr/local/lib/python3.11/site-packages/django/__init__.py", line 24, in setup
    apps.populate(settings.INSTALLED_APPS)
  File "/usr/local/lib/python3.11/site-packages/django/apps/registry.py", line 116, in populate
    app_config.import_models()
  File "/usr/local/lib/python3.11/site-packages/django/apps/config.py", line 269, in import_models
    self.models_module = import_module(models_module_name)
                         ^^^^^^^^^^^^^^^^^^^^^^^^^^^^^^^^^
  File "/usr/local/lib/python3.11/importlib/__init__.py", line 126, in import_module
    return _bootstrap._gcd_import(name[level:], package, level)
           ^^^^^^^^^^^^^^^^^^^^^^^^^^^^^^^^^^^^^^^^^^^^^^^^^^^^
  File "<frozen importlib._bootstrap>", line 1204, in _gcd_import
  File "<frozen importlib._bootstrap>", line 1176, in _find_and_load
  File "<frozen importlib._bootstrap>", line 1147, in _find_and_load_unlocked
  File "<frozen importlib._bootstrap>", line 690, in _load_unlocked
  File "<frozen importlib._bootstrap_external>", line 940, in exec_module
  File "<frozen importlib._bootstrap>", line 241, in _call_with_frames_removed
  File "/app/restaurants/models.py", line 998, in <module>
    class RestaurantReview(BaseModel):
  File "/app/restaurants/models.py", line 1017, in RestaurantReview
    default=ReviewStatus.PUBLISHED,
            ^^^^^^^^^^^^^^^^^^^^^^
  File "/usr/local/lib/python3.11/enum.py", line 786, in __getattr__
    raise AttributeError(name) from None
AttributeError: PUBLISHED
ERROR 2025-08-02 06:10:52,169 signal 1 281473295429664 Signal handler <promise@0xffff98816670 --> <bound method Celery._autodiscover_tasks of <Celery portfolio_project at 0xffff988524d0>>> raised: AttributeError('PUBLISHED')
Traceback (most recent call last):
  File "/usr/local/lib/python3.11/site-packages/celery/utils/dispatch/signal.py", line 276, in send
    response = receiver(signal=self, sender=sender, **named)
               ^^^^^^^^^^^^^^^^^^^^^^^^^^^^^^^^^^^^^^^^^^^^^
  File "/usr/local/lib/python3.11/site-packages/vine/promises.py", line 161, in __call__
    return self.throw()
           ^^^^^^^^^^^^
  File "/usr/local/lib/python3.11/site-packages/vine/promises.py", line 158, in __call__
    retval = fun(*final_args, **final_kwargs)
             ^^^^^^^^^^^^^^^^^^^^^^^^^^^^^^^^
  File "/usr/local/lib/python3.11/site-packages/celery/app/base.py", line 691, in _autodiscover_tasks
    return self._autodiscover_tasks_from_fixups(related_name)
           ^^^^^^^^^^^^^^^^^^^^^^^^^^^^^^^^^^^^^^^^^^^^^^^^^^
  File "/usr/local/lib/python3.11/site-packages/celery/app/base.py", line 700, in _autodiscover_tasks_from_fixups
    return self._autodiscover_tasks_from_names([
           ^^^^^^^^^^^^^^^^^^^^^^^^^^^^^^^^^^^^^
  File "/usr/local/lib/python3.11/site-packages/celery/app/base.py", line 695, in _autodiscover_tasks_from_names
    return self.loader.autodiscover_tasks(
           ^^^^^^^^^^^^^^^^^^^^^^^^^^^^^^^
  File "/usr/local/lib/python3.11/site-packages/celery/loaders/base.py", line 220, in autodiscover_tasks
    mod.__name__ for mod in autodiscover_tasks(packages or (),
                            ^^^^^^^^^^^^^^^^^^^^^^^^^^^^^^^^^^
  File "/usr/local/lib/python3.11/site-packages/celery/loaders/base.py", line 246, in autodiscover_tasks
    return [find_related_module(pkg, related_name) for pkg in packages]
           ^^^^^^^^^^^^^^^^^^^^^^^^^^^^^^^^^^^^^^^^^^^^^^^^^^^^^^^^^^^^
  File "/usr/local/lib/python3.11/site-packages/celery/loaders/base.py", line 246, in <listcomp>
    return [find_related_module(pkg, related_name) for pkg in packages]
            ^^^^^^^^^^^^^^^^^^^^^^^^^^^^^^^^^^^^^^
  File "/usr/local/lib/python3.11/site-packages/celery/loaders/base.py", line 267, in find_related_module
    return importlib.import_module(module_name)
           ^^^^^^^^^^^^^^^^^^^^^^^^^^^^^^^^^^^^
  File "/usr/local/lib/python3.11/importlib/__init__.py", line 126, in import_module
    return _bootstrap._gcd_import(name[level:], package, level)
           ^^^^^^^^^^^^^^^^^^^^^^^^^^^^^^^^^^^^^^^^^^^^^^^^^^^^
  File "<frozen importlib._bootstrap>", line 1204, in _gcd_import
  File "<frozen importlib._bootstrap>", line 1176, in _find_and_load
  File "<frozen importlib._bootstrap>", line 1147, in _find_and_load_unlocked
  File "<frozen importlib._bootstrap>", line 690, in _load_unlocked
  File "<frozen importlib._bootstrap_external>", line 940, in exec_module
  File "<frozen importlib._bootstrap>", line 241, in _call_with_frames_removed
  File "/app/restaurants/tasks.py", line 19, in <module>
    from .models import Restaurant, RestaurantImage
  File "/app/restaurants/models.py", line 998, in <module>
    class RestaurantReview(BaseModel):
  File "/app/restaurants/models.py", line 1017, in RestaurantReview
    default=ReviewStatus.PUBLISHED,
            ^^^^^^^^^^^^^^^^^^^^^^
  File "/usr/local/lib/python3.11/enum.py", line 786, in __getattr__
    raise AttributeError(name) from None
AttributeError: PUBLISHED
ERROR 2025-08-02 06:10:52,172 signal 1 281473175502880 Signal handler <promise@0xffff915be670 --> <bound method Celery._autodiscover_tasks of <Celery portfolio_project at 0xffff915aa110>>> raised: AttributeError('PUBLISHED')
Traceback (most recent call last):
  File "/usr/local/lib/python3.11/site-packages/celery/utils/dispatch/signal.py", line 276, in send
    response = receiver(signal=self, sender=sender, **named)
               ^^^^^^^^^^^^^^^^^^^^^^^^^^^^^^^^^^^^^^^^^^^^^
  File "/usr/local/lib/python3.11/site-packages/vine/promises.py", line 161, in __call__
    return self.throw()
           ^^^^^^^^^^^^
  File "/usr/local/lib/python3.11/site-packages/vine/promises.py", line 158, in __call__
    retval = fun(*final_args, **final_kwargs)
             ^^^^^^^^^^^^^^^^^^^^^^^^^^^^^^^^
  File "/usr/local/lib/python3.11/site-packages/celery/app/base.py", line 691, in _autodiscover_tasks
    return self._autodiscover_tasks_from_fixups(related_name)
           ^^^^^^^^^^^^^^^^^^^^^^^^^^^^^^^^^^^^^^^^^^^^^^^^^^
  File "/usr/local/lib/python3.11/site-packages/celery/app/base.py", line 700, in _autodiscover_tasks_from_fixups
    return self._autodiscover_tasks_from_names([
           ^^^^^^^^^^^^^^^^^^^^^^^^^^^^^^^^^^^^^
  File "/usr/local/lib/python3.11/site-packages/celery/app/base.py", line 695, in _autodiscover_tasks_from_names
    return self.loader.autodiscover_tasks(
           ^^^^^^^^^^^^^^^^^^^^^^^^^^^^^^^
  File "/usr/local/lib/python3.11/site-packages/celery/loaders/base.py", line 220, in autodiscover_tasks
    mod.__name__ for mod in autodiscover_tasks(packages or (),
                            ^^^^^^^^^^^^^^^^^^^^^^^^^^^^^^^^^^
  File "/usr/local/lib/python3.11/site-packages/celery/loaders/base.py", line 246, in autodiscover_tasks
    return [find_related_module(pkg, related_name) for pkg in packages]
           ^^^^^^^^^^^^^^^^^^^^^^^^^^^^^^^^^^^^^^^^^^^^^^^^^^^^^^^^^^^^
  File "/usr/local/lib/python3.11/site-packages/celery/loaders/base.py", line 246, in <listcomp>
    return [find_related_module(pkg, related_name) for pkg in packages]
            ^^^^^^^^^^^^^^^^^^^^^^^^^^^^^^^^^^^^^^
  File "/usr/local/lib/python3.11/site-packages/celery/loaders/base.py", line 267, in find_related_module
    return importlib.import_module(module_name)
           ^^^^^^^^^^^^^^^^^^^^^^^^^^^^^^^^^^^^
  File "/usr/local/lib/python3.11/importlib/__init__.py", line 126, in import_module
    return _bootstrap._gcd_import(name[level:], package, level)
           ^^^^^^^^^^^^^^^^^^^^^^^^^^^^^^^^^^^^^^^^^^^^^^^^^^^^
  File "<frozen importlib._bootstrap>", line 1204, in _gcd_import
  File "<frozen importlib._bootstrap>", line 1176, in _find_and_load
  File "<frozen importlib._bootstrap>", line 1147, in _find_and_load_unlocked
  File "<frozen importlib._bootstrap>", line 690, in _load_unlocked
  File "<frozen importlib._bootstrap_external>", line 940, in exec_module
  File "<frozen importlib._bootstrap>", line 241, in _call_with_frames_removed
  File "/app/restaurants/tasks.py", line 19, in <module>
    from .models import Restaurant, RestaurantImage
  File "/app/restaurants/models.py", line 998, in <module>
    class RestaurantReview(BaseModel):
  File "/app/restaurants/models.py", line 1017, in RestaurantReview
    default=ReviewStatus.PUBLISHED,
            ^^^^^^^^^^^^^^^^^^^^^^
  File "/usr/local/lib/python3.11/enum.py", line 786, in __getattr__
    raise AttributeError(name) from None
AttributeError: PUBLISHED
ERROR 2025-08-02 06:10:53,166 signal 1 281473400487968 Signal handler <bound method DjangoFixup.on_import_modules of <celery.fixups.django.DjangoFixup object at 0xffff9eb2c510>> raised: AttributeError('PUBLISHED')
Traceback (most recent call last):
  File "/usr/local/lib/python3.11/site-packages/celery/utils/dispatch/signal.py", line 276, in send
    response = receiver(signal=self, sender=sender, **named)
               ^^^^^^^^^^^^^^^^^^^^^^^^^^^^^^^^^^^^^^^^^^^^^
  File "/usr/local/lib/python3.11/site-packages/celery/fixups/django.py", line 97, in on_import_modules
    self.worker_fixup.validate_models()
  File "/usr/local/lib/python3.11/site-packages/celery/fixups/django.py", line 135, in validate_models
    self.django_setup()
  File "/usr/local/lib/python3.11/site-packages/celery/fixups/django.py", line 131, in django_setup
    django.setup()
  File "/usr/local/lib/python3.11/site-packages/django/__init__.py", line 24, in setup
    apps.populate(settings.INSTALLED_APPS)
  File "/usr/local/lib/python3.11/site-packages/django/apps/registry.py", line 116, in populate
    app_config.import_models()
  File "/usr/local/lib/python3.11/site-packages/django/apps/config.py", line 269, in import_models
    self.models_module = import_module(models_module_name)
                         ^^^^^^^^^^^^^^^^^^^^^^^^^^^^^^^^^
  File "/usr/local/lib/python3.11/importlib/__init__.py", line 126, in import_module
    return _bootstrap._gcd_import(name[level:], package, level)
           ^^^^^^^^^^^^^^^^^^^^^^^^^^^^^^^^^^^^^^^^^^^^^^^^^^^^
  File "<frozen importlib._bootstrap>", line 1204, in _gcd_import
  File "<frozen importlib._bootstrap>", line 1176, in _find_and_load
  File "<frozen importlib._bootstrap>", line 1147, in _find_and_load_unlocked
  File "<frozen importlib._bootstrap>", line 690, in _load_unlocked
  File "<frozen importlib._bootstrap_external>", line 940, in exec_module
  File "<frozen importlib._bootstrap>", line 241, in _call_with_frames_removed
  File "/app/restaurants/models.py", line 998, in <module>
    class RestaurantReview(BaseModel):
  File "/app/restaurants/models.py", line 1017, in RestaurantReview
    default=ReviewStatus.PUBLISHED,
            ^^^^^^^^^^^^^^^^^^^^^^
  File "/usr/local/lib/python3.11/enum.py", line 786, in __getattr__
    raise AttributeError(name) from None
AttributeError: PUBLISHED
ERROR 2025-08-02 06:10:53,175 signal 1 281473215692832 Signal handler <bound method DjangoFixup.on_import_modules of <celery.fixups.django.DjangoFixup object at 0xffff93b04650>> raised: AttributeError('PUBLISHED')
Traceback (most recent call last):
  File "/usr/local/lib/python3.11/site-packages/celery/utils/dispatch/signal.py", line 276, in send
    response = receiver(signal=self, sender=sender, **named)
               ^^^^^^^^^^^^^^^^^^^^^^^^^^^^^^^^^^^^^^^^^^^^^
  File "/usr/local/lib/python3.11/site-packages/celery/fixups/django.py", line 97, in on_import_modules
    self.worker_fixup.validate_models()
  File "/usr/local/lib/python3.11/site-packages/celery/fixups/django.py", line 135, in validate_models
    self.django_setup()
  File "/usr/local/lib/python3.11/site-packages/celery/fixups/django.py", line 131, in django_setup
    django.setup()
  File "/usr/local/lib/python3.11/site-packages/django/__init__.py", line 24, in setup
    apps.populate(settings.INSTALLED_APPS)
  File "/usr/local/lib/python3.11/site-packages/django/apps/registry.py", line 116, in populate
    app_config.import_models()
  File "/usr/local/lib/python3.11/site-packages/django/apps/config.py", line 269, in import_models
    self.models_module = import_module(models_module_name)
                         ^^^^^^^^^^^^^^^^^^^^^^^^^^^^^^^^^
  File "/usr/local/lib/python3.11/importlib/__init__.py", line 126, in import_module
    return _bootstrap._gcd_import(name[level:], package, level)
           ^^^^^^^^^^^^^^^^^^^^^^^^^^^^^^^^^^^^^^^^^^^^^^^^^^^^
  File "<frozen importlib._bootstrap>", line 1204, in _gcd_import
  File "<frozen importlib._bootstrap>", line 1176, in _find_and_load
  File "<frozen importlib._bootstrap>", line 1147, in _find_and_load_unlocked
  File "<frozen importlib._bootstrap>", line 690, in _load_unlocked
  File "<frozen importlib._bootstrap_external>", line 940, in exec_module
  File "<frozen importlib._bootstrap>", line 241, in _call_with_frames_removed
  File "/app/restaurants/models.py", line 998, in <module>
    class RestaurantReview(BaseModel):
  File "/app/restaurants/models.py", line 1017, in RestaurantReview
    default=ReviewStatus.PUBLISHED,
            ^^^^^^^^^^^^^^^^^^^^^^
  File "/usr/local/lib/python3.11/enum.py", line 786, in __getattr__
    raise AttributeError(name) from None
AttributeError: PUBLISHED
ERROR 2025-08-02 06:10:53,176 signal 1 281473400487968 Signal handler <promise@0xffff9ec06670 --> <bound method Celery._autodiscover_tasks of <Celery portfolio_project at 0xffff9ec52290>>> raised: AttributeError('PUBLISHED')
Traceback (most recent call last):
  File "/usr/local/lib/python3.11/site-packages/celery/utils/dispatch/signal.py", line 276, in send
    response = receiver(signal=self, sender=sender, **named)
               ^^^^^^^^^^^^^^^^^^^^^^^^^^^^^^^^^^^^^^^^^^^^^
  File "/usr/local/lib/python3.11/site-packages/vine/promises.py", line 161, in __call__
    return self.throw()
           ^^^^^^^^^^^^
  File "/usr/local/lib/python3.11/site-packages/vine/promises.py", line 158, in __call__
    retval = fun(*final_args, **final_kwargs)
             ^^^^^^^^^^^^^^^^^^^^^^^^^^^^^^^^
  File "/usr/local/lib/python3.11/site-packages/celery/app/base.py", line 691, in _autodiscover_tasks
    return self._autodiscover_tasks_from_fixups(related_name)
           ^^^^^^^^^^^^^^^^^^^^^^^^^^^^^^^^^^^^^^^^^^^^^^^^^^
  File "/usr/local/lib/python3.11/site-packages/celery/app/base.py", line 700, in _autodiscover_tasks_from_fixups
    return self._autodiscover_tasks_from_names([
           ^^^^^^^^^^^^^^^^^^^^^^^^^^^^^^^^^^^^^
  File "/usr/local/lib/python3.11/site-packages/celery/app/base.py", line 695, in _autodiscover_tasks_from_names
    return self.loader.autodiscover_tasks(
           ^^^^^^^^^^^^^^^^^^^^^^^^^^^^^^^
  File "/usr/local/lib/python3.11/site-packages/celery/loaders/base.py", line 220, in autodiscover_tasks
    mod.__name__ for mod in autodiscover_tasks(packages or (),
                            ^^^^^^^^^^^^^^^^^^^^^^^^^^^^^^^^^^
  File "/usr/local/lib/python3.11/site-packages/celery/loaders/base.py", line 246, in autodiscover_tasks
    return [find_related_module(pkg, related_name) for pkg in packages]
           ^^^^^^^^^^^^^^^^^^^^^^^^^^^^^^^^^^^^^^^^^^^^^^^^^^^^^^^^^^^^
  File "/usr/local/lib/python3.11/site-packages/celery/loaders/base.py", line 246, in <listcomp>
    return [find_related_module(pkg, related_name) for pkg in packages]
            ^^^^^^^^^^^^^^^^^^^^^^^^^^^^^^^^^^^^^^
  File "/usr/local/lib/python3.11/site-packages/celery/loaders/base.py", line 267, in find_related_module
    return importlib.import_module(module_name)
           ^^^^^^^^^^^^^^^^^^^^^^^^^^^^^^^^^^^^
  File "/usr/local/lib/python3.11/importlib/__init__.py", line 126, in import_module
    return _bootstrap._gcd_import(name[level:], package, level)
           ^^^^^^^^^^^^^^^^^^^^^^^^^^^^^^^^^^^^^^^^^^^^^^^^^^^^
  File "<frozen importlib._bootstrap>", line 1204, in _gcd_import
  File "<frozen importlib._bootstrap>", line 1176, in _find_and_load
  File "<frozen importlib._bootstrap>", line 1147, in _find_and_load_unlocked
  File "<frozen importlib._bootstrap>", line 690, in _load_unlocked
  File "<frozen importlib._bootstrap_external>", line 940, in exec_module
  File "<frozen importlib._bootstrap>", line 241, in _call_with_frames_removed
  File "/app/restaurants/tasks.py", line 19, in <module>
    from .models import Restaurant, RestaurantImage
  File "/app/restaurants/models.py", line 998, in <module>
    class RestaurantReview(BaseModel):
  File "/app/restaurants/models.py", line 1017, in RestaurantReview
    default=ReviewStatus.PUBLISHED,
            ^^^^^^^^^^^^^^^^^^^^^^
  File "/usr/local/lib/python3.11/enum.py", line 786, in __getattr__
    raise AttributeError(name) from None
AttributeError: PUBLISHED
ERROR 2025-08-02 06:10:53,187 signal 1 281473215692832 Signal handler <promise@0xffff93c2e670 --> <bound method Celery._autodiscover_tasks of <Celery portfolio_project at 0xffff93c264d0>>> raised: AttributeError('PUBLISHED')
Traceback (most recent call last):
  File "/usr/local/lib/python3.11/site-packages/celery/utils/dispatch/signal.py", line 276, in send
    response = receiver(signal=self, sender=sender, **named)
               ^^^^^^^^^^^^^^^^^^^^^^^^^^^^^^^^^^^^^^^^^^^^^
  File "/usr/local/lib/python3.11/site-packages/vine/promises.py", line 161, in __call__
    return self.throw()
           ^^^^^^^^^^^^
  File "/usr/local/lib/python3.11/site-packages/vine/promises.py", line 158, in __call__
    retval = fun(*final_args, **final_kwargs)
             ^^^^^^^^^^^^^^^^^^^^^^^^^^^^^^^^
  File "/usr/local/lib/python3.11/site-packages/celery/app/base.py", line 691, in _autodiscover_tasks
    return self._autodiscover_tasks_from_fixups(related_name)
           ^^^^^^^^^^^^^^^^^^^^^^^^^^^^^^^^^^^^^^^^^^^^^^^^^^
  File "/usr/local/lib/python3.11/site-packages/celery/app/base.py", line 700, in _autodiscover_tasks_from_fixups
    return self._autodiscover_tasks_from_names([
           ^^^^^^^^^^^^^^^^^^^^^^^^^^^^^^^^^^^^^
  File "/usr/local/lib/python3.11/site-packages/celery/app/base.py", line 695, in _autodiscover_tasks_from_names
    return self.loader.autodiscover_tasks(
           ^^^^^^^^^^^^^^^^^^^^^^^^^^^^^^^
  File "/usr/local/lib/python3.11/site-packages/celery/loaders/base.py", line 220, in autodiscover_tasks
    mod.__name__ for mod in autodiscover_tasks(packages or (),
                            ^^^^^^^^^^^^^^^^^^^^^^^^^^^^^^^^^^
  File "/usr/local/lib/python3.11/site-packages/celery/loaders/base.py", line 246, in autodiscover_tasks
    return [find_related_module(pkg, related_name) for pkg in packages]
           ^^^^^^^^^^^^^^^^^^^^^^^^^^^^^^^^^^^^^^^^^^^^^^^^^^^^^^^^^^^^
  File "/usr/local/lib/python3.11/site-packages/celery/loaders/base.py", line 246, in <listcomp>
    return [find_related_module(pkg, related_name) for pkg in packages]
            ^^^^^^^^^^^^^^^^^^^^^^^^^^^^^^^^^^^^^^
  File "/usr/local/lib/python3.11/site-packages/celery/loaders/base.py", line 267, in find_related_module
    return importlib.import_module(module_name)
           ^^^^^^^^^^^^^^^^^^^^^^^^^^^^^^^^^^^^
  File "/usr/local/lib/python3.11/importlib/__init__.py", line 126, in import_module
    return _bootstrap._gcd_import(name[level:], package, level)
           ^^^^^^^^^^^^^^^^^^^^^^^^^^^^^^^^^^^^^^^^^^^^^^^^^^^^
  File "<frozen importlib._bootstrap>", line 1204, in _gcd_import
  File "<frozen importlib._bootstrap>", line 1176, in _find_and_load
  File "<frozen importlib._bootstrap>", line 1147, in _find_and_load_unlocked
  File "<frozen importlib._bootstrap>", line 690, in _load_unlocked
  File "<frozen importlib._bootstrap_external>", line 940, in exec_module
  File "<frozen importlib._bootstrap>", line 241, in _call_with_frames_removed
  File "/app/restaurants/tasks.py", line 19, in <module>
    from .models import Restaurant, RestaurantImage
  File "/app/restaurants/models.py", line 998, in <module>
    class RestaurantReview(BaseModel):
  File "/app/restaurants/models.py", line 1017, in RestaurantReview
    default=ReviewStatus.PUBLISHED,
            ^^^^^^^^^^^^^^^^^^^^^^
  File "/usr/local/lib/python3.11/enum.py", line 786, in __getattr__
    raise AttributeError(name) from None
AttributeError: PUBLISHED
ERROR 2025-08-02 06:10:54,226 signal 1 281473759092768 Signal handler <bound method DjangoFixup.on_import_modules of <celery.fixups.django.DjangoFixup object at 0xffffb412c0d0>> raised: AttributeError('PUBLISHED')
Traceback (most recent call last):
  File "/usr/local/lib/python3.11/site-packages/celery/utils/dispatch/signal.py", line 276, in send
    response = receiver(signal=self, sender=sender, **named)
               ^^^^^^^^^^^^^^^^^^^^^^^^^^^^^^^^^^^^^^^^^^^^^
  File "/usr/local/lib/python3.11/site-packages/celery/fixups/django.py", line 97, in on_import_modules
    self.worker_fixup.validate_models()
  File "/usr/local/lib/python3.11/site-packages/celery/fixups/django.py", line 135, in validate_models
    self.django_setup()
  File "/usr/local/lib/python3.11/site-packages/celery/fixups/django.py", line 131, in django_setup
    django.setup()
  File "/usr/local/lib/python3.11/site-packages/django/__init__.py", line 24, in setup
    apps.populate(settings.INSTALLED_APPS)
  File "/usr/local/lib/python3.11/site-packages/django/apps/registry.py", line 116, in populate
    app_config.import_models()
  File "/usr/local/lib/python3.11/site-packages/django/apps/config.py", line 269, in import_models
    self.models_module = import_module(models_module_name)
                         ^^^^^^^^^^^^^^^^^^^^^^^^^^^^^^^^^
  File "/usr/local/lib/python3.11/importlib/__init__.py", line 126, in import_module
    return _bootstrap._gcd_import(name[level:], package, level)
           ^^^^^^^^^^^^^^^^^^^^^^^^^^^^^^^^^^^^^^^^^^^^^^^^^^^^
  File "<frozen importlib._bootstrap>", line 1204, in _gcd_import
  File "<frozen importlib._bootstrap>", line 1176, in _find_and_load
  File "<frozen importlib._bootstrap>", line 1147, in _find_and_load_unlocked
  File "<frozen importlib._bootstrap>", line 690, in _load_unlocked
  File "<frozen importlib._bootstrap_external>", line 940, in exec_module
  File "<frozen importlib._bootstrap>", line 241, in _call_with_frames_removed
  File "/app/restaurants/models.py", line 998, in <module>
    class RestaurantReview(BaseModel):
  File "/app/restaurants/models.py", line 1017, in RestaurantReview
    default=ReviewStatus.PUBLISHED,
            ^^^^^^^^^^^^^^^^^^^^^^
  File "/usr/local/lib/python3.11/enum.py", line 786, in __getattr__
    raise AttributeError(name) from None
AttributeError: PUBLISHED
ERROR 2025-08-02 06:10:54,245 signal 1 281473759092768 Signal handler <promise@0xffffb4206670 --> <bound method Celery._autodiscover_tasks of <Celery portfolio_project at 0xffffb4251f90>>> raised: AttributeError('PUBLISHED')
Traceback (most recent call last):
  File "/usr/local/lib/python3.11/site-packages/celery/utils/dispatch/signal.py", line 276, in send
    response = receiver(signal=self, sender=sender, **named)
               ^^^^^^^^^^^^^^^^^^^^^^^^^^^^^^^^^^^^^^^^^^^^^
  File "/usr/local/lib/python3.11/site-packages/vine/promises.py", line 161, in __call__
    return self.throw()
           ^^^^^^^^^^^^
  File "/usr/local/lib/python3.11/site-packages/vine/promises.py", line 158, in __call__
    retval = fun(*final_args, **final_kwargs)
             ^^^^^^^^^^^^^^^^^^^^^^^^^^^^^^^^
  File "/usr/local/lib/python3.11/site-packages/celery/app/base.py", line 691, in _autodiscover_tasks
    return self._autodiscover_tasks_from_fixups(related_name)
           ^^^^^^^^^^^^^^^^^^^^^^^^^^^^^^^^^^^^^^^^^^^^^^^^^^
  File "/usr/local/lib/python3.11/site-packages/celery/app/base.py", line 700, in _autodiscover_tasks_from_fixups
    return self._autodiscover_tasks_from_names([
           ^^^^^^^^^^^^^^^^^^^^^^^^^^^^^^^^^^^^^
  File "/usr/local/lib/python3.11/site-packages/celery/app/base.py", line 695, in _autodiscover_tasks_from_names
    return self.loader.autodiscover_tasks(
           ^^^^^^^^^^^^^^^^^^^^^^^^^^^^^^^
  File "/usr/local/lib/python3.11/site-packages/celery/loaders/base.py", line 220, in autodiscover_tasks
    mod.__name__ for mod in autodiscover_tasks(packages or (),
                            ^^^^^^^^^^^^^^^^^^^^^^^^^^^^^^^^^^
  File "/usr/local/lib/python3.11/site-packages/celery/loaders/base.py", line 246, in autodiscover_tasks
    return [find_related_module(pkg, related_name) for pkg in packages]
           ^^^^^^^^^^^^^^^^^^^^^^^^^^^^^^^^^^^^^^^^^^^^^^^^^^^^^^^^^^^^
  File "/usr/local/lib/python3.11/site-packages/celery/loaders/base.py", line 246, in <listcomp>
    return [find_related_module(pkg, related_name) for pkg in packages]
            ^^^^^^^^^^^^^^^^^^^^^^^^^^^^^^^^^^^^^^
  File "/usr/local/lib/python3.11/site-packages/celery/loaders/base.py", line 267, in find_related_module
    return importlib.import_module(module_name)
           ^^^^^^^^^^^^^^^^^^^^^^^^^^^^^^^^^^^^
  File "/usr/local/lib/python3.11/importlib/__init__.py", line 126, in import_module
    return _bootstrap._gcd_import(name[level:], package, level)
           ^^^^^^^^^^^^^^^^^^^^^^^^^^^^^^^^^^^^^^^^^^^^^^^^^^^^
  File "<frozen importlib._bootstrap>", line 1204, in _gcd_import
  File "<frozen importlib._bootstrap>", line 1176, in _find_and_load
  File "<frozen importlib._bootstrap>", line 1147, in _find_and_load_unlocked
  File "<frozen importlib._bootstrap>", line 690, in _load_unlocked
  File "<frozen importlib._bootstrap_external>", line 940, in exec_module
  File "<frozen importlib._bootstrap>", line 241, in _call_with_frames_removed
  File "/app/restaurants/tasks.py", line 19, in <module>
    from .models import Restaurant, RestaurantImage
  File "/app/restaurants/models.py", line 998, in <module>
    class RestaurantReview(BaseModel):
  File "/app/restaurants/models.py", line 1017, in RestaurantReview
    default=ReviewStatus.PUBLISHED,
            ^^^^^^^^^^^^^^^^^^^^^^
  File "/usr/local/lib/python3.11/enum.py", line 786, in __getattr__
    raise AttributeError(name) from None
AttributeError: PUBLISHED
ERROR 2025-08-02 06:10:54,331 signal 1 281472923844640 Signal handler <bound method DjangoFixup.on_import_modules of <celery.fixups.django.DjangoFixup object at 0xffff825c7d50>> raised: AttributeError('PUBLISHED')
Traceback (most recent call last):
  File "/usr/local/lib/python3.11/site-packages/celery/utils/dispatch/signal.py", line 276, in send
    response = receiver(signal=self, sender=sender, **named)
               ^^^^^^^^^^^^^^^^^^^^^^^^^^^^^^^^^^^^^^^^^^^^^
  File "/usr/local/lib/python3.11/site-packages/celery/fixups/django.py", line 97, in on_import_modules
    self.worker_fixup.validate_models()
  File "/usr/local/lib/python3.11/site-packages/celery/fixups/django.py", line 135, in validate_models
    self.django_setup()
  File "/usr/local/lib/python3.11/site-packages/celery/fixups/django.py", line 131, in django_setup
    django.setup()
  File "/usr/local/lib/python3.11/site-packages/django/__init__.py", line 24, in setup
    apps.populate(settings.INSTALLED_APPS)
  File "/usr/local/lib/python3.11/site-packages/django/apps/registry.py", line 116, in populate
    app_config.import_models()
  File "/usr/local/lib/python3.11/site-packages/django/apps/config.py", line 269, in import_models
    self.models_module = import_module(models_module_name)
                         ^^^^^^^^^^^^^^^^^^^^^^^^^^^^^^^^^
  File "/usr/local/lib/python3.11/importlib/__init__.py", line 126, in import_module
    return _bootstrap._gcd_import(name[level:], package, level)
           ^^^^^^^^^^^^^^^^^^^^^^^^^^^^^^^^^^^^^^^^^^^^^^^^^^^^
  File "<frozen importlib._bootstrap>", line 1204, in _gcd_import
  File "<frozen importlib._bootstrap>", line 1176, in _find_and_load
  File "<frozen importlib._bootstrap>", line 1147, in _find_and_load_unlocked
  File "<frozen importlib._bootstrap>", line 690, in _load_unlocked
  File "<frozen importlib._bootstrap_external>", line 940, in exec_module
  File "<frozen importlib._bootstrap>", line 241, in _call_with_frames_removed
  File "/app/restaurants/models.py", line 998, in <module>
    class RestaurantReview(BaseModel):
  File "/app/restaurants/models.py", line 1017, in RestaurantReview
    default=ReviewStatus.PUBLISHED,
            ^^^^^^^^^^^^^^^^^^^^^^
  File "/usr/local/lib/python3.11/enum.py", line 786, in __getattr__
    raise AttributeError(name) from None
AttributeError: PUBLISHED
ERROR 2025-08-02 06:10:54,342 signal 1 281472923844640 Signal handler <promise@0xffff825ba670 --> <bound method Celery._autodiscover_tasks of <Celery portfolio_project at 0xffff82595c10>>> raised: AttributeError('PUBLISHED')
Traceback (most recent call last):
  File "/usr/local/lib/python3.11/site-packages/celery/utils/dispatch/signal.py", line 276, in send
    response = receiver(signal=self, sender=sender, **named)
               ^^^^^^^^^^^^^^^^^^^^^^^^^^^^^^^^^^^^^^^^^^^^^
  File "/usr/local/lib/python3.11/site-packages/vine/promises.py", line 161, in __call__
    return self.throw()
           ^^^^^^^^^^^^
  File "/usr/local/lib/python3.11/site-packages/vine/promises.py", line 158, in __call__
    retval = fun(*final_args, **final_kwargs)
             ^^^^^^^^^^^^^^^^^^^^^^^^^^^^^^^^
  File "/usr/local/lib/python3.11/site-packages/celery/app/base.py", line 691, in _autodiscover_tasks
    return self._autodiscover_tasks_from_fixups(related_name)
           ^^^^^^^^^^^^^^^^^^^^^^^^^^^^^^^^^^^^^^^^^^^^^^^^^^
  File "/usr/local/lib/python3.11/site-packages/celery/app/base.py", line 700, in _autodiscover_tasks_from_fixups
    return self._autodiscover_tasks_from_names([
           ^^^^^^^^^^^^^^^^^^^^^^^^^^^^^^^^^^^^^
  File "/usr/local/lib/python3.11/site-packages/celery/app/base.py", line 695, in _autodiscover_tasks_from_names
    return self.loader.autodiscover_tasks(
           ^^^^^^^^^^^^^^^^^^^^^^^^^^^^^^^
  File "/usr/local/lib/python3.11/site-packages/celery/loaders/base.py", line 220, in autodiscover_tasks
    mod.__name__ for mod in autodiscover_tasks(packages or (),
                            ^^^^^^^^^^^^^^^^^^^^^^^^^^^^^^^^^^
  File "/usr/local/lib/python3.11/site-packages/celery/loaders/base.py", line 246, in autodiscover_tasks
    return [find_related_module(pkg, related_name) for pkg in packages]
           ^^^^^^^^^^^^^^^^^^^^^^^^^^^^^^^^^^^^^^^^^^^^^^^^^^^^^^^^^^^^
  File "/usr/local/lib/python3.11/site-packages/celery/loaders/base.py", line 246, in <listcomp>
    return [find_related_module(pkg, related_name) for pkg in packages]
            ^^^^^^^^^^^^^^^^^^^^^^^^^^^^^^^^^^^^^^
  File "/usr/local/lib/python3.11/site-packages/celery/loaders/base.py", line 267, in find_related_module
    return importlib.import_module(module_name)
           ^^^^^^^^^^^^^^^^^^^^^^^^^^^^^^^^^^^^
  File "/usr/local/lib/python3.11/importlib/__init__.py", line 126, in import_module
    return _bootstrap._gcd_import(name[level:], package, level)
           ^^^^^^^^^^^^^^^^^^^^^^^^^^^^^^^^^^^^^^^^^^^^^^^^^^^^
  File "<frozen importlib._bootstrap>", line 1204, in _gcd_import
  File "<frozen importlib._bootstrap>", line 1176, in _find_and_load
  File "<frozen importlib._bootstrap>", line 1147, in _find_and_load_unlocked
  File "<frozen importlib._bootstrap>", line 690, in _load_unlocked
  File "<frozen importlib._bootstrap_external>", line 940, in exec_module
  File "<frozen importlib._bootstrap>", line 241, in _call_with_frames_removed
  File "/app/restaurants/tasks.py", line 19, in <module>
    from .models import Restaurant, RestaurantImage
  File "/app/restaurants/models.py", line 998, in <module>
    class RestaurantReview(BaseModel):
  File "/app/restaurants/models.py", line 1017, in RestaurantReview
    default=ReviewStatus.PUBLISHED,
            ^^^^^^^^^^^^^^^^^^^^^^
  File "/usr/local/lib/python3.11/enum.py", line 786, in __getattr__
    raise AttributeError(name) from None
AttributeError: PUBLISHED
ERROR 2025-08-02 06:10:55,466 signal 1 281473442144288 Signal handler <bound method DjangoFixup.on_import_modules of <celery.fixups.django.DjangoFixup object at 0xffffa1300390>> raised: AttributeError('PUBLISHED')
Traceback (most recent call last):
  File "/usr/local/lib/python3.11/site-packages/celery/utils/dispatch/signal.py", line 276, in send
    response = receiver(signal=self, sender=sender, **named)
               ^^^^^^^^^^^^^^^^^^^^^^^^^^^^^^^^^^^^^^^^^^^^^
  File "/usr/local/lib/python3.11/site-packages/celery/fixups/django.py", line 97, in on_import_modules
    self.worker_fixup.validate_models()
  File "/usr/local/lib/python3.11/site-packages/celery/fixups/django.py", line 135, in validate_models
    self.django_setup()
  File "/usr/local/lib/python3.11/site-packages/celery/fixups/django.py", line 131, in django_setup
    django.setup()
  File "/usr/local/lib/python3.11/site-packages/django/__init__.py", line 24, in setup
    apps.populate(settings.INSTALLED_APPS)
  File "/usr/local/lib/python3.11/site-packages/django/apps/registry.py", line 116, in populate
    app_config.import_models()
  File "/usr/local/lib/python3.11/site-packages/django/apps/config.py", line 269, in import_models
    self.models_module = import_module(models_module_name)
                         ^^^^^^^^^^^^^^^^^^^^^^^^^^^^^^^^^
  File "/usr/local/lib/python3.11/importlib/__init__.py", line 126, in import_module
    return _bootstrap._gcd_import(name[level:], package, level)
           ^^^^^^^^^^^^^^^^^^^^^^^^^^^^^^^^^^^^^^^^^^^^^^^^^^^^
  File "<frozen importlib._bootstrap>", line 1204, in _gcd_import
  File "<frozen importlib._bootstrap>", line 1176, in _find_and_load
  File "<frozen importlib._bootstrap>", line 1147, in _find_and_load_unlocked
  File "<frozen importlib._bootstrap>", line 690, in _load_unlocked
  File "<frozen importlib._bootstrap_external>", line 940, in exec_module
  File "<frozen importlib._bootstrap>", line 241, in _call_with_frames_removed
  File "/app/restaurants/models.py", line 998, in <module>
    class RestaurantReview(BaseModel):
  File "/app/restaurants/models.py", line 1017, in RestaurantReview
    default=ReviewStatus.PUBLISHED,
            ^^^^^^^^^^^^^^^^^^^^^^
  File "/usr/local/lib/python3.11/enum.py", line 786, in __getattr__
    raise AttributeError(name) from None
AttributeError: PUBLISHED
ERROR 2025-08-02 06:10:55,476 signal 1 281473442144288 Signal handler <promise@0xffffa13ea670 --> <bound method Celery._autodiscover_tasks of <Celery portfolio_project at 0xffffa13da0d0>>> raised: AttributeError('PUBLISHED')
Traceback (most recent call last):
  File "/usr/local/lib/python3.11/site-packages/celery/utils/dispatch/signal.py", line 276, in send
    response = receiver(signal=self, sender=sender, **named)
               ^^^^^^^^^^^^^^^^^^^^^^^^^^^^^^^^^^^^^^^^^^^^^
  File "/usr/local/lib/python3.11/site-packages/vine/promises.py", line 161, in __call__
    return self.throw()
           ^^^^^^^^^^^^
  File "/usr/local/lib/python3.11/site-packages/vine/promises.py", line 158, in __call__
    retval = fun(*final_args, **final_kwargs)
             ^^^^^^^^^^^^^^^^^^^^^^^^^^^^^^^^
  File "/usr/local/lib/python3.11/site-packages/celery/app/base.py", line 691, in _autodiscover_tasks
    return self._autodiscover_tasks_from_fixups(related_name)
           ^^^^^^^^^^^^^^^^^^^^^^^^^^^^^^^^^^^^^^^^^^^^^^^^^^
  File "/usr/local/lib/python3.11/site-packages/celery/app/base.py", line 700, in _autodiscover_tasks_from_fixups
    return self._autodiscover_tasks_from_names([
           ^^^^^^^^^^^^^^^^^^^^^^^^^^^^^^^^^^^^^
  File "/usr/local/lib/python3.11/site-packages/celery/app/base.py", line 695, in _autodiscover_tasks_from_names
    return self.loader.autodiscover_tasks(
           ^^^^^^^^^^^^^^^^^^^^^^^^^^^^^^^
  File "/usr/local/lib/python3.11/site-packages/celery/loaders/base.py", line 220, in autodiscover_tasks
    mod.__name__ for mod in autodiscover_tasks(packages or (),
                            ^^^^^^^^^^^^^^^^^^^^^^^^^^^^^^^^^^
  File "/usr/local/lib/python3.11/site-packages/celery/loaders/base.py", line 246, in autodiscover_tasks
    return [find_related_module(pkg, related_name) for pkg in packages]
           ^^^^^^^^^^^^^^^^^^^^^^^^^^^^^^^^^^^^^^^^^^^^^^^^^^^^^^^^^^^^
  File "/usr/local/lib/python3.11/site-packages/celery/loaders/base.py", line 246, in <listcomp>
    return [find_related_module(pkg, related_name) for pkg in packages]
            ^^^^^^^^^^^^^^^^^^^^^^^^^^^^^^^^^^^^^^
  File "/usr/local/lib/python3.11/site-packages/celery/loaders/base.py", line 267, in find_related_module
    return importlib.import_module(module_name)
           ^^^^^^^^^^^^^^^^^^^^^^^^^^^^^^^^^^^^
  File "/usr/local/lib/python3.11/importlib/__init__.py", line 126, in import_module
    return _bootstrap._gcd_import(name[level:], package, level)
           ^^^^^^^^^^^^^^^^^^^^^^^^^^^^^^^^^^^^^^^^^^^^^^^^^^^^
  File "<frozen importlib._bootstrap>", line 1204, in _gcd_import
  File "<frozen importlib._bootstrap>", line 1176, in _find_and_load
  File "<frozen importlib._bootstrap>", line 1147, in _find_and_load_unlocked
  File "<frozen importlib._bootstrap>", line 690, in _load_unlocked
  File "<frozen importlib._bootstrap_external>", line 940, in exec_module
  File "<frozen importlib._bootstrap>", line 241, in _call_with_frames_removed
  File "/app/restaurants/tasks.py", line 19, in <module>
    from .models import Restaurant, RestaurantImage
  File "/app/restaurants/models.py", line 998, in <module>
    class RestaurantReview(BaseModel):
  File "/app/restaurants/models.py", line 1017, in RestaurantReview
    default=ReviewStatus.PUBLISHED,
            ^^^^^^^^^^^^^^^^^^^^^^
  File "/usr/local/lib/python3.11/enum.py", line 786, in __getattr__
    raise AttributeError(name) from None
AttributeError: PUBLISHED
ERROR 2025-08-02 06:10:55,557 signal 1 281473127383072 Signal handler <bound method DjangoFixup.on_import_modules of <celery.fixups.django.DjangoFixup object at 0xffff8e6d4350>> raised: AttributeError('PUBLISHED')
Traceback (most recent call last):
  File "/usr/local/lib/python3.11/site-packages/celery/utils/dispatch/signal.py", line 276, in send
    response = receiver(signal=self, sender=sender, **named)
               ^^^^^^^^^^^^^^^^^^^^^^^^^^^^^^^^^^^^^^^^^^^^^
  File "/usr/local/lib/python3.11/site-packages/celery/fixups/django.py", line 97, in on_import_modules
    self.worker_fixup.validate_models()
  File "/usr/local/lib/python3.11/site-packages/celery/fixups/django.py", line 135, in validate_models
    self.django_setup()
  File "/usr/local/lib/python3.11/site-packages/celery/fixups/django.py", line 131, in django_setup
    django.setup()
  File "/usr/local/lib/python3.11/site-packages/django/__init__.py", line 24, in setup
    apps.populate(settings.INSTALLED_APPS)
  File "/usr/local/lib/python3.11/site-packages/django/apps/registry.py", line 116, in populate
    app_config.import_models()
  File "/usr/local/lib/python3.11/site-packages/django/apps/config.py", line 269, in import_models
    self.models_module = import_module(models_module_name)
                         ^^^^^^^^^^^^^^^^^^^^^^^^^^^^^^^^^
  File "/usr/local/lib/python3.11/importlib/__init__.py", line 126, in import_module
    return _bootstrap._gcd_import(name[level:], package, level)
           ^^^^^^^^^^^^^^^^^^^^^^^^^^^^^^^^^^^^^^^^^^^^^^^^^^^^
  File "<frozen importlib._bootstrap>", line 1204, in _gcd_import
  File "<frozen importlib._bootstrap>", line 1176, in _find_and_load
  File "<frozen importlib._bootstrap>", line 1147, in _find_and_load_unlocked
  File "<frozen importlib._bootstrap>", line 690, in _load_unlocked
  File "<frozen importlib._bootstrap_external>", line 940, in exec_module
  File "<frozen importlib._bootstrap>", line 241, in _call_with_frames_removed
  File "/app/restaurants/models.py", line 998, in <module>
    class RestaurantReview(BaseModel):
  File "/app/restaurants/models.py", line 1017, in RestaurantReview
    default=ReviewStatus.PUBLISHED,
            ^^^^^^^^^^^^^^^^^^^^^^
  File "/usr/local/lib/python3.11/enum.py", line 786, in __getattr__
    raise AttributeError(name) from None
AttributeError: PUBLISHED
ERROR 2025-08-02 06:10:55,568 signal 1 281473127383072 Signal handler <promise@0xffff8e7fe670 --> <bound method Celery._autodiscover_tasks of <Celery portfolio_project at 0xffff8e7fa0d0>>> raised: AttributeError('PUBLISHED')
Traceback (most recent call last):
  File "/usr/local/lib/python3.11/site-packages/celery/utils/dispatch/signal.py", line 276, in send
    response = receiver(signal=self, sender=sender, **named)
               ^^^^^^^^^^^^^^^^^^^^^^^^^^^^^^^^^^^^^^^^^^^^^
  File "/usr/local/lib/python3.11/site-packages/vine/promises.py", line 161, in __call__
    return self.throw()
           ^^^^^^^^^^^^
  File "/usr/local/lib/python3.11/site-packages/vine/promises.py", line 158, in __call__
    retval = fun(*final_args, **final_kwargs)
             ^^^^^^^^^^^^^^^^^^^^^^^^^^^^^^^^
  File "/usr/local/lib/python3.11/site-packages/celery/app/base.py", line 691, in _autodiscover_tasks
    return self._autodiscover_tasks_from_fixups(related_name)
           ^^^^^^^^^^^^^^^^^^^^^^^^^^^^^^^^^^^^^^^^^^^^^^^^^^
  File "/usr/local/lib/python3.11/site-packages/celery/app/base.py", line 700, in _autodiscover_tasks_from_fixups
    return self._autodiscover_tasks_from_names([
           ^^^^^^^^^^^^^^^^^^^^^^^^^^^^^^^^^^^^^
  File "/usr/local/lib/python3.11/site-packages/celery/app/base.py", line 695, in _autodiscover_tasks_from_names
    return self.loader.autodiscover_tasks(
           ^^^^^^^^^^^^^^^^^^^^^^^^^^^^^^^
  File "/usr/local/lib/python3.11/site-packages/celery/loaders/base.py", line 220, in autodiscover_tasks
    mod.__name__ for mod in autodiscover_tasks(packages or (),
                            ^^^^^^^^^^^^^^^^^^^^^^^^^^^^^^^^^^
  File "/usr/local/lib/python3.11/site-packages/celery/loaders/base.py", line 246, in autodiscover_tasks
    return [find_related_module(pkg, related_name) for pkg in packages]
           ^^^^^^^^^^^^^^^^^^^^^^^^^^^^^^^^^^^^^^^^^^^^^^^^^^^^^^^^^^^^
  File "/usr/local/lib/python3.11/site-packages/celery/loaders/base.py", line 246, in <listcomp>
    return [find_related_module(pkg, related_name) for pkg in packages]
            ^^^^^^^^^^^^^^^^^^^^^^^^^^^^^^^^^^^^^^
  File "/usr/local/lib/python3.11/site-packages/celery/loaders/base.py", line 267, in find_related_module
    return importlib.import_module(module_name)
           ^^^^^^^^^^^^^^^^^^^^^^^^^^^^^^^^^^^^
  File "/usr/local/lib/python3.11/importlib/__init__.py", line 126, in import_module
    return _bootstrap._gcd_import(name[level:], package, level)
           ^^^^^^^^^^^^^^^^^^^^^^^^^^^^^^^^^^^^^^^^^^^^^^^^^^^^
  File "<frozen importlib._bootstrap>", line 1204, in _gcd_import
  File "<frozen importlib._bootstrap>", line 1176, in _find_and_load
  File "<frozen importlib._bootstrap>", line 1147, in _find_and_load_unlocked
  File "<frozen importlib._bootstrap>", line 690, in _load_unlocked
  File "<frozen importlib._bootstrap_external>", line 940, in exec_module
  File "<frozen importlib._bootstrap>", line 241, in _call_with_frames_removed
  File "/app/restaurants/tasks.py", line 19, in <module>
    from .models import Restaurant, RestaurantImage
  File "/app/restaurants/models.py", line 998, in <module>
    class RestaurantReview(BaseModel):
  File "/app/restaurants/models.py", line 1017, in RestaurantReview
    default=ReviewStatus.PUBLISHED,
            ^^^^^^^^^^^^^^^^^^^^^^
  File "/usr/local/lib/python3.11/enum.py", line 786, in __getattr__
    raise AttributeError(name) from None
AttributeError: PUBLISHED
ERROR 2025-08-02 06:10:57,074 signal 1 281472931160096 Signal handler <bound method DjangoFixup.on_import_modules of <celery.fixups.django.DjangoFixup object at 0xffff82bc0210>> raised: AttributeError('PUBLISHED')
Traceback (most recent call last):
  File "/usr/local/lib/python3.11/site-packages/celery/utils/dispatch/signal.py", line 276, in send
    response = receiver(signal=self, sender=sender, **named)
               ^^^^^^^^^^^^^^^^^^^^^^^^^^^^^^^^^^^^^^^^^^^^^
  File "/usr/local/lib/python3.11/site-packages/celery/fixups/django.py", line 97, in on_import_modules
    self.worker_fixup.validate_models()
  File "/usr/local/lib/python3.11/site-packages/celery/fixups/django.py", line 135, in validate_models
    self.django_setup()
  File "/usr/local/lib/python3.11/site-packages/celery/fixups/django.py", line 131, in django_setup
    django.setup()
  File "/usr/local/lib/python3.11/site-packages/django/__init__.py", line 24, in setup
    apps.populate(settings.INSTALLED_APPS)
  File "/usr/local/lib/python3.11/site-packages/django/apps/registry.py", line 116, in populate
    app_config.import_models()
  File "/usr/local/lib/python3.11/site-packages/django/apps/config.py", line 269, in import_models
    self.models_module = import_module(models_module_name)
                         ^^^^^^^^^^^^^^^^^^^^^^^^^^^^^^^^^
  File "/usr/local/lib/python3.11/importlib/__init__.py", line 126, in import_module
    return _bootstrap._gcd_import(name[level:], package, level)
           ^^^^^^^^^^^^^^^^^^^^^^^^^^^^^^^^^^^^^^^^^^^^^^^^^^^^
  File "<frozen importlib._bootstrap>", line 1204, in _gcd_import
  File "<frozen importlib._bootstrap>", line 1176, in _find_and_load
  File "<frozen importlib._bootstrap>", line 1147, in _find_and_load_unlocked
  File "<frozen importlib._bootstrap>", line 690, in _load_unlocked
  File "<frozen importlib._bootstrap_external>", line 940, in exec_module
  File "<frozen importlib._bootstrap>", line 241, in _call_with_frames_removed
  File "/app/restaurants/models.py", line 998, in <module>
    class RestaurantReview(BaseModel):
  File "/app/restaurants/models.py", line 1017, in RestaurantReview
    default=ReviewStatus.PUBLISHED,
            ^^^^^^^^^^^^^^^^^^^^^^
  File "/usr/local/lib/python3.11/enum.py", line 786, in __getattr__
    raise AttributeError(name) from None
AttributeError: PUBLISHED
ERROR 2025-08-02 06:10:57,084 signal 1 281472931160096 Signal handler <promise@0xffff82caa670 --> <bound method Celery._autodiscover_tasks of <Celery portfolio_project at 0xffff82dcd190>>> raised: AttributeError('PUBLISHED')
Traceback (most recent call last):
  File "/usr/local/lib/python3.11/site-packages/celery/utils/dispatch/signal.py", line 276, in send
    response = receiver(signal=self, sender=sender, **named)
               ^^^^^^^^^^^^^^^^^^^^^^^^^^^^^^^^^^^^^^^^^^^^^
  File "/usr/local/lib/python3.11/site-packages/vine/promises.py", line 161, in __call__
    return self.throw()
           ^^^^^^^^^^^^
  File "/usr/local/lib/python3.11/site-packages/vine/promises.py", line 158, in __call__
    retval = fun(*final_args, **final_kwargs)
             ^^^^^^^^^^^^^^^^^^^^^^^^^^^^^^^^
  File "/usr/local/lib/python3.11/site-packages/celery/app/base.py", line 691, in _autodiscover_tasks
    return self._autodiscover_tasks_from_fixups(related_name)
           ^^^^^^^^^^^^^^^^^^^^^^^^^^^^^^^^^^^^^^^^^^^^^^^^^^
  File "/usr/local/lib/python3.11/site-packages/celery/app/base.py", line 700, in _autodiscover_tasks_from_fixups
    return self._autodiscover_tasks_from_names([
           ^^^^^^^^^^^^^^^^^^^^^^^^^^^^^^^^^^^^^
  File "/usr/local/lib/python3.11/site-packages/celery/app/base.py", line 695, in _autodiscover_tasks_from_names
    return self.loader.autodiscover_tasks(
           ^^^^^^^^^^^^^^^^^^^^^^^^^^^^^^^
  File "/usr/local/lib/python3.11/site-packages/celery/loaders/base.py", line 220, in autodiscover_tasks
    mod.__name__ for mod in autodiscover_tasks(packages or (),
                            ^^^^^^^^^^^^^^^^^^^^^^^^^^^^^^^^^^
  File "/usr/local/lib/python3.11/site-packages/celery/loaders/base.py", line 246, in autodiscover_tasks
    return [find_related_module(pkg, related_name) for pkg in packages]
           ^^^^^^^^^^^^^^^^^^^^^^^^^^^^^^^^^^^^^^^^^^^^^^^^^^^^^^^^^^^^
  File "/usr/local/lib/python3.11/site-packages/celery/loaders/base.py", line 246, in <listcomp>
    return [find_related_module(pkg, related_name) for pkg in packages]
            ^^^^^^^^^^^^^^^^^^^^^^^^^^^^^^^^^^^^^^
  File "/usr/local/lib/python3.11/site-packages/celery/loaders/base.py", line 267, in find_related_module
    return importlib.import_module(module_name)
           ^^^^^^^^^^^^^^^^^^^^^^^^^^^^^^^^^^^^
  File "/usr/local/lib/python3.11/importlib/__init__.py", line 126, in import_module
    return _bootstrap._gcd_import(name[level:], package, level)
           ^^^^^^^^^^^^^^^^^^^^^^^^^^^^^^^^^^^^^^^^^^^^^^^^^^^^
  File "<frozen importlib._bootstrap>", line 1204, in _gcd_import
  File "<frozen importlib._bootstrap>", line 1176, in _find_and_load
  File "<frozen importlib._bootstrap>", line 1147, in _find_and_load_unlocked
  File "<frozen importlib._bootstrap>", line 690, in _load_unlocked
  File "<frozen importlib._bootstrap_external>", line 940, in exec_module
  File "<frozen importlib._bootstrap>", line 241, in _call_with_frames_removed
  File "/app/restaurants/tasks.py", line 19, in <module>
    from .models import Restaurant, RestaurantImage
  File "/app/restaurants/models.py", line 998, in <module>
    class RestaurantReview(BaseModel):
  File "/app/restaurants/models.py", line 1017, in RestaurantReview
    default=ReviewStatus.PUBLISHED,
            ^^^^^^^^^^^^^^^^^^^^^^
  File "/usr/local/lib/python3.11/enum.py", line 786, in __getattr__
    raise AttributeError(name) from None
AttributeError: PUBLISHED
ERROR 2025-08-02 06:10:57,150 signal 1 281473142616096 Signal handler <bound method DjangoFixup.on_import_modules of <celery.fixups.django.DjangoFixup object at 0xffff8f500490>> raised: AttributeError('PUBLISHED')
Traceback (most recent call last):
  File "/usr/local/lib/python3.11/site-packages/celery/utils/dispatch/signal.py", line 276, in send
    response = receiver(signal=self, sender=sender, **named)
               ^^^^^^^^^^^^^^^^^^^^^^^^^^^^^^^^^^^^^^^^^^^^^
  File "/usr/local/lib/python3.11/site-packages/celery/fixups/django.py", line 97, in on_import_modules
    self.worker_fixup.validate_models()
  File "/usr/local/lib/python3.11/site-packages/celery/fixups/django.py", line 135, in validate_models
    self.django_setup()
  File "/usr/local/lib/python3.11/site-packages/celery/fixups/django.py", line 131, in django_setup
    django.setup()
  File "/usr/local/lib/python3.11/site-packages/django/__init__.py", line 24, in setup
    apps.populate(settings.INSTALLED_APPS)
  File "/usr/local/lib/python3.11/site-packages/django/apps/registry.py", line 116, in populate
    app_config.import_models()
  File "/usr/local/lib/python3.11/site-packages/django/apps/config.py", line 269, in import_models
    self.models_module = import_module(models_module_name)
                         ^^^^^^^^^^^^^^^^^^^^^^^^^^^^^^^^^
  File "/usr/local/lib/python3.11/importlib/__init__.py", line 126, in import_module
    return _bootstrap._gcd_import(name[level:], package, level)
           ^^^^^^^^^^^^^^^^^^^^^^^^^^^^^^^^^^^^^^^^^^^^^^^^^^^^
  File "<frozen importlib._bootstrap>", line 1204, in _gcd_import
  File "<frozen importlib._bootstrap>", line 1176, in _find_and_load
  File "<frozen importlib._bootstrap>", line 1147, in _find_and_load_unlocked
  File "<frozen importlib._bootstrap>", line 690, in _load_unlocked
  File "<frozen importlib._bootstrap_external>", line 940, in exec_module
  File "<frozen importlib._bootstrap>", line 241, in _call_with_frames_removed
  File "/app/restaurants/models.py", line 998, in <module>
    class RestaurantReview(BaseModel):
  File "/app/restaurants/models.py", line 1017, in RestaurantReview
    default=ReviewStatus.PUBLISHED,
            ^^^^^^^^^^^^^^^^^^^^^^
  File "/usr/local/lib/python3.11/enum.py", line 786, in __getattr__
    raise AttributeError(name) from None
AttributeError: PUBLISHED
ERROR 2025-08-02 06:10:57,161 signal 1 281473142616096 Signal handler <promise@0xffff8f626670 --> <bound method Celery._autodiscover_tasks of <Celery portfolio_project at 0xffff8f622210>>> raised: AttributeError('PUBLISHED')
Traceback (most recent call last):
  File "/usr/local/lib/python3.11/site-packages/celery/utils/dispatch/signal.py", line 276, in send
    response = receiver(signal=self, sender=sender, **named)
               ^^^^^^^^^^^^^^^^^^^^^^^^^^^^^^^^^^^^^^^^^^^^^
  File "/usr/local/lib/python3.11/site-packages/vine/promises.py", line 161, in __call__
    return self.throw()
           ^^^^^^^^^^^^
  File "/usr/local/lib/python3.11/site-packages/vine/promises.py", line 158, in __call__
    retval = fun(*final_args, **final_kwargs)
             ^^^^^^^^^^^^^^^^^^^^^^^^^^^^^^^^
  File "/usr/local/lib/python3.11/site-packages/celery/app/base.py", line 691, in _autodiscover_tasks
    return self._autodiscover_tasks_from_fixups(related_name)
           ^^^^^^^^^^^^^^^^^^^^^^^^^^^^^^^^^^^^^^^^^^^^^^^^^^
  File "/usr/local/lib/python3.11/site-packages/celery/app/base.py", line 700, in _autodiscover_tasks_from_fixups
    return self._autodiscover_tasks_from_names([
           ^^^^^^^^^^^^^^^^^^^^^^^^^^^^^^^^^^^^^
  File "/usr/local/lib/python3.11/site-packages/celery/app/base.py", line 695, in _autodiscover_tasks_from_names
    return self.loader.autodiscover_tasks(
           ^^^^^^^^^^^^^^^^^^^^^^^^^^^^^^^
  File "/usr/local/lib/python3.11/site-packages/celery/loaders/base.py", line 220, in autodiscover_tasks
    mod.__name__ for mod in autodiscover_tasks(packages or (),
                            ^^^^^^^^^^^^^^^^^^^^^^^^^^^^^^^^^^
  File "/usr/local/lib/python3.11/site-packages/celery/loaders/base.py", line 246, in autodiscover_tasks
    return [find_related_module(pkg, related_name) for pkg in packages]
           ^^^^^^^^^^^^^^^^^^^^^^^^^^^^^^^^^^^^^^^^^^^^^^^^^^^^^^^^^^^^
  File "/usr/local/lib/python3.11/site-packages/celery/loaders/base.py", line 246, in <listcomp>
    return [find_related_module(pkg, related_name) for pkg in packages]
            ^^^^^^^^^^^^^^^^^^^^^^^^^^^^^^^^^^^^^^
  File "/usr/local/lib/python3.11/site-packages/celery/loaders/base.py", line 267, in find_related_module
    return importlib.import_module(module_name)
           ^^^^^^^^^^^^^^^^^^^^^^^^^^^^^^^^^^^^
  File "/usr/local/lib/python3.11/importlib/__init__.py", line 126, in import_module
    return _bootstrap._gcd_import(name[level:], package, level)
           ^^^^^^^^^^^^^^^^^^^^^^^^^^^^^^^^^^^^^^^^^^^^^^^^^^^^
  File "<frozen importlib._bootstrap>", line 1204, in _gcd_import
  File "<frozen importlib._bootstrap>", line 1176, in _find_and_load
  File "<frozen importlib._bootstrap>", line 1147, in _find_and_load_unlocked
  File "<frozen importlib._bootstrap>", line 690, in _load_unlocked
  File "<frozen importlib._bootstrap_external>", line 940, in exec_module
  File "<frozen importlib._bootstrap>", line 241, in _call_with_frames_removed
  File "/app/restaurants/tasks.py", line 19, in <module>
    from .models import Restaurant, RestaurantImage
  File "/app/restaurants/models.py", line 998, in <module>
    class RestaurantReview(BaseModel):
  File "/app/restaurants/models.py", line 1017, in RestaurantReview
    default=ReviewStatus.PUBLISHED,
            ^^^^^^^^^^^^^^^^^^^^^^
  File "/usr/local/lib/python3.11/enum.py", line 786, in __getattr__
    raise AttributeError(name) from None
AttributeError: PUBLISHED
ERROR 2025-08-02 06:10:59,538 signal 1 281473446215712 Signal handler <bound method DjangoFixup.on_import_modules of <celery.fixups.django.DjangoFixup object at 0xffffa16f0710>> raised: AttributeError('PUBLISHED')
Traceback (most recent call last):
  File "/usr/local/lib/python3.11/site-packages/celery/utils/dispatch/signal.py", line 276, in send
    response = receiver(signal=self, sender=sender, **named)
               ^^^^^^^^^^^^^^^^^^^^^^^^^^^^^^^^^^^^^^^^^^^^^
  File "/usr/local/lib/python3.11/site-packages/celery/fixups/django.py", line 97, in on_import_modules
    self.worker_fixup.validate_models()
  File "/usr/local/lib/python3.11/site-packages/celery/fixups/django.py", line 135, in validate_models
    self.django_setup()
  File "/usr/local/lib/python3.11/site-packages/celery/fixups/django.py", line 131, in django_setup
    django.setup()
  File "/usr/local/lib/python3.11/site-packages/django/__init__.py", line 24, in setup
    apps.populate(settings.INSTALLED_APPS)
  File "/usr/local/lib/python3.11/site-packages/django/apps/registry.py", line 116, in populate
    app_config.import_models()
  File "/usr/local/lib/python3.11/site-packages/django/apps/config.py", line 269, in import_models
    self.models_module = import_module(models_module_name)
                         ^^^^^^^^^^^^^^^^^^^^^^^^^^^^^^^^^
  File "/usr/local/lib/python3.11/importlib/__init__.py", line 126, in import_module
    return _bootstrap._gcd_import(name[level:], package, level)
           ^^^^^^^^^^^^^^^^^^^^^^^^^^^^^^^^^^^^^^^^^^^^^^^^^^^^
  File "<frozen importlib._bootstrap>", line 1204, in _gcd_import
  File "<frozen importlib._bootstrap>", line 1176, in _find_and_load
  File "<frozen importlib._bootstrap>", line 1147, in _find_and_load_unlocked
  File "<frozen importlib._bootstrap>", line 690, in _load_unlocked
  File "<frozen importlib._bootstrap_external>", line 940, in exec_module
  File "<frozen importlib._bootstrap>", line 241, in _call_with_frames_removed
  File "/app/restaurants/models.py", line 998, in <module>
    class RestaurantReview(BaseModel):
  File "/app/restaurants/models.py", line 1017, in RestaurantReview
    default=ReviewStatus.PUBLISHED,
            ^^^^^^^^^^^^^^^^^^^^^^
  File "/usr/local/lib/python3.11/enum.py", line 786, in __getattr__
    raise AttributeError(name) from None
AttributeError: PUBLISHED
ERROR 2025-08-02 06:10:59,548 signal 1 281473446215712 Signal handler <promise@0xffffa17d6670 --> <bound method Celery._autodiscover_tasks of <Celery portfolio_project at 0xffffa1812550>>> raised: AttributeError('PUBLISHED')
Traceback (most recent call last):
  File "/usr/local/lib/python3.11/site-packages/celery/utils/dispatch/signal.py", line 276, in send
    response = receiver(signal=self, sender=sender, **named)
               ^^^^^^^^^^^^^^^^^^^^^^^^^^^^^^^^^^^^^^^^^^^^^
  File "/usr/local/lib/python3.11/site-packages/vine/promises.py", line 161, in __call__
    return self.throw()
           ^^^^^^^^^^^^
  File "/usr/local/lib/python3.11/site-packages/vine/promises.py", line 158, in __call__
    retval = fun(*final_args, **final_kwargs)
             ^^^^^^^^^^^^^^^^^^^^^^^^^^^^^^^^
  File "/usr/local/lib/python3.11/site-packages/celery/app/base.py", line 691, in _autodiscover_tasks
    return self._autodiscover_tasks_from_fixups(related_name)
           ^^^^^^^^^^^^^^^^^^^^^^^^^^^^^^^^^^^^^^^^^^^^^^^^^^
  File "/usr/local/lib/python3.11/site-packages/celery/app/base.py", line 700, in _autodiscover_tasks_from_fixups
    return self._autodiscover_tasks_from_names([
           ^^^^^^^^^^^^^^^^^^^^^^^^^^^^^^^^^^^^^
  File "/usr/local/lib/python3.11/site-packages/celery/app/base.py", line 695, in _autodiscover_tasks_from_names
    return self.loader.autodiscover_tasks(
           ^^^^^^^^^^^^^^^^^^^^^^^^^^^^^^^
  File "/usr/local/lib/python3.11/site-packages/celery/loaders/base.py", line 220, in autodiscover_tasks
    mod.__name__ for mod in autodiscover_tasks(packages or (),
                            ^^^^^^^^^^^^^^^^^^^^^^^^^^^^^^^^^^
  File "/usr/local/lib/python3.11/site-packages/celery/loaders/base.py", line 246, in autodiscover_tasks
    return [find_related_module(pkg, related_name) for pkg in packages]
           ^^^^^^^^^^^^^^^^^^^^^^^^^^^^^^^^^^^^^^^^^^^^^^^^^^^^^^^^^^^^
  File "/usr/local/lib/python3.11/site-packages/celery/loaders/base.py", line 246, in <listcomp>
    return [find_related_module(pkg, related_name) for pkg in packages]
            ^^^^^^^^^^^^^^^^^^^^^^^^^^^^^^^^^^^^^^
  File "/usr/local/lib/python3.11/site-packages/celery/loaders/base.py", line 267, in find_related_module
    return importlib.import_module(module_name)
           ^^^^^^^^^^^^^^^^^^^^^^^^^^^^^^^^^^^^
  File "/usr/local/lib/python3.11/importlib/__init__.py", line 126, in import_module
    return _bootstrap._gcd_import(name[level:], package, level)
           ^^^^^^^^^^^^^^^^^^^^^^^^^^^^^^^^^^^^^^^^^^^^^^^^^^^^
  File "<frozen importlib._bootstrap>", line 1204, in _gcd_import
  File "<frozen importlib._bootstrap>", line 1176, in _find_and_load
  File "<frozen importlib._bootstrap>", line 1147, in _find_and_load_unlocked
  File "<frozen importlib._bootstrap>", line 690, in _load_unlocked
  File "<frozen importlib._bootstrap_external>", line 940, in exec_module
  File "<frozen importlib._bootstrap>", line 241, in _call_with_frames_removed
  File "/app/restaurants/tasks.py", line 19, in <module>
    from .models import Restaurant, RestaurantImage
  File "/app/restaurants/models.py", line 998, in <module>
    class RestaurantReview(BaseModel):
  File "/app/restaurants/models.py", line 1017, in RestaurantReview
    default=ReviewStatus.PUBLISHED,
            ^^^^^^^^^^^^^^^^^^^^^^
  File "/usr/local/lib/python3.11/enum.py", line 786, in __getattr__
    raise AttributeError(name) from None
AttributeError: PUBLISHED
ERROR 2025-08-02 06:10:59,634 signal 1 281473796104224 Signal handler <bound method DjangoFixup.on_import_modules of <celery.fixups.django.DjangoFixup object at 0xffffb6473ed0>> raised: AttributeError('PUBLISHED')
Traceback (most recent call last):
  File "/usr/local/lib/python3.11/site-packages/celery/utils/dispatch/signal.py", line 276, in send
    response = receiver(signal=self, sender=sender, **named)
               ^^^^^^^^^^^^^^^^^^^^^^^^^^^^^^^^^^^^^^^^^^^^^
  File "/usr/local/lib/python3.11/site-packages/celery/fixups/django.py", line 97, in on_import_modules
    self.worker_fixup.validate_models()
  File "/usr/local/lib/python3.11/site-packages/celery/fixups/django.py", line 135, in validate_models
    self.django_setup()
  File "/usr/local/lib/python3.11/site-packages/celery/fixups/django.py", line 131, in django_setup
    django.setup()
  File "/usr/local/lib/python3.11/site-packages/django/__init__.py", line 24, in setup
    apps.populate(settings.INSTALLED_APPS)
  File "/usr/local/lib/python3.11/site-packages/django/apps/registry.py", line 116, in populate
    app_config.import_models()
  File "/usr/local/lib/python3.11/site-packages/django/apps/config.py", line 269, in import_models
    self.models_module = import_module(models_module_name)
                         ^^^^^^^^^^^^^^^^^^^^^^^^^^^^^^^^^
  File "/usr/local/lib/python3.11/importlib/__init__.py", line 126, in import_module
    return _bootstrap._gcd_import(name[level:], package, level)
           ^^^^^^^^^^^^^^^^^^^^^^^^^^^^^^^^^^^^^^^^^^^^^^^^^^^^
  File "<frozen importlib._bootstrap>", line 1204, in _gcd_import
  File "<frozen importlib._bootstrap>", line 1176, in _find_and_load
  File "<frozen importlib._bootstrap>", line 1147, in _find_and_load_unlocked
  File "<frozen importlib._bootstrap>", line 690, in _load_unlocked
  File "<frozen importlib._bootstrap_external>", line 940, in exec_module
  File "<frozen importlib._bootstrap>", line 241, in _call_with_frames_removed
  File "/app/restaurants/models.py", line 998, in <module>
    class RestaurantReview(BaseModel):
  File "/app/restaurants/models.py", line 1017, in RestaurantReview
    default=ReviewStatus.PUBLISHED,
            ^^^^^^^^^^^^^^^^^^^^^^
  File "/usr/local/lib/python3.11/enum.py", line 786, in __getattr__
    raise AttributeError(name) from None
AttributeError: PUBLISHED
ERROR 2025-08-02 06:10:59,645 signal 1 281473796104224 Signal handler <promise@0xffffb6576670 --> <bound method Celery._autodiscover_tasks of <Celery portfolio_project at 0xffffb6569c90>>> raised: AttributeError('PUBLISHED')
Traceback (most recent call last):
  File "/usr/local/lib/python3.11/site-packages/celery/utils/dispatch/signal.py", line 276, in send
    response = receiver(signal=self, sender=sender, **named)
               ^^^^^^^^^^^^^^^^^^^^^^^^^^^^^^^^^^^^^^^^^^^^^
  File "/usr/local/lib/python3.11/site-packages/vine/promises.py", line 161, in __call__
    return self.throw()
           ^^^^^^^^^^^^
  File "/usr/local/lib/python3.11/site-packages/vine/promises.py", line 158, in __call__
    retval = fun(*final_args, **final_kwargs)
             ^^^^^^^^^^^^^^^^^^^^^^^^^^^^^^^^
  File "/usr/local/lib/python3.11/site-packages/celery/app/base.py", line 691, in _autodiscover_tasks
    return self._autodiscover_tasks_from_fixups(related_name)
           ^^^^^^^^^^^^^^^^^^^^^^^^^^^^^^^^^^^^^^^^^^^^^^^^^^
  File "/usr/local/lib/python3.11/site-packages/celery/app/base.py", line 700, in _autodiscover_tasks_from_fixups
    return self._autodiscover_tasks_from_names([
           ^^^^^^^^^^^^^^^^^^^^^^^^^^^^^^^^^^^^^
  File "/usr/local/lib/python3.11/site-packages/celery/app/base.py", line 695, in _autodiscover_tasks_from_names
    return self.loader.autodiscover_tasks(
           ^^^^^^^^^^^^^^^^^^^^^^^^^^^^^^^
  File "/usr/local/lib/python3.11/site-packages/celery/loaders/base.py", line 220, in autodiscover_tasks
    mod.__name__ for mod in autodiscover_tasks(packages or (),
                            ^^^^^^^^^^^^^^^^^^^^^^^^^^^^^^^^^^
  File "/usr/local/lib/python3.11/site-packages/celery/loaders/base.py", line 246, in autodiscover_tasks
    return [find_related_module(pkg, related_name) for pkg in packages]
           ^^^^^^^^^^^^^^^^^^^^^^^^^^^^^^^^^^^^^^^^^^^^^^^^^^^^^^^^^^^^
  File "/usr/local/lib/python3.11/site-packages/celery/loaders/base.py", line 246, in <listcomp>
    return [find_related_module(pkg, related_name) for pkg in packages]
            ^^^^^^^^^^^^^^^^^^^^^^^^^^^^^^^^^^^^^^
  File "/usr/local/lib/python3.11/site-packages/celery/loaders/base.py", line 267, in find_related_module
    return importlib.import_module(module_name)
           ^^^^^^^^^^^^^^^^^^^^^^^^^^^^^^^^^^^^
  File "/usr/local/lib/python3.11/importlib/__init__.py", line 126, in import_module
    return _bootstrap._gcd_import(name[level:], package, level)
           ^^^^^^^^^^^^^^^^^^^^^^^^^^^^^^^^^^^^^^^^^^^^^^^^^^^^
  File "<frozen importlib._bootstrap>", line 1204, in _gcd_import
  File "<frozen importlib._bootstrap>", line 1176, in _find_and_load
  File "<frozen importlib._bootstrap>", line 1147, in _find_and_load_unlocked
  File "<frozen importlib._bootstrap>", line 690, in _load_unlocked
  File "<frozen importlib._bootstrap_external>", line 940, in exec_module
  File "<frozen importlib._bootstrap>", line 241, in _call_with_frames_removed
  File "/app/restaurants/tasks.py", line 19, in <module>
    from .models import Restaurant, RestaurantImage
  File "/app/restaurants/models.py", line 998, in <module>
    class RestaurantReview(BaseModel):
  File "/app/restaurants/models.py", line 1017, in RestaurantReview
    default=ReviewStatus.PUBLISHED,
            ^^^^^^^^^^^^^^^^^^^^^^
  File "/usr/local/lib/python3.11/enum.py", line 786, in __getattr__
    raise AttributeError(name) from None
AttributeError: PUBLISHED
ERROR 2025-08-02 06:11:03,590 signal 1 281473886773280 Signal handler <bound method DjangoFixup.on_import_modules of <celery.fixups.django.DjangoFixup object at 0xffffbbb00710>> raised: AttributeError('PUBLISHED')
Traceback (most recent call last):
  File "/usr/local/lib/python3.11/site-packages/celery/utils/dispatch/signal.py", line 276, in send
    response = receiver(signal=self, sender=sender, **named)
               ^^^^^^^^^^^^^^^^^^^^^^^^^^^^^^^^^^^^^^^^^^^^^
  File "/usr/local/lib/python3.11/site-packages/celery/fixups/django.py", line 97, in on_import_modules
    self.worker_fixup.validate_models()
  File "/usr/local/lib/python3.11/site-packages/celery/fixups/django.py", line 135, in validate_models
    self.django_setup()
  File "/usr/local/lib/python3.11/site-packages/celery/fixups/django.py", line 131, in django_setup
    django.setup()
  File "/usr/local/lib/python3.11/site-packages/django/__init__.py", line 24, in setup
    apps.populate(settings.INSTALLED_APPS)
  File "/usr/local/lib/python3.11/site-packages/django/apps/registry.py", line 116, in populate
    app_config.import_models()
  File "/usr/local/lib/python3.11/site-packages/django/apps/config.py", line 269, in import_models
    self.models_module = import_module(models_module_name)
                         ^^^^^^^^^^^^^^^^^^^^^^^^^^^^^^^^^
  File "/usr/local/lib/python3.11/importlib/__init__.py", line 126, in import_module
    return _bootstrap._gcd_import(name[level:], package, level)
           ^^^^^^^^^^^^^^^^^^^^^^^^^^^^^^^^^^^^^^^^^^^^^^^^^^^^
  File "<frozen importlib._bootstrap>", line 1204, in _gcd_import
  File "<frozen importlib._bootstrap>", line 1176, in _find_and_load
  File "<frozen importlib._bootstrap>", line 1147, in _find_and_load_unlocked
  File "<frozen importlib._bootstrap>", line 690, in _load_unlocked
  File "<frozen importlib._bootstrap_external>", line 940, in exec_module
  File "<frozen importlib._bootstrap>", line 241, in _call_with_frames_removed
  File "/app/restaurants/models.py", line 998, in <module>
    class RestaurantReview(BaseModel):
  File "/app/restaurants/models.py", line 1017, in RestaurantReview
    default=ReviewStatus.PUBLISHED,
            ^^^^^^^^^^^^^^^^^^^^^^
  File "/usr/local/lib/python3.11/enum.py", line 786, in __getattr__
    raise AttributeError(name) from None
AttributeError: PUBLISHED
ERROR 2025-08-02 06:11:03,600 signal 1 281473886773280 Signal handler <promise@0xffffbbbe6670 --> <bound method Celery._autodiscover_tasks of <Celery portfolio_project at 0xffffbbc22550>>> raised: AttributeError('PUBLISHED')
Traceback (most recent call last):
  File "/usr/local/lib/python3.11/site-packages/celery/utils/dispatch/signal.py", line 276, in send
    response = receiver(signal=self, sender=sender, **named)
               ^^^^^^^^^^^^^^^^^^^^^^^^^^^^^^^^^^^^^^^^^^^^^
  File "/usr/local/lib/python3.11/site-packages/vine/promises.py", line 161, in __call__
    return self.throw()
           ^^^^^^^^^^^^
  File "/usr/local/lib/python3.11/site-packages/vine/promises.py", line 158, in __call__
    retval = fun(*final_args, **final_kwargs)
             ^^^^^^^^^^^^^^^^^^^^^^^^^^^^^^^^
  File "/usr/local/lib/python3.11/site-packages/celery/app/base.py", line 691, in _autodiscover_tasks
    return self._autodiscover_tasks_from_fixups(related_name)
           ^^^^^^^^^^^^^^^^^^^^^^^^^^^^^^^^^^^^^^^^^^^^^^^^^^
  File "/usr/local/lib/python3.11/site-packages/celery/app/base.py", line 700, in _autodiscover_tasks_from_fixups
    return self._autodiscover_tasks_from_names([
           ^^^^^^^^^^^^^^^^^^^^^^^^^^^^^^^^^^^^^
  File "/usr/local/lib/python3.11/site-packages/celery/app/base.py", line 695, in _autodiscover_tasks_from_names
    return self.loader.autodiscover_tasks(
           ^^^^^^^^^^^^^^^^^^^^^^^^^^^^^^^
  File "/usr/local/lib/python3.11/site-packages/celery/loaders/base.py", line 220, in autodiscover_tasks
    mod.__name__ for mod in autodiscover_tasks(packages or (),
                            ^^^^^^^^^^^^^^^^^^^^^^^^^^^^^^^^^^
  File "/usr/local/lib/python3.11/site-packages/celery/loaders/base.py", line 246, in autodiscover_tasks
    return [find_related_module(pkg, related_name) for pkg in packages]
           ^^^^^^^^^^^^^^^^^^^^^^^^^^^^^^^^^^^^^^^^^^^^^^^^^^^^^^^^^^^^
  File "/usr/local/lib/python3.11/site-packages/celery/loaders/base.py", line 246, in <listcomp>
    return [find_related_module(pkg, related_name) for pkg in packages]
            ^^^^^^^^^^^^^^^^^^^^^^^^^^^^^^^^^^^^^^
  File "/usr/local/lib/python3.11/site-packages/celery/loaders/base.py", line 267, in find_related_module
    return importlib.import_module(module_name)
           ^^^^^^^^^^^^^^^^^^^^^^^^^^^^^^^^^^^^
  File "/usr/local/lib/python3.11/importlib/__init__.py", line 126, in import_module
    return _bootstrap._gcd_import(name[level:], package, level)
           ^^^^^^^^^^^^^^^^^^^^^^^^^^^^^^^^^^^^^^^^^^^^^^^^^^^^
  File "<frozen importlib._bootstrap>", line 1204, in _gcd_import
  File "<frozen importlib._bootstrap>", line 1176, in _find_and_load
  File "<frozen importlib._bootstrap>", line 1147, in _find_and_load_unlocked
  File "<frozen importlib._bootstrap>", line 690, in _load_unlocked
  File "<frozen importlib._bootstrap_external>", line 940, in exec_module
  File "<frozen importlib._bootstrap>", line 241, in _call_with_frames_removed
  File "/app/restaurants/tasks.py", line 19, in <module>
    from .models import Restaurant, RestaurantImage
  File "/app/restaurants/models.py", line 998, in <module>
    class RestaurantReview(BaseModel):
  File "/app/restaurants/models.py", line 1017, in RestaurantReview
    default=ReviewStatus.PUBLISHED,
            ^^^^^^^^^^^^^^^^^^^^^^
  File "/usr/local/lib/python3.11/enum.py", line 786, in __getattr__
    raise AttributeError(name) from None
AttributeError: PUBLISHED
ERROR 2025-08-02 06:11:03,655 signal 1 281473305370656 Signal handler <bound method DjangoFixup.on_import_modules of <celery.fixups.django.DjangoFixup object at 0xffff99090190>> raised: AttributeError('PUBLISHED')
Traceback (most recent call last):
  File "/usr/local/lib/python3.11/site-packages/celery/utils/dispatch/signal.py", line 276, in send
    response = receiver(signal=self, sender=sender, **named)
               ^^^^^^^^^^^^^^^^^^^^^^^^^^^^^^^^^^^^^^^^^^^^^
  File "/usr/local/lib/python3.11/site-packages/celery/fixups/django.py", line 97, in on_import_modules
    self.worker_fixup.validate_models()
  File "/usr/local/lib/python3.11/site-packages/celery/fixups/django.py", line 135, in validate_models
    self.django_setup()
  File "/usr/local/lib/python3.11/site-packages/celery/fixups/django.py", line 131, in django_setup
    django.setup()
  File "/usr/local/lib/python3.11/site-packages/django/__init__.py", line 24, in setup
    apps.populate(settings.INSTALLED_APPS)
  File "/usr/local/lib/python3.11/site-packages/django/apps/registry.py", line 116, in populate
    app_config.import_models()
  File "/usr/local/lib/python3.11/site-packages/django/apps/config.py", line 269, in import_models
    self.models_module = import_module(models_module_name)
                         ^^^^^^^^^^^^^^^^^^^^^^^^^^^^^^^^^
  File "/usr/local/lib/python3.11/importlib/__init__.py", line 126, in import_module
    return _bootstrap._gcd_import(name[level:], package, level)
           ^^^^^^^^^^^^^^^^^^^^^^^^^^^^^^^^^^^^^^^^^^^^^^^^^^^^
  File "<frozen importlib._bootstrap>", line 1204, in _gcd_import
  File "<frozen importlib._bootstrap>", line 1176, in _find_and_load
  File "<frozen importlib._bootstrap>", line 1147, in _find_and_load_unlocked
  File "<frozen importlib._bootstrap>", line 690, in _load_unlocked
  File "<frozen importlib._bootstrap_external>", line 940, in exec_module
  File "<frozen importlib._bootstrap>", line 241, in _call_with_frames_removed
  File "/app/restaurants/models.py", line 998, in <module>
    class RestaurantReview(BaseModel):
  File "/app/restaurants/models.py", line 1017, in RestaurantReview
    default=ReviewStatus.PUBLISHED,
            ^^^^^^^^^^^^^^^^^^^^^^
  File "/usr/local/lib/python3.11/enum.py", line 786, in __getattr__
    raise AttributeError(name) from None
AttributeError: PUBLISHED
ERROR 2025-08-02 06:11:03,665 signal 1 281473305370656 Signal handler <promise@0xffff99176670 --> <bound method Celery._autodiscover_tasks of <Celery portfolio_project at 0xffff99169f10>>> raised: AttributeError('PUBLISHED')
Traceback (most recent call last):
  File "/usr/local/lib/python3.11/site-packages/celery/utils/dispatch/signal.py", line 276, in send
    response = receiver(signal=self, sender=sender, **named)
               ^^^^^^^^^^^^^^^^^^^^^^^^^^^^^^^^^^^^^^^^^^^^^
  File "/usr/local/lib/python3.11/site-packages/vine/promises.py", line 161, in __call__
    return self.throw()
           ^^^^^^^^^^^^
  File "/usr/local/lib/python3.11/site-packages/vine/promises.py", line 158, in __call__
    retval = fun(*final_args, **final_kwargs)
             ^^^^^^^^^^^^^^^^^^^^^^^^^^^^^^^^
  File "/usr/local/lib/python3.11/site-packages/celery/app/base.py", line 691, in _autodiscover_tasks
    return self._autodiscover_tasks_from_fixups(related_name)
           ^^^^^^^^^^^^^^^^^^^^^^^^^^^^^^^^^^^^^^^^^^^^^^^^^^
  File "/usr/local/lib/python3.11/site-packages/celery/app/base.py", line 700, in _autodiscover_tasks_from_fixups
    return self._autodiscover_tasks_from_names([
           ^^^^^^^^^^^^^^^^^^^^^^^^^^^^^^^^^^^^^
  File "/usr/local/lib/python3.11/site-packages/celery/app/base.py", line 695, in _autodiscover_tasks_from_names
    return self.loader.autodiscover_tasks(
           ^^^^^^^^^^^^^^^^^^^^^^^^^^^^^^^
  File "/usr/local/lib/python3.11/site-packages/celery/loaders/base.py", line 220, in autodiscover_tasks
    mod.__name__ for mod in autodiscover_tasks(packages or (),
                            ^^^^^^^^^^^^^^^^^^^^^^^^^^^^^^^^^^
  File "/usr/local/lib/python3.11/site-packages/celery/loaders/base.py", line 246, in autodiscover_tasks
    return [find_related_module(pkg, related_name) for pkg in packages]
           ^^^^^^^^^^^^^^^^^^^^^^^^^^^^^^^^^^^^^^^^^^^^^^^^^^^^^^^^^^^^
  File "/usr/local/lib/python3.11/site-packages/celery/loaders/base.py", line 246, in <listcomp>
    return [find_related_module(pkg, related_name) for pkg in packages]
            ^^^^^^^^^^^^^^^^^^^^^^^^^^^^^^^^^^^^^^
  File "/usr/local/lib/python3.11/site-packages/celery/loaders/base.py", line 267, in find_related_module
    return importlib.import_module(module_name)
           ^^^^^^^^^^^^^^^^^^^^^^^^^^^^^^^^^^^^
  File "/usr/local/lib/python3.11/importlib/__init__.py", line 126, in import_module
    return _bootstrap._gcd_import(name[level:], package, level)
           ^^^^^^^^^^^^^^^^^^^^^^^^^^^^^^^^^^^^^^^^^^^^^^^^^^^^
  File "<frozen importlib._bootstrap>", line 1204, in _gcd_import
  File "<frozen importlib._bootstrap>", line 1176, in _find_and_load
  File "<frozen importlib._bootstrap>", line 1147, in _find_and_load_unlocked
  File "<frozen importlib._bootstrap>", line 690, in _load_unlocked
  File "<frozen importlib._bootstrap_external>", line 940, in exec_module
  File "<frozen importlib._bootstrap>", line 241, in _call_with_frames_removed
  File "/app/restaurants/tasks.py", line 19, in <module>
    from .models import Restaurant, RestaurantImage
  File "/app/restaurants/models.py", line 998, in <module>
    class RestaurantReview(BaseModel):
  File "/app/restaurants/models.py", line 1017, in RestaurantReview
    default=ReviewStatus.PUBLISHED,
            ^^^^^^^^^^^^^^^^^^^^^^
  File "/usr/local/lib/python3.11/enum.py", line 786, in __getattr__
    raise AttributeError(name) from None
AttributeError: PUBLISHED
ERROR 2025-08-02 06:11:10,896 signal 1 281473464770592 Signal handler <bound method DjangoFixup.on_import_modules of <celery.fixups.django.DjangoFixup object at 0xffffa2873f10>> raised: AttributeError('PUBLISHED')
Traceback (most recent call last):
  File "/usr/local/lib/python3.11/site-packages/celery/utils/dispatch/signal.py", line 276, in send
    response = receiver(signal=self, sender=sender, **named)
               ^^^^^^^^^^^^^^^^^^^^^^^^^^^^^^^^^^^^^^^^^^^^^
  File "/usr/local/lib/python3.11/site-packages/celery/fixups/django.py", line 97, in on_import_modules
    self.worker_fixup.validate_models()
  File "/usr/local/lib/python3.11/site-packages/celery/fixups/django.py", line 135, in validate_models
    self.django_setup()
  File "/usr/local/lib/python3.11/site-packages/celery/fixups/django.py", line 131, in django_setup
    django.setup()
  File "/usr/local/lib/python3.11/site-packages/django/__init__.py", line 24, in setup
    apps.populate(settings.INSTALLED_APPS)
  File "/usr/local/lib/python3.11/site-packages/django/apps/registry.py", line 116, in populate
    app_config.import_models()
  File "/usr/local/lib/python3.11/site-packages/django/apps/config.py", line 269, in import_models
    self.models_module = import_module(models_module_name)
                         ^^^^^^^^^^^^^^^^^^^^^^^^^^^^^^^^^
  File "/usr/local/lib/python3.11/importlib/__init__.py", line 126, in import_module
    return _bootstrap._gcd_import(name[level:], package, level)
           ^^^^^^^^^^^^^^^^^^^^^^^^^^^^^^^^^^^^^^^^^^^^^^^^^^^^
  File "<frozen importlib._bootstrap>", line 1204, in _gcd_import
  File "<frozen importlib._bootstrap>", line 1176, in _find_and_load
  File "<frozen importlib._bootstrap>", line 1147, in _find_and_load_unlocked
  File "<frozen importlib._bootstrap>", line 690, in _load_unlocked
  File "<frozen importlib._bootstrap_external>", line 940, in exec_module
  File "<frozen importlib._bootstrap>", line 241, in _call_with_frames_removed
  File "/app/restaurants/models.py", line 998, in <module>
    class RestaurantReview(BaseModel):
  File "/app/restaurants/models.py", line 1017, in RestaurantReview
    default=ReviewStatus.PUBLISHED,
            ^^^^^^^^^^^^^^^^^^^^^^
  File "/usr/local/lib/python3.11/enum.py", line 786, in __getattr__
    raise AttributeError(name) from None
AttributeError: PUBLISHED
ERROR 2025-08-02 06:11:10,906 signal 1 281473464770592 Signal handler <promise@0xffffa297a670 --> <bound method Celery._autodiscover_tasks of <Celery portfolio_project at 0xffffa2969c90>>> raised: AttributeError('PUBLISHED')
Traceback (most recent call last):
  File "/usr/local/lib/python3.11/site-packages/celery/utils/dispatch/signal.py", line 276, in send
    response = receiver(signal=self, sender=sender, **named)
               ^^^^^^^^^^^^^^^^^^^^^^^^^^^^^^^^^^^^^^^^^^^^^
  File "/usr/local/lib/python3.11/site-packages/vine/promises.py", line 161, in __call__
    return self.throw()
           ^^^^^^^^^^^^
  File "/usr/local/lib/python3.11/site-packages/vine/promises.py", line 158, in __call__
    retval = fun(*final_args, **final_kwargs)
             ^^^^^^^^^^^^^^^^^^^^^^^^^^^^^^^^
  File "/usr/local/lib/python3.11/site-packages/celery/app/base.py", line 691, in _autodiscover_tasks
    return self._autodiscover_tasks_from_fixups(related_name)
           ^^^^^^^^^^^^^^^^^^^^^^^^^^^^^^^^^^^^^^^^^^^^^^^^^^
  File "/usr/local/lib/python3.11/site-packages/celery/app/base.py", line 700, in _autodiscover_tasks_from_fixups
    return self._autodiscover_tasks_from_names([
           ^^^^^^^^^^^^^^^^^^^^^^^^^^^^^^^^^^^^^
  File "/usr/local/lib/python3.11/site-packages/celery/app/base.py", line 695, in _autodiscover_tasks_from_names
    return self.loader.autodiscover_tasks(
           ^^^^^^^^^^^^^^^^^^^^^^^^^^^^^^^
  File "/usr/local/lib/python3.11/site-packages/celery/loaders/base.py", line 220, in autodiscover_tasks
    mod.__name__ for mod in autodiscover_tasks(packages or (),
                            ^^^^^^^^^^^^^^^^^^^^^^^^^^^^^^^^^^
  File "/usr/local/lib/python3.11/site-packages/celery/loaders/base.py", line 246, in autodiscover_tasks
    return [find_related_module(pkg, related_name) for pkg in packages]
           ^^^^^^^^^^^^^^^^^^^^^^^^^^^^^^^^^^^^^^^^^^^^^^^^^^^^^^^^^^^^
  File "/usr/local/lib/python3.11/site-packages/celery/loaders/base.py", line 246, in <listcomp>
    return [find_related_module(pkg, related_name) for pkg in packages]
            ^^^^^^^^^^^^^^^^^^^^^^^^^^^^^^^^^^^^^^
  File "/usr/local/lib/python3.11/site-packages/celery/loaders/base.py", line 267, in find_related_module
    return importlib.import_module(module_name)
           ^^^^^^^^^^^^^^^^^^^^^^^^^^^^^^^^^^^^
  File "/usr/local/lib/python3.11/importlib/__init__.py", line 126, in import_module
    return _bootstrap._gcd_import(name[level:], package, level)
           ^^^^^^^^^^^^^^^^^^^^^^^^^^^^^^^^^^^^^^^^^^^^^^^^^^^^
  File "<frozen importlib._bootstrap>", line 1204, in _gcd_import
  File "<frozen importlib._bootstrap>", line 1176, in _find_and_load
  File "<frozen importlib._bootstrap>", line 1147, in _find_and_load_unlocked
  File "<frozen importlib._bootstrap>", line 690, in _load_unlocked
  File "<frozen importlib._bootstrap_external>", line 940, in exec_module
  File "<frozen importlib._bootstrap>", line 241, in _call_with_frames_removed
  File "/app/restaurants/tasks.py", line 19, in <module>
    from .models import Restaurant, RestaurantImage
  File "/app/restaurants/models.py", line 998, in <module>
    class RestaurantReview(BaseModel):
  File "/app/restaurants/models.py", line 1017, in RestaurantReview
    default=ReviewStatus.PUBLISHED,
            ^^^^^^^^^^^^^^^^^^^^^^
  File "/usr/local/lib/python3.11/enum.py", line 786, in __getattr__
    raise AttributeError(name) from None
AttributeError: PUBLISHED
ERROR 2025-08-02 06:11:10,938 signal 1 281473031716896 Signal handler <bound method DjangoFixup.on_import_modules of <celery.fixups.django.DjangoFixup object at 0xffff88b98110>> raised: AttributeError('PUBLISHED')
Traceback (most recent call last):
  File "/usr/local/lib/python3.11/site-packages/celery/utils/dispatch/signal.py", line 276, in send
    response = receiver(signal=self, sender=sender, **named)
               ^^^^^^^^^^^^^^^^^^^^^^^^^^^^^^^^^^^^^^^^^^^^^
  File "/usr/local/lib/python3.11/site-packages/celery/fixups/django.py", line 97, in on_import_modules
    self.worker_fixup.validate_models()
  File "/usr/local/lib/python3.11/site-packages/celery/fixups/django.py", line 135, in validate_models
    self.django_setup()
  File "/usr/local/lib/python3.11/site-packages/celery/fixups/django.py", line 131, in django_setup
    django.setup()
  File "/usr/local/lib/python3.11/site-packages/django/__init__.py", line 24, in setup
    apps.populate(settings.INSTALLED_APPS)
  File "/usr/local/lib/python3.11/site-packages/django/apps/registry.py", line 116, in populate
    app_config.import_models()
  File "/usr/local/lib/python3.11/site-packages/django/apps/config.py", line 269, in import_models
    self.models_module = import_module(models_module_name)
                         ^^^^^^^^^^^^^^^^^^^^^^^^^^^^^^^^^
  File "/usr/local/lib/python3.11/importlib/__init__.py", line 126, in import_module
    return _bootstrap._gcd_import(name[level:], package, level)
           ^^^^^^^^^^^^^^^^^^^^^^^^^^^^^^^^^^^^^^^^^^^^^^^^^^^^
  File "<frozen importlib._bootstrap>", line 1204, in _gcd_import
  File "<frozen importlib._bootstrap>", line 1176, in _find_and_load
  File "<frozen importlib._bootstrap>", line 1147, in _find_and_load_unlocked
  File "<frozen importlib._bootstrap>", line 690, in _load_unlocked
  File "<frozen importlib._bootstrap_external>", line 940, in exec_module
  File "<frozen importlib._bootstrap>", line 241, in _call_with_frames_removed
  File "/app/restaurants/models.py", line 998, in <module>
    class RestaurantReview(BaseModel):
  File "/app/restaurants/models.py", line 1017, in RestaurantReview
    default=ReviewStatus.PUBLISHED,
            ^^^^^^^^^^^^^^^^^^^^^^
  File "/usr/local/lib/python3.11/enum.py", line 786, in __getattr__
    raise AttributeError(name) from None
AttributeError: PUBLISHED
ERROR 2025-08-02 06:11:10,949 signal 1 281473031716896 Signal handler <promise@0xffff88ca6670 --> <bound method Celery._autodiscover_tasks of <Celery portfolio_project at 0xffff88c91ed0>>> raised: AttributeError('PUBLISHED')
Traceback (most recent call last):
  File "/usr/local/lib/python3.11/site-packages/celery/utils/dispatch/signal.py", line 276, in send
    response = receiver(signal=self, sender=sender, **named)
               ^^^^^^^^^^^^^^^^^^^^^^^^^^^^^^^^^^^^^^^^^^^^^
  File "/usr/local/lib/python3.11/site-packages/vine/promises.py", line 161, in __call__
    return self.throw()
           ^^^^^^^^^^^^
  File "/usr/local/lib/python3.11/site-packages/vine/promises.py", line 158, in __call__
    retval = fun(*final_args, **final_kwargs)
             ^^^^^^^^^^^^^^^^^^^^^^^^^^^^^^^^
  File "/usr/local/lib/python3.11/site-packages/celery/app/base.py", line 691, in _autodiscover_tasks
    return self._autodiscover_tasks_from_fixups(related_name)
           ^^^^^^^^^^^^^^^^^^^^^^^^^^^^^^^^^^^^^^^^^^^^^^^^^^
  File "/usr/local/lib/python3.11/site-packages/celery/app/base.py", line 700, in _autodiscover_tasks_from_fixups
    return self._autodiscover_tasks_from_names([
           ^^^^^^^^^^^^^^^^^^^^^^^^^^^^^^^^^^^^^
  File "/usr/local/lib/python3.11/site-packages/celery/app/base.py", line 695, in _autodiscover_tasks_from_names
    return self.loader.autodiscover_tasks(
           ^^^^^^^^^^^^^^^^^^^^^^^^^^^^^^^
  File "/usr/local/lib/python3.11/site-packages/celery/loaders/base.py", line 220, in autodiscover_tasks
    mod.__name__ for mod in autodiscover_tasks(packages or (),
                            ^^^^^^^^^^^^^^^^^^^^^^^^^^^^^^^^^^
  File "/usr/local/lib/python3.11/site-packages/celery/loaders/base.py", line 246, in autodiscover_tasks
    return [find_related_module(pkg, related_name) for pkg in packages]
           ^^^^^^^^^^^^^^^^^^^^^^^^^^^^^^^^^^^^^^^^^^^^^^^^^^^^^^^^^^^^
  File "/usr/local/lib/python3.11/site-packages/celery/loaders/base.py", line 246, in <listcomp>
    return [find_related_module(pkg, related_name) for pkg in packages]
            ^^^^^^^^^^^^^^^^^^^^^^^^^^^^^^^^^^^^^^
  File "/usr/local/lib/python3.11/site-packages/celery/loaders/base.py", line 267, in find_related_module
    return importlib.import_module(module_name)
           ^^^^^^^^^^^^^^^^^^^^^^^^^^^^^^^^^^^^
  File "/usr/local/lib/python3.11/importlib/__init__.py", line 126, in import_module
    return _bootstrap._gcd_import(name[level:], package, level)
           ^^^^^^^^^^^^^^^^^^^^^^^^^^^^^^^^^^^^^^^^^^^^^^^^^^^^
  File "<frozen importlib._bootstrap>", line 1204, in _gcd_import
  File "<frozen importlib._bootstrap>", line 1176, in _find_and_load
  File "<frozen importlib._bootstrap>", line 1147, in _find_and_load_unlocked
  File "<frozen importlib._bootstrap>", line 690, in _load_unlocked
  File "<frozen importlib._bootstrap_external>", line 940, in exec_module
  File "<frozen importlib._bootstrap>", line 241, in _call_with_frames_removed
  File "/app/restaurants/tasks.py", line 19, in <module>
    from .models import Restaurant, RestaurantImage
  File "/app/restaurants/models.py", line 998, in <module>
    class RestaurantReview(BaseModel):
  File "/app/restaurants/models.py", line 1017, in RestaurantReview
    default=ReviewStatus.PUBLISHED,
            ^^^^^^^^^^^^^^^^^^^^^^
  File "/usr/local/lib/python3.11/enum.py", line 786, in __getattr__
    raise AttributeError(name) from None
AttributeError: PUBLISHED
ERROR 2025-08-02 06:11:24,533 signal 1 281472929525792 Signal handler <bound method DjangoFixup.on_import_modules of <celery.fixups.django.DjangoFixup object at 0xffff829f8110>> raised: AttributeError('PUBLISHED')
Traceback (most recent call last):
  File "/usr/local/lib/python3.11/site-packages/celery/utils/dispatch/signal.py", line 276, in send
    response = receiver(signal=self, sender=sender, **named)
               ^^^^^^^^^^^^^^^^^^^^^^^^^^^^^^^^^^^^^^^^^^^^^
  File "/usr/local/lib/python3.11/site-packages/celery/fixups/django.py", line 97, in on_import_modules
    self.worker_fixup.validate_models()
  File "/usr/local/lib/python3.11/site-packages/celery/fixups/django.py", line 135, in validate_models
    self.django_setup()
  File "/usr/local/lib/python3.11/site-packages/celery/fixups/django.py", line 131, in django_setup
    django.setup()
  File "/usr/local/lib/python3.11/site-packages/django/__init__.py", line 24, in setup
    apps.populate(settings.INSTALLED_APPS)
  File "/usr/local/lib/python3.11/site-packages/django/apps/registry.py", line 116, in populate
    app_config.import_models()
  File "/usr/local/lib/python3.11/site-packages/django/apps/config.py", line 269, in import_models
    self.models_module = import_module(models_module_name)
                         ^^^^^^^^^^^^^^^^^^^^^^^^^^^^^^^^^
  File "/usr/local/lib/python3.11/importlib/__init__.py", line 126, in import_module
    return _bootstrap._gcd_import(name[level:], package, level)
           ^^^^^^^^^^^^^^^^^^^^^^^^^^^^^^^^^^^^^^^^^^^^^^^^^^^^
  File "<frozen importlib._bootstrap>", line 1204, in _gcd_import
  File "<frozen importlib._bootstrap>", line 1176, in _find_and_load
  File "<frozen importlib._bootstrap>", line 1147, in _find_and_load_unlocked
  File "<frozen importlib._bootstrap>", line 690, in _load_unlocked
  File "<frozen importlib._bootstrap_external>", line 940, in exec_module
  File "<frozen importlib._bootstrap>", line 241, in _call_with_frames_removed
  File "/app/restaurants/models.py", line 998, in <module>
    class RestaurantReview(BaseModel):
  File "/app/restaurants/models.py", line 1017, in RestaurantReview
    default=ReviewStatus.PUBLISHED,
            ^^^^^^^^^^^^^^^^^^^^^^
  File "/usr/local/lib/python3.11/enum.py", line 786, in __getattr__
    raise AttributeError(name) from None
AttributeError: PUBLISHED
ERROR 2025-08-02 06:11:24,543 signal 1 281472929525792 Signal handler <promise@0xffff82ad2670 --> <bound method Celery._autodiscover_tasks of <Celery portfolio_project at 0xffff82b21f50>>> raised: AttributeError('PUBLISHED')
Traceback (most recent call last):
  File "/usr/local/lib/python3.11/site-packages/celery/utils/dispatch/signal.py", line 276, in send
    response = receiver(signal=self, sender=sender, **named)
               ^^^^^^^^^^^^^^^^^^^^^^^^^^^^^^^^^^^^^^^^^^^^^
  File "/usr/local/lib/python3.11/site-packages/vine/promises.py", line 161, in __call__
    return self.throw()
           ^^^^^^^^^^^^
  File "/usr/local/lib/python3.11/site-packages/vine/promises.py", line 158, in __call__
    retval = fun(*final_args, **final_kwargs)
             ^^^^^^^^^^^^^^^^^^^^^^^^^^^^^^^^
  File "/usr/local/lib/python3.11/site-packages/celery/app/base.py", line 691, in _autodiscover_tasks
    return self._autodiscover_tasks_from_fixups(related_name)
           ^^^^^^^^^^^^^^^^^^^^^^^^^^^^^^^^^^^^^^^^^^^^^^^^^^
  File "/usr/local/lib/python3.11/site-packages/celery/app/base.py", line 700, in _autodiscover_tasks_from_fixups
    return self._autodiscover_tasks_from_names([
           ^^^^^^^^^^^^^^^^^^^^^^^^^^^^^^^^^^^^^
  File "/usr/local/lib/python3.11/site-packages/celery/app/base.py", line 695, in _autodiscover_tasks_from_names
    return self.loader.autodiscover_tasks(
           ^^^^^^^^^^^^^^^^^^^^^^^^^^^^^^^
  File "/usr/local/lib/python3.11/site-packages/celery/loaders/base.py", line 220, in autodiscover_tasks
    mod.__name__ for mod in autodiscover_tasks(packages or (),
                            ^^^^^^^^^^^^^^^^^^^^^^^^^^^^^^^^^^
  File "/usr/local/lib/python3.11/site-packages/celery/loaders/base.py", line 246, in autodiscover_tasks
    return [find_related_module(pkg, related_name) for pkg in packages]
           ^^^^^^^^^^^^^^^^^^^^^^^^^^^^^^^^^^^^^^^^^^^^^^^^^^^^^^^^^^^^
  File "/usr/local/lib/python3.11/site-packages/celery/loaders/base.py", line 246, in <listcomp>
    return [find_related_module(pkg, related_name) for pkg in packages]
            ^^^^^^^^^^^^^^^^^^^^^^^^^^^^^^^^^^^^^^
  File "/usr/local/lib/python3.11/site-packages/celery/loaders/base.py", line 267, in find_related_module
    return importlib.import_module(module_name)
           ^^^^^^^^^^^^^^^^^^^^^^^^^^^^^^^^^^^^
  File "/usr/local/lib/python3.11/importlib/__init__.py", line 126, in import_module
    return _bootstrap._gcd_import(name[level:], package, level)
           ^^^^^^^^^^^^^^^^^^^^^^^^^^^^^^^^^^^^^^^^^^^^^^^^^^^^
  File "<frozen importlib._bootstrap>", line 1204, in _gcd_import
  File "<frozen importlib._bootstrap>", line 1176, in _find_and_load
  File "<frozen importlib._bootstrap>", line 1147, in _find_and_load_unlocked
  File "<frozen importlib._bootstrap>", line 690, in _load_unlocked
  File "<frozen importlib._bootstrap_external>", line 940, in exec_module
  File "<frozen importlib._bootstrap>", line 241, in _call_with_frames_removed
  File "/app/restaurants/tasks.py", line 19, in <module>
    from .models import Restaurant, RestaurantImage
  File "/app/restaurants/models.py", line 998, in <module>
    class RestaurantReview(BaseModel):
  File "/app/restaurants/models.py", line 1017, in RestaurantReview
    default=ReviewStatus.PUBLISHED,
            ^^^^^^^^^^^^^^^^^^^^^^
  File "/usr/local/lib/python3.11/enum.py", line 786, in __getattr__
    raise AttributeError(name) from None
AttributeError: PUBLISHED
ERROR 2025-08-02 06:11:24,585 signal 1 281473323581472 Signal handler <bound method DjangoFixup.on_import_modules of <celery.fixups.django.DjangoFixup object at 0xffff9a204350>> raised: AttributeError('PUBLISHED')
Traceback (most recent call last):
  File "/usr/local/lib/python3.11/site-packages/celery/utils/dispatch/signal.py", line 276, in send
    response = receiver(signal=self, sender=sender, **named)
               ^^^^^^^^^^^^^^^^^^^^^^^^^^^^^^^^^^^^^^^^^^^^^
  File "/usr/local/lib/python3.11/site-packages/celery/fixups/django.py", line 97, in on_import_modules
    self.worker_fixup.validate_models()
  File "/usr/local/lib/python3.11/site-packages/celery/fixups/django.py", line 135, in validate_models
    self.django_setup()
  File "/usr/local/lib/python3.11/site-packages/celery/fixups/django.py", line 131, in django_setup
    django.setup()
  File "/usr/local/lib/python3.11/site-packages/django/__init__.py", line 24, in setup
    apps.populate(settings.INSTALLED_APPS)
  File "/usr/local/lib/python3.11/site-packages/django/apps/registry.py", line 116, in populate
    app_config.import_models()
  File "/usr/local/lib/python3.11/site-packages/django/apps/config.py", line 269, in import_models
    self.models_module = import_module(models_module_name)
                         ^^^^^^^^^^^^^^^^^^^^^^^^^^^^^^^^^
  File "/usr/local/lib/python3.11/importlib/__init__.py", line 126, in import_module
    return _bootstrap._gcd_import(name[level:], package, level)
           ^^^^^^^^^^^^^^^^^^^^^^^^^^^^^^^^^^^^^^^^^^^^^^^^^^^^
  File "<frozen importlib._bootstrap>", line 1204, in _gcd_import
  File "<frozen importlib._bootstrap>", line 1176, in _find_and_load
  File "<frozen importlib._bootstrap>", line 1147, in _find_and_load_unlocked
  File "<frozen importlib._bootstrap>", line 690, in _load_unlocked
  File "<frozen importlib._bootstrap_external>", line 940, in exec_module
  File "<frozen importlib._bootstrap>", line 241, in _call_with_frames_removed
  File "/app/restaurants/models.py", line 998, in <module>
    class RestaurantReview(BaseModel):
  File "/app/restaurants/models.py", line 1017, in RestaurantReview
    default=ReviewStatus.PUBLISHED,
            ^^^^^^^^^^^^^^^^^^^^^^
  File "/usr/local/lib/python3.11/enum.py", line 786, in __getattr__
    raise AttributeError(name) from None
AttributeError: PUBLISHED
ERROR 2025-08-02 06:11:24,596 signal 1 281473323581472 Signal handler <promise@0xffff9a32e670 --> <bound method Celery._autodiscover_tasks of <Celery portfolio_project at 0xffff9a32a0d0>>> raised: AttributeError('PUBLISHED')
Traceback (most recent call last):
  File "/usr/local/lib/python3.11/site-packages/celery/utils/dispatch/signal.py", line 276, in send
    response = receiver(signal=self, sender=sender, **named)
               ^^^^^^^^^^^^^^^^^^^^^^^^^^^^^^^^^^^^^^^^^^^^^
  File "/usr/local/lib/python3.11/site-packages/vine/promises.py", line 161, in __call__
    return self.throw()
           ^^^^^^^^^^^^
  File "/usr/local/lib/python3.11/site-packages/vine/promises.py", line 158, in __call__
    retval = fun(*final_args, **final_kwargs)
             ^^^^^^^^^^^^^^^^^^^^^^^^^^^^^^^^
  File "/usr/local/lib/python3.11/site-packages/celery/app/base.py", line 691, in _autodiscover_tasks
    return self._autodiscover_tasks_from_fixups(related_name)
           ^^^^^^^^^^^^^^^^^^^^^^^^^^^^^^^^^^^^^^^^^^^^^^^^^^
  File "/usr/local/lib/python3.11/site-packages/celery/app/base.py", line 700, in _autodiscover_tasks_from_fixups
    return self._autodiscover_tasks_from_names([
           ^^^^^^^^^^^^^^^^^^^^^^^^^^^^^^^^^^^^^
  File "/usr/local/lib/python3.11/site-packages/celery/app/base.py", line 695, in _autodiscover_tasks_from_names
    return self.loader.autodiscover_tasks(
           ^^^^^^^^^^^^^^^^^^^^^^^^^^^^^^^
  File "/usr/local/lib/python3.11/site-packages/celery/loaders/base.py", line 220, in autodiscover_tasks
    mod.__name__ for mod in autodiscover_tasks(packages or (),
                            ^^^^^^^^^^^^^^^^^^^^^^^^^^^^^^^^^^
  File "/usr/local/lib/python3.11/site-packages/celery/loaders/base.py", line 246, in autodiscover_tasks
    return [find_related_module(pkg, related_name) for pkg in packages]
           ^^^^^^^^^^^^^^^^^^^^^^^^^^^^^^^^^^^^^^^^^^^^^^^^^^^^^^^^^^^^
  File "/usr/local/lib/python3.11/site-packages/celery/loaders/base.py", line 246, in <listcomp>
    return [find_related_module(pkg, related_name) for pkg in packages]
            ^^^^^^^^^^^^^^^^^^^^^^^^^^^^^^^^^^^^^^
  File "/usr/local/lib/python3.11/site-packages/celery/loaders/base.py", line 267, in find_related_module
    return importlib.import_module(module_name)
           ^^^^^^^^^^^^^^^^^^^^^^^^^^^^^^^^^^^^
  File "/usr/local/lib/python3.11/importlib/__init__.py", line 126, in import_module
    return _bootstrap._gcd_import(name[level:], package, level)
           ^^^^^^^^^^^^^^^^^^^^^^^^^^^^^^^^^^^^^^^^^^^^^^^^^^^^
  File "<frozen importlib._bootstrap>", line 1204, in _gcd_import
  File "<frozen importlib._bootstrap>", line 1176, in _find_and_load
  File "<frozen importlib._bootstrap>", line 1147, in _find_and_load_unlocked
  File "<frozen importlib._bootstrap>", line 690, in _load_unlocked
  File "<frozen importlib._bootstrap_external>", line 940, in exec_module
  File "<frozen importlib._bootstrap>", line 241, in _call_with_frames_removed
  File "/app/restaurants/tasks.py", line 19, in <module>
    from .models import Restaurant, RestaurantImage
  File "/app/restaurants/models.py", line 998, in <module>
    class RestaurantReview(BaseModel):
  File "/app/restaurants/models.py", line 1017, in RestaurantReview
    default=ReviewStatus.PUBLISHED,
            ^^^^^^^^^^^^^^^^^^^^^^
  File "/usr/local/lib/python3.11/enum.py", line 786, in __getattr__
    raise AttributeError(name) from None
AttributeError: PUBLISHED
ERROR 2025-08-02 06:11:50,918 signal 1 281473226833952 Signal handler <bound method DjangoFixup.on_import_modules of <celery.fixups.django.DjangoFixup object at 0xffff945a3950>> raised: AttributeError('PUBLISHED')
Traceback (most recent call last):
  File "/usr/local/lib/python3.11/site-packages/celery/utils/dispatch/signal.py", line 276, in send
    response = receiver(signal=self, sender=sender, **named)
               ^^^^^^^^^^^^^^^^^^^^^^^^^^^^^^^^^^^^^^^^^^^^^
  File "/usr/local/lib/python3.11/site-packages/celery/fixups/django.py", line 97, in on_import_modules
    self.worker_fixup.validate_models()
  File "/usr/local/lib/python3.11/site-packages/celery/fixups/django.py", line 135, in validate_models
    self.django_setup()
  File "/usr/local/lib/python3.11/site-packages/celery/fixups/django.py", line 131, in django_setup
    django.setup()
  File "/usr/local/lib/python3.11/site-packages/django/__init__.py", line 24, in setup
    apps.populate(settings.INSTALLED_APPS)
  File "/usr/local/lib/python3.11/site-packages/django/apps/registry.py", line 116, in populate
    app_config.import_models()
  File "/usr/local/lib/python3.11/site-packages/django/apps/config.py", line 269, in import_models
    self.models_module = import_module(models_module_name)
                         ^^^^^^^^^^^^^^^^^^^^^^^^^^^^^^^^^
  File "/usr/local/lib/python3.11/importlib/__init__.py", line 126, in import_module
    return _bootstrap._gcd_import(name[level:], package, level)
           ^^^^^^^^^^^^^^^^^^^^^^^^^^^^^^^^^^^^^^^^^^^^^^^^^^^^
  File "<frozen importlib._bootstrap>", line 1204, in _gcd_import
  File "<frozen importlib._bootstrap>", line 1176, in _find_and_load
  File "<frozen importlib._bootstrap>", line 1147, in _find_and_load_unlocked
  File "<frozen importlib._bootstrap>", line 690, in _load_unlocked
  File "<frozen importlib._bootstrap_external>", line 940, in exec_module
  File "<frozen importlib._bootstrap>", line 241, in _call_with_frames_removed
  File "/app/restaurants/models.py", line 998, in <module>
    class RestaurantReview(BaseModel):
  File "/app/restaurants/models.py", line 1017, in RestaurantReview
    default=ReviewStatus.PUBLISHED,
            ^^^^^^^^^^^^^^^^^^^^^^
  File "/usr/local/lib/python3.11/enum.py", line 786, in __getattr__
    raise AttributeError(name) from None
AttributeError: PUBLISHED
ERROR 2025-08-02 06:11:50,927 signal 1 281473226833952 Signal handler <promise@0xffff9469a670 --> <bound method Celery._autodiscover_tasks of <Celery portfolio_project at 0xffff946a16d0>>> raised: AttributeError('PUBLISHED')
Traceback (most recent call last):
  File "/usr/local/lib/python3.11/site-packages/celery/utils/dispatch/signal.py", line 276, in send
    response = receiver(signal=self, sender=sender, **named)
               ^^^^^^^^^^^^^^^^^^^^^^^^^^^^^^^^^^^^^^^^^^^^^
  File "/usr/local/lib/python3.11/site-packages/vine/promises.py", line 161, in __call__
    return self.throw()
           ^^^^^^^^^^^^
  File "/usr/local/lib/python3.11/site-packages/vine/promises.py", line 158, in __call__
    retval = fun(*final_args, **final_kwargs)
             ^^^^^^^^^^^^^^^^^^^^^^^^^^^^^^^^
  File "/usr/local/lib/python3.11/site-packages/celery/app/base.py", line 691, in _autodiscover_tasks
    return self._autodiscover_tasks_from_fixups(related_name)
           ^^^^^^^^^^^^^^^^^^^^^^^^^^^^^^^^^^^^^^^^^^^^^^^^^^
  File "/usr/local/lib/python3.11/site-packages/celery/app/base.py", line 700, in _autodiscover_tasks_from_fixups
    return self._autodiscover_tasks_from_names([
           ^^^^^^^^^^^^^^^^^^^^^^^^^^^^^^^^^^^^^
  File "/usr/local/lib/python3.11/site-packages/celery/app/base.py", line 695, in _autodiscover_tasks_from_names
    return self.loader.autodiscover_tasks(
           ^^^^^^^^^^^^^^^^^^^^^^^^^^^^^^^
  File "/usr/local/lib/python3.11/site-packages/celery/loaders/base.py", line 220, in autodiscover_tasks
    mod.__name__ for mod in autodiscover_tasks(packages or (),
                            ^^^^^^^^^^^^^^^^^^^^^^^^^^^^^^^^^^
  File "/usr/local/lib/python3.11/site-packages/celery/loaders/base.py", line 246, in autodiscover_tasks
    return [find_related_module(pkg, related_name) for pkg in packages]
           ^^^^^^^^^^^^^^^^^^^^^^^^^^^^^^^^^^^^^^^^^^^^^^^^^^^^^^^^^^^^
  File "/usr/local/lib/python3.11/site-packages/celery/loaders/base.py", line 246, in <listcomp>
    return [find_related_module(pkg, related_name) for pkg in packages]
            ^^^^^^^^^^^^^^^^^^^^^^^^^^^^^^^^^^^^^^
  File "/usr/local/lib/python3.11/site-packages/celery/loaders/base.py", line 267, in find_related_module
    return importlib.import_module(module_name)
           ^^^^^^^^^^^^^^^^^^^^^^^^^^^^^^^^^^^^
  File "/usr/local/lib/python3.11/importlib/__init__.py", line 126, in import_module
    return _bootstrap._gcd_import(name[level:], package, level)
           ^^^^^^^^^^^^^^^^^^^^^^^^^^^^^^^^^^^^^^^^^^^^^^^^^^^^
  File "<frozen importlib._bootstrap>", line 1204, in _gcd_import
  File "<frozen importlib._bootstrap>", line 1176, in _find_and_load
  File "<frozen importlib._bootstrap>", line 1147, in _find_and_load_unlocked
  File "<frozen importlib._bootstrap>", line 690, in _load_unlocked
  File "<frozen importlib._bootstrap_external>", line 940, in exec_module
  File "<frozen importlib._bootstrap>", line 241, in _call_with_frames_removed
  File "/app/restaurants/tasks.py", line 19, in <module>
    from .models import Restaurant, RestaurantImage
  File "/app/restaurants/models.py", line 998, in <module>
    class RestaurantReview(BaseModel):
  File "/app/restaurants/models.py", line 1017, in RestaurantReview
    default=ReviewStatus.PUBLISHED,
            ^^^^^^^^^^^^^^^^^^^^^^
  File "/usr/local/lib/python3.11/enum.py", line 786, in __getattr__
    raise AttributeError(name) from None
AttributeError: PUBLISHED
ERROR 2025-08-02 06:11:50,978 signal 1 281473020461088 Signal handler <bound method DjangoFixup.on_import_modules of <celery.fixups.django.DjangoFixup object at 0xffff880d4550>> raised: AttributeError('PUBLISHED')
Traceback (most recent call last):
  File "/usr/local/lib/python3.11/site-packages/celery/utils/dispatch/signal.py", line 276, in send
    response = receiver(signal=self, sender=sender, **named)
               ^^^^^^^^^^^^^^^^^^^^^^^^^^^^^^^^^^^^^^^^^^^^^
  File "/usr/local/lib/python3.11/site-packages/celery/fixups/django.py", line 97, in on_import_modules
    self.worker_fixup.validate_models()
  File "/usr/local/lib/python3.11/site-packages/celery/fixups/django.py", line 135, in validate_models
    self.django_setup()
  File "/usr/local/lib/python3.11/site-packages/celery/fixups/django.py", line 131, in django_setup
    django.setup()
  File "/usr/local/lib/python3.11/site-packages/django/__init__.py", line 24, in setup
    apps.populate(settings.INSTALLED_APPS)
  File "/usr/local/lib/python3.11/site-packages/django/apps/registry.py", line 116, in populate
    app_config.import_models()
  File "/usr/local/lib/python3.11/site-packages/django/apps/config.py", line 269, in import_models
    self.models_module = import_module(models_module_name)
                         ^^^^^^^^^^^^^^^^^^^^^^^^^^^^^^^^^
  File "/usr/local/lib/python3.11/importlib/__init__.py", line 126, in import_module
    return _bootstrap._gcd_import(name[level:], package, level)
           ^^^^^^^^^^^^^^^^^^^^^^^^^^^^^^^^^^^^^^^^^^^^^^^^^^^^
  File "<frozen importlib._bootstrap>", line 1204, in _gcd_import
  File "<frozen importlib._bootstrap>", line 1176, in _find_and_load
  File "<frozen importlib._bootstrap>", line 1147, in _find_and_load_unlocked
  File "<frozen importlib._bootstrap>", line 690, in _load_unlocked
  File "<frozen importlib._bootstrap_external>", line 940, in exec_module
  File "<frozen importlib._bootstrap>", line 241, in _call_with_frames_removed
  File "/app/restaurants/models.py", line 998, in <module>
    class RestaurantReview(BaseModel):
  File "/app/restaurants/models.py", line 1017, in RestaurantReview
    default=ReviewStatus.PUBLISHED,
            ^^^^^^^^^^^^^^^^^^^^^^
  File "/usr/local/lib/python3.11/enum.py", line 786, in __getattr__
    raise AttributeError(name) from None
AttributeError: PUBLISHED
ERROR 2025-08-02 06:11:50,989 signal 1 281473020461088 Signal handler <promise@0xffff881fe670 --> <bound method Celery._autodiscover_tasks of <Celery portfolio_project at 0xffff881fa290>>> raised: AttributeError('PUBLISHED')
Traceback (most recent call last):
  File "/usr/local/lib/python3.11/site-packages/celery/utils/dispatch/signal.py", line 276, in send
    response = receiver(signal=self, sender=sender, **named)
               ^^^^^^^^^^^^^^^^^^^^^^^^^^^^^^^^^^^^^^^^^^^^^
  File "/usr/local/lib/python3.11/site-packages/vine/promises.py", line 161, in __call__
    return self.throw()
           ^^^^^^^^^^^^
  File "/usr/local/lib/python3.11/site-packages/vine/promises.py", line 158, in __call__
    retval = fun(*final_args, **final_kwargs)
             ^^^^^^^^^^^^^^^^^^^^^^^^^^^^^^^^
  File "/usr/local/lib/python3.11/site-packages/celery/app/base.py", line 691, in _autodiscover_tasks
    return self._autodiscover_tasks_from_fixups(related_name)
           ^^^^^^^^^^^^^^^^^^^^^^^^^^^^^^^^^^^^^^^^^^^^^^^^^^
  File "/usr/local/lib/python3.11/site-packages/celery/app/base.py", line 700, in _autodiscover_tasks_from_fixups
    return self._autodiscover_tasks_from_names([
           ^^^^^^^^^^^^^^^^^^^^^^^^^^^^^^^^^^^^^
  File "/usr/local/lib/python3.11/site-packages/celery/app/base.py", line 695, in _autodiscover_tasks_from_names
    return self.loader.autodiscover_tasks(
           ^^^^^^^^^^^^^^^^^^^^^^^^^^^^^^^
  File "/usr/local/lib/python3.11/site-packages/celery/loaders/base.py", line 220, in autodiscover_tasks
    mod.__name__ for mod in autodiscover_tasks(packages or (),
                            ^^^^^^^^^^^^^^^^^^^^^^^^^^^^^^^^^^
  File "/usr/local/lib/python3.11/site-packages/celery/loaders/base.py", line 246, in autodiscover_tasks
    return [find_related_module(pkg, related_name) for pkg in packages]
           ^^^^^^^^^^^^^^^^^^^^^^^^^^^^^^^^^^^^^^^^^^^^^^^^^^^^^^^^^^^^
  File "/usr/local/lib/python3.11/site-packages/celery/loaders/base.py", line 246, in <listcomp>
    return [find_related_module(pkg, related_name) for pkg in packages]
            ^^^^^^^^^^^^^^^^^^^^^^^^^^^^^^^^^^^^^^
  File "/usr/local/lib/python3.11/site-packages/celery/loaders/base.py", line 267, in find_related_module
    return importlib.import_module(module_name)
           ^^^^^^^^^^^^^^^^^^^^^^^^^^^^^^^^^^^^
  File "/usr/local/lib/python3.11/importlib/__init__.py", line 126, in import_module
    return _bootstrap._gcd_import(name[level:], package, level)
           ^^^^^^^^^^^^^^^^^^^^^^^^^^^^^^^^^^^^^^^^^^^^^^^^^^^^
  File "<frozen importlib._bootstrap>", line 1204, in _gcd_import
  File "<frozen importlib._bootstrap>", line 1176, in _find_and_load
  File "<frozen importlib._bootstrap>", line 1147, in _find_and_load_unlocked
  File "<frozen importlib._bootstrap>", line 690, in _load_unlocked
  File "<frozen importlib._bootstrap_external>", line 940, in exec_module
  File "<frozen importlib._bootstrap>", line 241, in _call_with_frames_removed
  File "/app/restaurants/tasks.py", line 19, in <module>
    from .models import Restaurant, RestaurantImage
  File "/app/restaurants/models.py", line 998, in <module>
    class RestaurantReview(BaseModel):
  File "/app/restaurants/models.py", line 1017, in RestaurantReview
    default=ReviewStatus.PUBLISHED,
            ^^^^^^^^^^^^^^^^^^^^^^
  File "/usr/local/lib/python3.11/enum.py", line 786, in __getattr__
    raise AttributeError(name) from None
AttributeError: PUBLISHED
ERROR 2025-08-02 06:12:42,922 signal 1 281473018667040 Signal handler <bound method DjangoFixup.on_import_modules of <celery.fixups.django.DjangoFixup object at 0xffff87f30650>> raised: AttributeError('PUBLISHED')
Traceback (most recent call last):
  File "/usr/local/lib/python3.11/site-packages/celery/utils/dispatch/signal.py", line 276, in send
    response = receiver(signal=self, sender=sender, **named)
               ^^^^^^^^^^^^^^^^^^^^^^^^^^^^^^^^^^^^^^^^^^^^^
  File "/usr/local/lib/python3.11/site-packages/celery/fixups/django.py", line 97, in on_import_modules
    self.worker_fixup.validate_models()
  File "/usr/local/lib/python3.11/site-packages/celery/fixups/django.py", line 135, in validate_models
    self.django_setup()
  File "/usr/local/lib/python3.11/site-packages/celery/fixups/django.py", line 131, in django_setup
    django.setup()
  File "/usr/local/lib/python3.11/site-packages/django/__init__.py", line 24, in setup
    apps.populate(settings.INSTALLED_APPS)
  File "/usr/local/lib/python3.11/site-packages/django/apps/registry.py", line 116, in populate
    app_config.import_models()
  File "/usr/local/lib/python3.11/site-packages/django/apps/config.py", line 269, in import_models
    self.models_module = import_module(models_module_name)
                         ^^^^^^^^^^^^^^^^^^^^^^^^^^^^^^^^^
  File "/usr/local/lib/python3.11/importlib/__init__.py", line 126, in import_module
    return _bootstrap._gcd_import(name[level:], package, level)
           ^^^^^^^^^^^^^^^^^^^^^^^^^^^^^^^^^^^^^^^^^^^^^^^^^^^^
  File "<frozen importlib._bootstrap>", line 1204, in _gcd_import
  File "<frozen importlib._bootstrap>", line 1176, in _find_and_load
  File "<frozen importlib._bootstrap>", line 1147, in _find_and_load_unlocked
  File "<frozen importlib._bootstrap>", line 690, in _load_unlocked
  File "<frozen importlib._bootstrap_external>", line 940, in exec_module
  File "<frozen importlib._bootstrap>", line 241, in _call_with_frames_removed
  File "/app/restaurants/models.py", line 998, in <module>
    class RestaurantReview(BaseModel):
  File "/app/restaurants/models.py", line 1017, in RestaurantReview
    default=ReviewStatus.PUBLISHED,
            ^^^^^^^^^^^^^^^^^^^^^^
  File "/usr/local/lib/python3.11/enum.py", line 786, in __getattr__
    raise AttributeError(name) from None
AttributeError: PUBLISHED
ERROR 2025-08-02 06:12:42,932 signal 1 281473018667040 Signal handler <promise@0xffff88016670 --> <bound method Celery._autodiscover_tasks of <Celery portfolio_project at 0xffff8800a450>>> raised: AttributeError('PUBLISHED')
Traceback (most recent call last):
  File "/usr/local/lib/python3.11/site-packages/celery/utils/dispatch/signal.py", line 276, in send
    response = receiver(signal=self, sender=sender, **named)
               ^^^^^^^^^^^^^^^^^^^^^^^^^^^^^^^^^^^^^^^^^^^^^
  File "/usr/local/lib/python3.11/site-packages/vine/promises.py", line 161, in __call__
    return self.throw()
           ^^^^^^^^^^^^
  File "/usr/local/lib/python3.11/site-packages/vine/promises.py", line 158, in __call__
    retval = fun(*final_args, **final_kwargs)
             ^^^^^^^^^^^^^^^^^^^^^^^^^^^^^^^^
  File "/usr/local/lib/python3.11/site-packages/celery/app/base.py", line 691, in _autodiscover_tasks
    return self._autodiscover_tasks_from_fixups(related_name)
           ^^^^^^^^^^^^^^^^^^^^^^^^^^^^^^^^^^^^^^^^^^^^^^^^^^
  File "/usr/local/lib/python3.11/site-packages/celery/app/base.py", line 700, in _autodiscover_tasks_from_fixups
    return self._autodiscover_tasks_from_names([
           ^^^^^^^^^^^^^^^^^^^^^^^^^^^^^^^^^^^^^
  File "/usr/local/lib/python3.11/site-packages/celery/app/base.py", line 695, in _autodiscover_tasks_from_names
    return self.loader.autodiscover_tasks(
           ^^^^^^^^^^^^^^^^^^^^^^^^^^^^^^^
  File "/usr/local/lib/python3.11/site-packages/celery/loaders/base.py", line 220, in autodiscover_tasks
    mod.__name__ for mod in autodiscover_tasks(packages or (),
                            ^^^^^^^^^^^^^^^^^^^^^^^^^^^^^^^^^^
  File "/usr/local/lib/python3.11/site-packages/celery/loaders/base.py", line 246, in autodiscover_tasks
    return [find_related_module(pkg, related_name) for pkg in packages]
           ^^^^^^^^^^^^^^^^^^^^^^^^^^^^^^^^^^^^^^^^^^^^^^^^^^^^^^^^^^^^
  File "/usr/local/lib/python3.11/site-packages/celery/loaders/base.py", line 246, in <listcomp>
    return [find_related_module(pkg, related_name) for pkg in packages]
            ^^^^^^^^^^^^^^^^^^^^^^^^^^^^^^^^^^^^^^
  File "/usr/local/lib/python3.11/site-packages/celery/loaders/base.py", line 267, in find_related_module
    return importlib.import_module(module_name)
           ^^^^^^^^^^^^^^^^^^^^^^^^^^^^^^^^^^^^
  File "/usr/local/lib/python3.11/importlib/__init__.py", line 126, in import_module
    return _bootstrap._gcd_import(name[level:], package, level)
           ^^^^^^^^^^^^^^^^^^^^^^^^^^^^^^^^^^^^^^^^^^^^^^^^^^^^
  File "<frozen importlib._bootstrap>", line 1204, in _gcd_import
  File "<frozen importlib._bootstrap>", line 1176, in _find_and_load
  File "<frozen importlib._bootstrap>", line 1147, in _find_and_load_unlocked
  File "<frozen importlib._bootstrap>", line 690, in _load_unlocked
  File "<frozen importlib._bootstrap_external>", line 940, in exec_module
  File "<frozen importlib._bootstrap>", line 241, in _call_with_frames_removed
  File "/app/restaurants/tasks.py", line 19, in <module>
    from .models import Restaurant, RestaurantImage
  File "/app/restaurants/models.py", line 998, in <module>
    class RestaurantReview(BaseModel):
  File "/app/restaurants/models.py", line 1017, in RestaurantReview
    default=ReviewStatus.PUBLISHED,
            ^^^^^^^^^^^^^^^^^^^^^^
  File "/usr/local/lib/python3.11/enum.py", line 786, in __getattr__
    raise AttributeError(name) from None
AttributeError: PUBLISHED
ERROR 2025-08-02 06:12:43,003 signal 1 281473827696672 Signal handler <bound method DjangoFixup.on_import_modules of <celery.fixups.django.DjangoFixup object at 0xffffb83c7f10>> raised: AttributeError('PUBLISHED')
Traceback (most recent call last):
  File "/usr/local/lib/python3.11/site-packages/celery/utils/dispatch/signal.py", line 276, in send
    response = receiver(signal=self, sender=sender, **named)
               ^^^^^^^^^^^^^^^^^^^^^^^^^^^^^^^^^^^^^^^^^^^^^
  File "/usr/local/lib/python3.11/site-packages/celery/fixups/django.py", line 97, in on_import_modules
    self.worker_fixup.validate_models()
  File "/usr/local/lib/python3.11/site-packages/celery/fixups/django.py", line 135, in validate_models
    self.django_setup()
  File "/usr/local/lib/python3.11/site-packages/celery/fixups/django.py", line 131, in django_setup
    django.setup()
  File "/usr/local/lib/python3.11/site-packages/django/__init__.py", line 24, in setup
    apps.populate(settings.INSTALLED_APPS)
  File "/usr/local/lib/python3.11/site-packages/django/apps/registry.py", line 116, in populate
    app_config.import_models()
  File "/usr/local/lib/python3.11/site-packages/django/apps/config.py", line 269, in import_models
    self.models_module = import_module(models_module_name)
                         ^^^^^^^^^^^^^^^^^^^^^^^^^^^^^^^^^
  File "/usr/local/lib/python3.11/importlib/__init__.py", line 126, in import_module
    return _bootstrap._gcd_import(name[level:], package, level)
           ^^^^^^^^^^^^^^^^^^^^^^^^^^^^^^^^^^^^^^^^^^^^^^^^^^^^
  File "<frozen importlib._bootstrap>", line 1204, in _gcd_import
  File "<frozen importlib._bootstrap>", line 1176, in _find_and_load
  File "<frozen importlib._bootstrap>", line 1147, in _find_and_load_unlocked
  File "<frozen importlib._bootstrap>", line 690, in _load_unlocked
  File "<frozen importlib._bootstrap_external>", line 940, in exec_module
  File "<frozen importlib._bootstrap>", line 241, in _call_with_frames_removed
  File "/app/restaurants/models.py", line 998, in <module>
    class RestaurantReview(BaseModel):
  File "/app/restaurants/models.py", line 1017, in RestaurantReview
    default=ReviewStatus.PUBLISHED,
            ^^^^^^^^^^^^^^^^^^^^^^
  File "/usr/local/lib/python3.11/enum.py", line 786, in __getattr__
    raise AttributeError(name) from None
AttributeError: PUBLISHED
ERROR 2025-08-02 06:12:43,014 signal 1 281473827696672 Signal handler <promise@0xffffb83ba670 --> <bound method Celery._autodiscover_tasks of <Celery portfolio_project at 0xffffb8395e90>>> raised: AttributeError('PUBLISHED')
Traceback (most recent call last):
  File "/usr/local/lib/python3.11/site-packages/celery/utils/dispatch/signal.py", line 276, in send
    response = receiver(signal=self, sender=sender, **named)
               ^^^^^^^^^^^^^^^^^^^^^^^^^^^^^^^^^^^^^^^^^^^^^
  File "/usr/local/lib/python3.11/site-packages/vine/promises.py", line 161, in __call__
    return self.throw()
           ^^^^^^^^^^^^
  File "/usr/local/lib/python3.11/site-packages/vine/promises.py", line 158, in __call__
    retval = fun(*final_args, **final_kwargs)
             ^^^^^^^^^^^^^^^^^^^^^^^^^^^^^^^^
  File "/usr/local/lib/python3.11/site-packages/celery/app/base.py", line 691, in _autodiscover_tasks
    return self._autodiscover_tasks_from_fixups(related_name)
           ^^^^^^^^^^^^^^^^^^^^^^^^^^^^^^^^^^^^^^^^^^^^^^^^^^
  File "/usr/local/lib/python3.11/site-packages/celery/app/base.py", line 700, in _autodiscover_tasks_from_fixups
    return self._autodiscover_tasks_from_names([
           ^^^^^^^^^^^^^^^^^^^^^^^^^^^^^^^^^^^^^
  File "/usr/local/lib/python3.11/site-packages/celery/app/base.py", line 695, in _autodiscover_tasks_from_names
    return self.loader.autodiscover_tasks(
           ^^^^^^^^^^^^^^^^^^^^^^^^^^^^^^^
  File "/usr/local/lib/python3.11/site-packages/celery/loaders/base.py", line 220, in autodiscover_tasks
    mod.__name__ for mod in autodiscover_tasks(packages or (),
                            ^^^^^^^^^^^^^^^^^^^^^^^^^^^^^^^^^^
  File "/usr/local/lib/python3.11/site-packages/celery/loaders/base.py", line 246, in autodiscover_tasks
    return [find_related_module(pkg, related_name) for pkg in packages]
           ^^^^^^^^^^^^^^^^^^^^^^^^^^^^^^^^^^^^^^^^^^^^^^^^^^^^^^^^^^^^
  File "/usr/local/lib/python3.11/site-packages/celery/loaders/base.py", line 246, in <listcomp>
    return [find_related_module(pkg, related_name) for pkg in packages]
            ^^^^^^^^^^^^^^^^^^^^^^^^^^^^^^^^^^^^^^
  File "/usr/local/lib/python3.11/site-packages/celery/loaders/base.py", line 267, in find_related_module
    return importlib.import_module(module_name)
           ^^^^^^^^^^^^^^^^^^^^^^^^^^^^^^^^^^^^
  File "/usr/local/lib/python3.11/importlib/__init__.py", line 126, in import_module
    return _bootstrap._gcd_import(name[level:], package, level)
           ^^^^^^^^^^^^^^^^^^^^^^^^^^^^^^^^^^^^^^^^^^^^^^^^^^^^
  File "<frozen importlib._bootstrap>", line 1204, in _gcd_import
  File "<frozen importlib._bootstrap>", line 1176, in _find_and_load
  File "<frozen importlib._bootstrap>", line 1147, in _find_and_load_unlocked
  File "<frozen importlib._bootstrap>", line 690, in _load_unlocked
  File "<frozen importlib._bootstrap_external>", line 940, in exec_module
  File "<frozen importlib._bootstrap>", line 241, in _call_with_frames_removed
  File "/app/restaurants/tasks.py", line 19, in <module>
    from .models import Restaurant, RestaurantImage
  File "/app/restaurants/models.py", line 998, in <module>
    class RestaurantReview(BaseModel):
  File "/app/restaurants/models.py", line 1017, in RestaurantReview
    default=ReviewStatus.PUBLISHED,
            ^^^^^^^^^^^^^^^^^^^^^^
  File "/usr/local/lib/python3.11/enum.py", line 786, in __getattr__
    raise AttributeError(name) from None
AttributeError: PUBLISHED
ERROR 2025-08-02 06:13:43,749 signal 1 281473314381856 Signal handler <bound method DjangoFixup.on_import_modules of <celery.fixups.django.DjangoFixup object at 0xffff999301d0>> raised: AttributeError('PUBLISHED')
Traceback (most recent call last):
  File "/usr/local/lib/python3.11/site-packages/celery/utils/dispatch/signal.py", line 276, in send
    response = receiver(signal=self, sender=sender, **named)
               ^^^^^^^^^^^^^^^^^^^^^^^^^^^^^^^^^^^^^^^^^^^^^
  File "/usr/local/lib/python3.11/site-packages/celery/fixups/django.py", line 97, in on_import_modules
    self.worker_fixup.validate_models()
  File "/usr/local/lib/python3.11/site-packages/celery/fixups/django.py", line 135, in validate_models
    self.django_setup()
  File "/usr/local/lib/python3.11/site-packages/celery/fixups/django.py", line 131, in django_setup
    django.setup()
  File "/usr/local/lib/python3.11/site-packages/django/__init__.py", line 24, in setup
    apps.populate(settings.INSTALLED_APPS)
  File "/usr/local/lib/python3.11/site-packages/django/apps/registry.py", line 116, in populate
    app_config.import_models()
  File "/usr/local/lib/python3.11/site-packages/django/apps/config.py", line 269, in import_models
    self.models_module = import_module(models_module_name)
                         ^^^^^^^^^^^^^^^^^^^^^^^^^^^^^^^^^
  File "/usr/local/lib/python3.11/importlib/__init__.py", line 126, in import_module
    return _bootstrap._gcd_import(name[level:], package, level)
           ^^^^^^^^^^^^^^^^^^^^^^^^^^^^^^^^^^^^^^^^^^^^^^^^^^^^
  File "<frozen importlib._bootstrap>", line 1204, in _gcd_import
  File "<frozen importlib._bootstrap>", line 1176, in _find_and_load
  File "<frozen importlib._bootstrap>", line 1147, in _find_and_load_unlocked
  File "<frozen importlib._bootstrap>", line 690, in _load_unlocked
  File "<frozen importlib._bootstrap_external>", line 940, in exec_module
  File "<frozen importlib._bootstrap>", line 241, in _call_with_frames_removed
  File "/app/restaurants/models.py", line 998, in <module>
    class RestaurantReview(BaseModel):
  File "/app/restaurants/models.py", line 1017, in RestaurantReview
    default=ReviewStatus.PUBLISHED,
            ^^^^^^^^^^^^^^^^^^^^^^
  File "/usr/local/lib/python3.11/enum.py", line 786, in __getattr__
    raise AttributeError(name) from None
AttributeError: PUBLISHED
ERROR 2025-08-02 06:13:43,759 signal 1 281473314381856 Signal handler <promise@0xffff99a1a670 --> <bound method Celery._autodiscover_tasks of <Celery portfolio_project at 0xffff99a09fd0>>> raised: AttributeError('PUBLISHED')
Traceback (most recent call last):
  File "/usr/local/lib/python3.11/site-packages/celery/utils/dispatch/signal.py", line 276, in send
    response = receiver(signal=self, sender=sender, **named)
               ^^^^^^^^^^^^^^^^^^^^^^^^^^^^^^^^^^^^^^^^^^^^^
  File "/usr/local/lib/python3.11/site-packages/vine/promises.py", line 161, in __call__
    return self.throw()
           ^^^^^^^^^^^^
  File "/usr/local/lib/python3.11/site-packages/vine/promises.py", line 158, in __call__
    retval = fun(*final_args, **final_kwargs)
             ^^^^^^^^^^^^^^^^^^^^^^^^^^^^^^^^
  File "/usr/local/lib/python3.11/site-packages/celery/app/base.py", line 691, in _autodiscover_tasks
    return self._autodiscover_tasks_from_fixups(related_name)
           ^^^^^^^^^^^^^^^^^^^^^^^^^^^^^^^^^^^^^^^^^^^^^^^^^^
  File "/usr/local/lib/python3.11/site-packages/celery/app/base.py", line 700, in _autodiscover_tasks_from_fixups
    return self._autodiscover_tasks_from_names([
           ^^^^^^^^^^^^^^^^^^^^^^^^^^^^^^^^^^^^^
  File "/usr/local/lib/python3.11/site-packages/celery/app/base.py", line 695, in _autodiscover_tasks_from_names
    return self.loader.autodiscover_tasks(
           ^^^^^^^^^^^^^^^^^^^^^^^^^^^^^^^
  File "/usr/local/lib/python3.11/site-packages/celery/loaders/base.py", line 220, in autodiscover_tasks
    mod.__name__ for mod in autodiscover_tasks(packages or (),
                            ^^^^^^^^^^^^^^^^^^^^^^^^^^^^^^^^^^
  File "/usr/local/lib/python3.11/site-packages/celery/loaders/base.py", line 246, in autodiscover_tasks
    return [find_related_module(pkg, related_name) for pkg in packages]
           ^^^^^^^^^^^^^^^^^^^^^^^^^^^^^^^^^^^^^^^^^^^^^^^^^^^^^^^^^^^^
  File "/usr/local/lib/python3.11/site-packages/celery/loaders/base.py", line 246, in <listcomp>
    return [find_related_module(pkg, related_name) for pkg in packages]
            ^^^^^^^^^^^^^^^^^^^^^^^^^^^^^^^^^^^^^^
  File "/usr/local/lib/python3.11/site-packages/celery/loaders/base.py", line 267, in find_related_module
    return importlib.import_module(module_name)
           ^^^^^^^^^^^^^^^^^^^^^^^^^^^^^^^^^^^^
  File "/usr/local/lib/python3.11/importlib/__init__.py", line 126, in import_module
    return _bootstrap._gcd_import(name[level:], package, level)
           ^^^^^^^^^^^^^^^^^^^^^^^^^^^^^^^^^^^^^^^^^^^^^^^^^^^^
  File "<frozen importlib._bootstrap>", line 1204, in _gcd_import
  File "<frozen importlib._bootstrap>", line 1176, in _find_and_load
  File "<frozen importlib._bootstrap>", line 1147, in _find_and_load_unlocked
  File "<frozen importlib._bootstrap>", line 690, in _load_unlocked
  File "<frozen importlib._bootstrap_external>", line 940, in exec_module
  File "<frozen importlib._bootstrap>", line 241, in _call_with_frames_removed
  File "/app/restaurants/tasks.py", line 19, in <module>
    from .models import Restaurant, RestaurantImage
  File "/app/restaurants/models.py", line 998, in <module>
    class RestaurantReview(BaseModel):
  File "/app/restaurants/models.py", line 1017, in RestaurantReview
    default=ReviewStatus.PUBLISHED,
            ^^^^^^^^^^^^^^^^^^^^^^
  File "/usr/local/lib/python3.11/enum.py", line 786, in __getattr__
    raise AttributeError(name) from None
AttributeError: PUBLISHED
ERROR 2025-08-02 06:13:43,797 signal 1 281472911695904 Signal handler <bound method DjangoFixup.on_import_modules of <celery.fixups.django.DjangoFixup object at 0xffff81904310>> raised: AttributeError('PUBLISHED')
Traceback (most recent call last):
  File "/usr/local/lib/python3.11/site-packages/celery/utils/dispatch/signal.py", line 276, in send
    response = receiver(signal=self, sender=sender, **named)
               ^^^^^^^^^^^^^^^^^^^^^^^^^^^^^^^^^^^^^^^^^^^^^
  File "/usr/local/lib/python3.11/site-packages/celery/fixups/django.py", line 97, in on_import_modules
    self.worker_fixup.validate_models()
  File "/usr/local/lib/python3.11/site-packages/celery/fixups/django.py", line 135, in validate_models
    self.django_setup()
  File "/usr/local/lib/python3.11/site-packages/celery/fixups/django.py", line 131, in django_setup
    django.setup()
  File "/usr/local/lib/python3.11/site-packages/django/__init__.py", line 24, in setup
    apps.populate(settings.INSTALLED_APPS)
  File "/usr/local/lib/python3.11/site-packages/django/apps/registry.py", line 116, in populate
    app_config.import_models()
  File "/usr/local/lib/python3.11/site-packages/django/apps/config.py", line 269, in import_models
    self.models_module = import_module(models_module_name)
                         ^^^^^^^^^^^^^^^^^^^^^^^^^^^^^^^^^
  File "/usr/local/lib/python3.11/importlib/__init__.py", line 126, in import_module
    return _bootstrap._gcd_import(name[level:], package, level)
           ^^^^^^^^^^^^^^^^^^^^^^^^^^^^^^^^^^^^^^^^^^^^^^^^^^^^
  File "<frozen importlib._bootstrap>", line 1204, in _gcd_import
  File "<frozen importlib._bootstrap>", line 1176, in _find_and_load
  File "<frozen importlib._bootstrap>", line 1147, in _find_and_load_unlocked
  File "<frozen importlib._bootstrap>", line 690, in _load_unlocked
  File "<frozen importlib._bootstrap_external>", line 940, in exec_module
  File "<frozen importlib._bootstrap>", line 241, in _call_with_frames_removed
  File "/app/restaurants/models.py", line 998, in <module>
    class RestaurantReview(BaseModel):
  File "/app/restaurants/models.py", line 1017, in RestaurantReview
    default=ReviewStatus.PUBLISHED,
            ^^^^^^^^^^^^^^^^^^^^^^
  File "/usr/local/lib/python3.11/enum.py", line 786, in __getattr__
    raise AttributeError(name) from None
AttributeError: PUBLISHED
ERROR 2025-08-02 06:13:43,808 signal 1 281472911695904 Signal handler <promise@0xffff81a2e670 --> <bound method Celery._autodiscover_tasks of <Celery portfolio_project at 0xffff81a2a110>>> raised: AttributeError('PUBLISHED')
Traceback (most recent call last):
  File "/usr/local/lib/python3.11/site-packages/celery/utils/dispatch/signal.py", line 276, in send
    response = receiver(signal=self, sender=sender, **named)
               ^^^^^^^^^^^^^^^^^^^^^^^^^^^^^^^^^^^^^^^^^^^^^
  File "/usr/local/lib/python3.11/site-packages/vine/promises.py", line 161, in __call__
    return self.throw()
           ^^^^^^^^^^^^
  File "/usr/local/lib/python3.11/site-packages/vine/promises.py", line 158, in __call__
    retval = fun(*final_args, **final_kwargs)
             ^^^^^^^^^^^^^^^^^^^^^^^^^^^^^^^^
  File "/usr/local/lib/python3.11/site-packages/celery/app/base.py", line 691, in _autodiscover_tasks
    return self._autodiscover_tasks_from_fixups(related_name)
           ^^^^^^^^^^^^^^^^^^^^^^^^^^^^^^^^^^^^^^^^^^^^^^^^^^
  File "/usr/local/lib/python3.11/site-packages/celery/app/base.py", line 700, in _autodiscover_tasks_from_fixups
    return self._autodiscover_tasks_from_names([
           ^^^^^^^^^^^^^^^^^^^^^^^^^^^^^^^^^^^^^
  File "/usr/local/lib/python3.11/site-packages/celery/app/base.py", line 695, in _autodiscover_tasks_from_names
    return self.loader.autodiscover_tasks(
           ^^^^^^^^^^^^^^^^^^^^^^^^^^^^^^^
  File "/usr/local/lib/python3.11/site-packages/celery/loaders/base.py", line 220, in autodiscover_tasks
    mod.__name__ for mod in autodiscover_tasks(packages or (),
                            ^^^^^^^^^^^^^^^^^^^^^^^^^^^^^^^^^^
  File "/usr/local/lib/python3.11/site-packages/celery/loaders/base.py", line 246, in autodiscover_tasks
    return [find_related_module(pkg, related_name) for pkg in packages]
           ^^^^^^^^^^^^^^^^^^^^^^^^^^^^^^^^^^^^^^^^^^^^^^^^^^^^^^^^^^^^
  File "/usr/local/lib/python3.11/site-packages/celery/loaders/base.py", line 246, in <listcomp>
    return [find_related_module(pkg, related_name) for pkg in packages]
            ^^^^^^^^^^^^^^^^^^^^^^^^^^^^^^^^^^^^^^
  File "/usr/local/lib/python3.11/site-packages/celery/loaders/base.py", line 267, in find_related_module
    return importlib.import_module(module_name)
           ^^^^^^^^^^^^^^^^^^^^^^^^^^^^^^^^^^^^
  File "/usr/local/lib/python3.11/importlib/__init__.py", line 126, in import_module
    return _bootstrap._gcd_import(name[level:], package, level)
           ^^^^^^^^^^^^^^^^^^^^^^^^^^^^^^^^^^^^^^^^^^^^^^^^^^^^
  File "<frozen importlib._bootstrap>", line 1204, in _gcd_import
  File "<frozen importlib._bootstrap>", line 1176, in _find_and_load
  File "<frozen importlib._bootstrap>", line 1147, in _find_and_load_unlocked
  File "<frozen importlib._bootstrap>", line 690, in _load_unlocked
  File "<frozen importlib._bootstrap_external>", line 940, in exec_module
  File "<frozen importlib._bootstrap>", line 241, in _call_with_frames_removed
  File "/app/restaurants/tasks.py", line 19, in <module>
    from .models import Restaurant, RestaurantImage
  File "/app/restaurants/models.py", line 998, in <module>
    class RestaurantReview(BaseModel):
  File "/app/restaurants/models.py", line 1017, in RestaurantReview
    default=ReviewStatus.PUBLISHED,
            ^^^^^^^^^^^^^^^^^^^^^^
  File "/usr/local/lib/python3.11/enum.py", line 786, in __getattr__
    raise AttributeError(name) from None
AttributeError: PUBLISHED
ERROR 2025-08-02 06:14:44,559 signal 1 281473740451872 Signal handler <bound method DjangoFixup.on_import_modules of <celery.fixups.django.DjangoFixup object at 0xffffb2f54310>> raised: AttributeError('PUBLISHED')
Traceback (most recent call last):
  File "/usr/local/lib/python3.11/site-packages/celery/utils/dispatch/signal.py", line 276, in send
    response = receiver(signal=self, sender=sender, **named)
               ^^^^^^^^^^^^^^^^^^^^^^^^^^^^^^^^^^^^^^^^^^^^^
  File "/usr/local/lib/python3.11/site-packages/celery/fixups/django.py", line 97, in on_import_modules
    self.worker_fixup.validate_models()
  File "/usr/local/lib/python3.11/site-packages/celery/fixups/django.py", line 135, in validate_models
    self.django_setup()
  File "/usr/local/lib/python3.11/site-packages/celery/fixups/django.py", line 131, in django_setup
    django.setup()
  File "/usr/local/lib/python3.11/site-packages/django/__init__.py", line 24, in setup
    apps.populate(settings.INSTALLED_APPS)
  File "/usr/local/lib/python3.11/site-packages/django/apps/registry.py", line 116, in populate
    app_config.import_models()
  File "/usr/local/lib/python3.11/site-packages/django/apps/config.py", line 269, in import_models
    self.models_module = import_module(models_module_name)
                         ^^^^^^^^^^^^^^^^^^^^^^^^^^^^^^^^^
  File "/usr/local/lib/python3.11/importlib/__init__.py", line 126, in import_module
    return _bootstrap._gcd_import(name[level:], package, level)
           ^^^^^^^^^^^^^^^^^^^^^^^^^^^^^^^^^^^^^^^^^^^^^^^^^^^^
  File "<frozen importlib._bootstrap>", line 1204, in _gcd_import
  File "<frozen importlib._bootstrap>", line 1176, in _find_and_load
  File "<frozen importlib._bootstrap>", line 1147, in _find_and_load_unlocked
  File "<frozen importlib._bootstrap>", line 690, in _load_unlocked
  File "<frozen importlib._bootstrap_external>", line 940, in exec_module
  File "<frozen importlib._bootstrap>", line 241, in _call_with_frames_removed
  File "/app/restaurants/models.py", line 998, in <module>
    class RestaurantReview(BaseModel):
  File "/app/restaurants/models.py", line 1017, in RestaurantReview
    default=ReviewStatus.PUBLISHED,
            ^^^^^^^^^^^^^^^^^^^^^^
  File "/usr/local/lib/python3.11/enum.py", line 786, in __getattr__
    raise AttributeError(name) from None
AttributeError: PUBLISHED
ERROR 2025-08-02 06:14:44,559 signal 1 281473011687456 Signal handler <bound method DjangoFixup.on_import_modules of <celery.fixups.django.DjangoFixup object at 0xffff878906d0>> raised: AttributeError('PUBLISHED')
Traceback (most recent call last):
  File "/usr/local/lib/python3.11/site-packages/celery/utils/dispatch/signal.py", line 276, in send
    response = receiver(signal=self, sender=sender, **named)
               ^^^^^^^^^^^^^^^^^^^^^^^^^^^^^^^^^^^^^^^^^^^^^
  File "/usr/local/lib/python3.11/site-packages/celery/fixups/django.py", line 97, in on_import_modules
    self.worker_fixup.validate_models()
  File "/usr/local/lib/python3.11/site-packages/celery/fixups/django.py", line 135, in validate_models
    self.django_setup()
  File "/usr/local/lib/python3.11/site-packages/celery/fixups/django.py", line 131, in django_setup
    django.setup()
  File "/usr/local/lib/python3.11/site-packages/django/__init__.py", line 24, in setup
    apps.populate(settings.INSTALLED_APPS)
  File "/usr/local/lib/python3.11/site-packages/django/apps/registry.py", line 116, in populate
    app_config.import_models()
  File "/usr/local/lib/python3.11/site-packages/django/apps/config.py", line 269, in import_models
    self.models_module = import_module(models_module_name)
                         ^^^^^^^^^^^^^^^^^^^^^^^^^^^^^^^^^
  File "/usr/local/lib/python3.11/importlib/__init__.py", line 126, in import_module
    return _bootstrap._gcd_import(name[level:], package, level)
           ^^^^^^^^^^^^^^^^^^^^^^^^^^^^^^^^^^^^^^^^^^^^^^^^^^^^
  File "<frozen importlib._bootstrap>", line 1204, in _gcd_import
  File "<frozen importlib._bootstrap>", line 1176, in _find_and_load
  File "<frozen importlib._bootstrap>", line 1147, in _find_and_load_unlocked
  File "<frozen importlib._bootstrap>", line 690, in _load_unlocked
  File "<frozen importlib._bootstrap_external>", line 940, in exec_module
  File "<frozen importlib._bootstrap>", line 241, in _call_with_frames_removed
  File "/app/restaurants/models.py", line 998, in <module>
    class RestaurantReview(BaseModel):
  File "/app/restaurants/models.py", line 1017, in RestaurantReview
    default=ReviewStatus.PUBLISHED,
            ^^^^^^^^^^^^^^^^^^^^^^
  File "/usr/local/lib/python3.11/enum.py", line 786, in __getattr__
    raise AttributeError(name) from None
AttributeError: PUBLISHED
ERROR 2025-08-02 06:14:44,569 signal 1 281473740451872 Signal handler <promise@0xffffb307e670 --> <bound method Celery._autodiscover_tasks of <Celery portfolio_project at 0xffffb307a090>>> raised: AttributeError('PUBLISHED')
Traceback (most recent call last):
  File "/usr/local/lib/python3.11/site-packages/celery/utils/dispatch/signal.py", line 276, in send
    response = receiver(signal=self, sender=sender, **named)
               ^^^^^^^^^^^^^^^^^^^^^^^^^^^^^^^^^^^^^^^^^^^^^
  File "/usr/local/lib/python3.11/site-packages/vine/promises.py", line 161, in __call__
    return self.throw()
           ^^^^^^^^^^^^
  File "/usr/local/lib/python3.11/site-packages/vine/promises.py", line 158, in __call__
    retval = fun(*final_args, **final_kwargs)
             ^^^^^^^^^^^^^^^^^^^^^^^^^^^^^^^^
  File "/usr/local/lib/python3.11/site-packages/celery/app/base.py", line 691, in _autodiscover_tasks
    return self._autodiscover_tasks_from_fixups(related_name)
           ^^^^^^^^^^^^^^^^^^^^^^^^^^^^^^^^^^^^^^^^^^^^^^^^^^
  File "/usr/local/lib/python3.11/site-packages/celery/app/base.py", line 700, in _autodiscover_tasks_from_fixups
    return self._autodiscover_tasks_from_names([
           ^^^^^^^^^^^^^^^^^^^^^^^^^^^^^^^^^^^^^
  File "/usr/local/lib/python3.11/site-packages/celery/app/base.py", line 695, in _autodiscover_tasks_from_names
    return self.loader.autodiscover_tasks(
           ^^^^^^^^^^^^^^^^^^^^^^^^^^^^^^^
  File "/usr/local/lib/python3.11/site-packages/celery/loaders/base.py", line 220, in autodiscover_tasks
    mod.__name__ for mod in autodiscover_tasks(packages or (),
                            ^^^^^^^^^^^^^^^^^^^^^^^^^^^^^^^^^^
  File "/usr/local/lib/python3.11/site-packages/celery/loaders/base.py", line 246, in autodiscover_tasks
    return [find_related_module(pkg, related_name) for pkg in packages]
           ^^^^^^^^^^^^^^^^^^^^^^^^^^^^^^^^^^^^^^^^^^^^^^^^^^^^^^^^^^^^
  File "/usr/local/lib/python3.11/site-packages/celery/loaders/base.py", line 246, in <listcomp>
    return [find_related_module(pkg, related_name) for pkg in packages]
            ^^^^^^^^^^^^^^^^^^^^^^^^^^^^^^^^^^^^^^
  File "/usr/local/lib/python3.11/site-packages/celery/loaders/base.py", line 267, in find_related_module
    return importlib.import_module(module_name)
           ^^^^^^^^^^^^^^^^^^^^^^^^^^^^^^^^^^^^
  File "/usr/local/lib/python3.11/importlib/__init__.py", line 126, in import_module
    return _bootstrap._gcd_import(name[level:], package, level)
           ^^^^^^^^^^^^^^^^^^^^^^^^^^^^^^^^^^^^^^^^^^^^^^^^^^^^
  File "<frozen importlib._bootstrap>", line 1204, in _gcd_import
  File "<frozen importlib._bootstrap>", line 1176, in _find_and_load
  File "<frozen importlib._bootstrap>", line 1147, in _find_and_load_unlocked
  File "<frozen importlib._bootstrap>", line 690, in _load_unlocked
  File "<frozen importlib._bootstrap_external>", line 940, in exec_module
  File "<frozen importlib._bootstrap>", line 241, in _call_with_frames_removed
  File "/app/restaurants/tasks.py", line 19, in <module>
    from .models import Restaurant, RestaurantImage
  File "/app/restaurants/models.py", line 998, in <module>
    class RestaurantReview(BaseModel):
  File "/app/restaurants/models.py", line 1017, in RestaurantReview
    default=ReviewStatus.PUBLISHED,
            ^^^^^^^^^^^^^^^^^^^^^^
  File "/usr/local/lib/python3.11/enum.py", line 786, in __getattr__
    raise AttributeError(name) from None
AttributeError: PUBLISHED
ERROR 2025-08-02 06:14:44,574 signal 1 281473011687456 Signal handler <promise@0xffff87976670 --> <bound method Celery._autodiscover_tasks of <Celery portfolio_project at 0xffff8796a3d0>>> raised: AttributeError('PUBLISHED')
Traceback (most recent call last):
  File "/usr/local/lib/python3.11/site-packages/celery/utils/dispatch/signal.py", line 276, in send
    response = receiver(signal=self, sender=sender, **named)
               ^^^^^^^^^^^^^^^^^^^^^^^^^^^^^^^^^^^^^^^^^^^^^
  File "/usr/local/lib/python3.11/site-packages/vine/promises.py", line 161, in __call__
    return self.throw()
           ^^^^^^^^^^^^
  File "/usr/local/lib/python3.11/site-packages/vine/promises.py", line 158, in __call__
    retval = fun(*final_args, **final_kwargs)
             ^^^^^^^^^^^^^^^^^^^^^^^^^^^^^^^^
  File "/usr/local/lib/python3.11/site-packages/celery/app/base.py", line 691, in _autodiscover_tasks
    return self._autodiscover_tasks_from_fixups(related_name)
           ^^^^^^^^^^^^^^^^^^^^^^^^^^^^^^^^^^^^^^^^^^^^^^^^^^
  File "/usr/local/lib/python3.11/site-packages/celery/app/base.py", line 700, in _autodiscover_tasks_from_fixups
    return self._autodiscover_tasks_from_names([
           ^^^^^^^^^^^^^^^^^^^^^^^^^^^^^^^^^^^^^
  File "/usr/local/lib/python3.11/site-packages/celery/app/base.py", line 695, in _autodiscover_tasks_from_names
    return self.loader.autodiscover_tasks(
           ^^^^^^^^^^^^^^^^^^^^^^^^^^^^^^^
  File "/usr/local/lib/python3.11/site-packages/celery/loaders/base.py", line 220, in autodiscover_tasks
    mod.__name__ for mod in autodiscover_tasks(packages or (),
                            ^^^^^^^^^^^^^^^^^^^^^^^^^^^^^^^^^^
  File "/usr/local/lib/python3.11/site-packages/celery/loaders/base.py", line 246, in autodiscover_tasks
    return [find_related_module(pkg, related_name) for pkg in packages]
           ^^^^^^^^^^^^^^^^^^^^^^^^^^^^^^^^^^^^^^^^^^^^^^^^^^^^^^^^^^^^
  File "/usr/local/lib/python3.11/site-packages/celery/loaders/base.py", line 246, in <listcomp>
    return [find_related_module(pkg, related_name) for pkg in packages]
            ^^^^^^^^^^^^^^^^^^^^^^^^^^^^^^^^^^^^^^
  File "/usr/local/lib/python3.11/site-packages/celery/loaders/base.py", line 267, in find_related_module
    return importlib.import_module(module_name)
           ^^^^^^^^^^^^^^^^^^^^^^^^^^^^^^^^^^^^
  File "/usr/local/lib/python3.11/importlib/__init__.py", line 126, in import_module
    return _bootstrap._gcd_import(name[level:], package, level)
           ^^^^^^^^^^^^^^^^^^^^^^^^^^^^^^^^^^^^^^^^^^^^^^^^^^^^
  File "<frozen importlib._bootstrap>", line 1204, in _gcd_import
  File "<frozen importlib._bootstrap>", line 1176, in _find_and_load
  File "<frozen importlib._bootstrap>", line 1147, in _find_and_load_unlocked
  File "<frozen importlib._bootstrap>", line 690, in _load_unlocked
  File "<frozen importlib._bootstrap_external>", line 940, in exec_module
  File "<frozen importlib._bootstrap>", line 241, in _call_with_frames_removed
  File "/app/restaurants/tasks.py", line 19, in <module>
    from .models import Restaurant, RestaurantImage
  File "/app/restaurants/models.py", line 998, in <module>
    class RestaurantReview(BaseModel):
  File "/app/restaurants/models.py", line 1017, in RestaurantReview
    default=ReviewStatus.PUBLISHED,
            ^^^^^^^^^^^^^^^^^^^^^^
  File "/usr/local/lib/python3.11/enum.py", line 786, in __getattr__
    raise AttributeError(name) from None
AttributeError: PUBLISHED
ERROR 2025-08-02 06:15:45,366 signal 1 281473082163232 Signal handler <bound method DjangoFixup.on_import_modules of <celery.fixups.django.DjangoFixup object at 0xffff8bb87ed0>> raised: AttributeError('PUBLISHED')
Traceback (most recent call last):
  File "/usr/local/lib/python3.11/site-packages/celery/utils/dispatch/signal.py", line 276, in send
    response = receiver(signal=self, sender=sender, **named)
               ^^^^^^^^^^^^^^^^^^^^^^^^^^^^^^^^^^^^^^^^^^^^^
  File "/usr/local/lib/python3.11/site-packages/celery/fixups/django.py", line 97, in on_import_modules
    self.worker_fixup.validate_models()
  File "/usr/local/lib/python3.11/site-packages/celery/fixups/django.py", line 135, in validate_models
    self.django_setup()
  File "/usr/local/lib/python3.11/site-packages/celery/fixups/django.py", line 131, in django_setup
    django.setup()
  File "/usr/local/lib/python3.11/site-packages/django/__init__.py", line 24, in setup
    apps.populate(settings.INSTALLED_APPS)
  File "/usr/local/lib/python3.11/site-packages/django/apps/registry.py", line 116, in populate
    app_config.import_models()
  File "/usr/local/lib/python3.11/site-packages/django/apps/config.py", line 269, in import_models
    self.models_module = import_module(models_module_name)
                         ^^^^^^^^^^^^^^^^^^^^^^^^^^^^^^^^^
  File "/usr/local/lib/python3.11/importlib/__init__.py", line 126, in import_module
    return _bootstrap._gcd_import(name[level:], package, level)
           ^^^^^^^^^^^^^^^^^^^^^^^^^^^^^^^^^^^^^^^^^^^^^^^^^^^^
  File "<frozen importlib._bootstrap>", line 1204, in _gcd_import
  File "<frozen importlib._bootstrap>", line 1176, in _find_and_load
  File "<frozen importlib._bootstrap>", line 1147, in _find_and_load_unlocked
  File "<frozen importlib._bootstrap>", line 690, in _load_unlocked
  File "<frozen importlib._bootstrap_external>", line 940, in exec_module
  File "<frozen importlib._bootstrap>", line 241, in _call_with_frames_removed
  File "/app/restaurants/models.py", line 998, in <module>
    class RestaurantReview(BaseModel):
  File "/app/restaurants/models.py", line 1017, in RestaurantReview
    default=ReviewStatus.PUBLISHED,
            ^^^^^^^^^^^^^^^^^^^^^^
  File "/usr/local/lib/python3.11/enum.py", line 786, in __getattr__
    raise AttributeError(name) from None
AttributeError: PUBLISHED
ERROR 2025-08-02 06:15:45,379 signal 1 281473082163232 Signal handler <promise@0xffff8bc82670 --> <bound method Celery._autodiscover_tasks of <Celery portfolio_project at 0xffff8bccdc50>>> raised: AttributeError('PUBLISHED')
Traceback (most recent call last):
  File "/usr/local/lib/python3.11/site-packages/celery/utils/dispatch/signal.py", line 276, in send
    response = receiver(signal=self, sender=sender, **named)
               ^^^^^^^^^^^^^^^^^^^^^^^^^^^^^^^^^^^^^^^^^^^^^
  File "/usr/local/lib/python3.11/site-packages/vine/promises.py", line 161, in __call__
    return self.throw()
           ^^^^^^^^^^^^
  File "/usr/local/lib/python3.11/site-packages/vine/promises.py", line 158, in __call__
    retval = fun(*final_args, **final_kwargs)
             ^^^^^^^^^^^^^^^^^^^^^^^^^^^^^^^^
  File "/usr/local/lib/python3.11/site-packages/celery/app/base.py", line 691, in _autodiscover_tasks
    return self._autodiscover_tasks_from_fixups(related_name)
           ^^^^^^^^^^^^^^^^^^^^^^^^^^^^^^^^^^^^^^^^^^^^^^^^^^
  File "/usr/local/lib/python3.11/site-packages/celery/app/base.py", line 700, in _autodiscover_tasks_from_fixups
    return self._autodiscover_tasks_from_names([
           ^^^^^^^^^^^^^^^^^^^^^^^^^^^^^^^^^^^^^
  File "/usr/local/lib/python3.11/site-packages/celery/app/base.py", line 695, in _autodiscover_tasks_from_names
    return self.loader.autodiscover_tasks(
           ^^^^^^^^^^^^^^^^^^^^^^^^^^^^^^^
  File "/usr/local/lib/python3.11/site-packages/celery/loaders/base.py", line 220, in autodiscover_tasks
    mod.__name__ for mod in autodiscover_tasks(packages or (),
                            ^^^^^^^^^^^^^^^^^^^^^^^^^^^^^^^^^^
  File "/usr/local/lib/python3.11/site-packages/celery/loaders/base.py", line 246, in autodiscover_tasks
    return [find_related_module(pkg, related_name) for pkg in packages]
           ^^^^^^^^^^^^^^^^^^^^^^^^^^^^^^^^^^^^^^^^^^^^^^^^^^^^^^^^^^^^
  File "/usr/local/lib/python3.11/site-packages/celery/loaders/base.py", line 246, in <listcomp>
    return [find_related_module(pkg, related_name) for pkg in packages]
            ^^^^^^^^^^^^^^^^^^^^^^^^^^^^^^^^^^^^^^
  File "/usr/local/lib/python3.11/site-packages/celery/loaders/base.py", line 267, in find_related_module
    return importlib.import_module(module_name)
           ^^^^^^^^^^^^^^^^^^^^^^^^^^^^^^^^^^^^
  File "/usr/local/lib/python3.11/importlib/__init__.py", line 126, in import_module
    return _bootstrap._gcd_import(name[level:], package, level)
           ^^^^^^^^^^^^^^^^^^^^^^^^^^^^^^^^^^^^^^^^^^^^^^^^^^^^
  File "<frozen importlib._bootstrap>", line 1204, in _gcd_import
  File "<frozen importlib._bootstrap>", line 1176, in _find_and_load
  File "<frozen importlib._bootstrap>", line 1147, in _find_and_load_unlocked
  File "<frozen importlib._bootstrap>", line 690, in _load_unlocked
  File "<frozen importlib._bootstrap_external>", line 940, in exec_module
  File "<frozen importlib._bootstrap>", line 241, in _call_with_frames_removed
  File "/app/restaurants/tasks.py", line 19, in <module>
    from .models import Restaurant, RestaurantImage
  File "/app/restaurants/models.py", line 998, in <module>
    class RestaurantReview(BaseModel):
  File "/app/restaurants/models.py", line 1017, in RestaurantReview
    default=ReviewStatus.PUBLISHED,
            ^^^^^^^^^^^^^^^^^^^^^^
  File "/usr/local/lib/python3.11/enum.py", line 786, in __getattr__
    raise AttributeError(name) from None
AttributeError: PUBLISHED
ERROR 2025-08-02 06:15:45,393 signal 1 281473151782944 Signal handler <bound method DjangoFixup.on_import_modules of <celery.fixups.django.DjangoFixup object at 0xffff8fdf8190>> raised: AttributeError('PUBLISHED')
Traceback (most recent call last):
  File "/usr/local/lib/python3.11/site-packages/celery/utils/dispatch/signal.py", line 276, in send
    response = receiver(signal=self, sender=sender, **named)
               ^^^^^^^^^^^^^^^^^^^^^^^^^^^^^^^^^^^^^^^^^^^^^
  File "/usr/local/lib/python3.11/site-packages/celery/fixups/django.py", line 97, in on_import_modules
    self.worker_fixup.validate_models()
  File "/usr/local/lib/python3.11/site-packages/celery/fixups/django.py", line 135, in validate_models
    self.django_setup()
  File "/usr/local/lib/python3.11/site-packages/celery/fixups/django.py", line 131, in django_setup
    django.setup()
  File "/usr/local/lib/python3.11/site-packages/django/__init__.py", line 24, in setup
    apps.populate(settings.INSTALLED_APPS)
  File "/usr/local/lib/python3.11/site-packages/django/apps/registry.py", line 116, in populate
    app_config.import_models()
  File "/usr/local/lib/python3.11/site-packages/django/apps/config.py", line 269, in import_models
    self.models_module = import_module(models_module_name)
                         ^^^^^^^^^^^^^^^^^^^^^^^^^^^^^^^^^
  File "/usr/local/lib/python3.11/importlib/__init__.py", line 126, in import_module
    return _bootstrap._gcd_import(name[level:], package, level)
           ^^^^^^^^^^^^^^^^^^^^^^^^^^^^^^^^^^^^^^^^^^^^^^^^^^^^
  File "<frozen importlib._bootstrap>", line 1204, in _gcd_import
  File "<frozen importlib._bootstrap>", line 1176, in _find_and_load
  File "<frozen importlib._bootstrap>", line 1147, in _find_and_load_unlocked
  File "<frozen importlib._bootstrap>", line 690, in _load_unlocked
  File "<frozen importlib._bootstrap_external>", line 940, in exec_module
  File "<frozen importlib._bootstrap>", line 241, in _call_with_frames_removed
  File "/app/restaurants/models.py", line 998, in <module>
    class RestaurantReview(BaseModel):
  File "/app/restaurants/models.py", line 1017, in RestaurantReview
    default=ReviewStatus.PUBLISHED,
            ^^^^^^^^^^^^^^^^^^^^^^
  File "/usr/local/lib/python3.11/enum.py", line 786, in __getattr__
    raise AttributeError(name) from None
AttributeError: PUBLISHED
ERROR 2025-08-02 06:15:45,404 signal 1 281473151782944 Signal handler <promise@0xffff8fed2670 --> <bound method Celery._autodiscover_tasks of <Celery portfolio_project at 0xffff8ff21f10>>> raised: AttributeError('PUBLISHED')
Traceback (most recent call last):
  File "/usr/local/lib/python3.11/site-packages/celery/utils/dispatch/signal.py", line 276, in send
    response = receiver(signal=self, sender=sender, **named)
               ^^^^^^^^^^^^^^^^^^^^^^^^^^^^^^^^^^^^^^^^^^^^^
  File "/usr/local/lib/python3.11/site-packages/vine/promises.py", line 161, in __call__
    return self.throw()
           ^^^^^^^^^^^^
  File "/usr/local/lib/python3.11/site-packages/vine/promises.py", line 158, in __call__
    retval = fun(*final_args, **final_kwargs)
             ^^^^^^^^^^^^^^^^^^^^^^^^^^^^^^^^
  File "/usr/local/lib/python3.11/site-packages/celery/app/base.py", line 691, in _autodiscover_tasks
    return self._autodiscover_tasks_from_fixups(related_name)
           ^^^^^^^^^^^^^^^^^^^^^^^^^^^^^^^^^^^^^^^^^^^^^^^^^^
  File "/usr/local/lib/python3.11/site-packages/celery/app/base.py", line 700, in _autodiscover_tasks_from_fixups
    return self._autodiscover_tasks_from_names([
           ^^^^^^^^^^^^^^^^^^^^^^^^^^^^^^^^^^^^^
  File "/usr/local/lib/python3.11/site-packages/celery/app/base.py", line 695, in _autodiscover_tasks_from_names
    return self.loader.autodiscover_tasks(
           ^^^^^^^^^^^^^^^^^^^^^^^^^^^^^^^
  File "/usr/local/lib/python3.11/site-packages/celery/loaders/base.py", line 220, in autodiscover_tasks
    mod.__name__ for mod in autodiscover_tasks(packages or (),
                            ^^^^^^^^^^^^^^^^^^^^^^^^^^^^^^^^^^
  File "/usr/local/lib/python3.11/site-packages/celery/loaders/base.py", line 246, in autodiscover_tasks
    return [find_related_module(pkg, related_name) for pkg in packages]
           ^^^^^^^^^^^^^^^^^^^^^^^^^^^^^^^^^^^^^^^^^^^^^^^^^^^^^^^^^^^^
  File "/usr/local/lib/python3.11/site-packages/celery/loaders/base.py", line 246, in <listcomp>
    return [find_related_module(pkg, related_name) for pkg in packages]
            ^^^^^^^^^^^^^^^^^^^^^^^^^^^^^^^^^^^^^^
  File "/usr/local/lib/python3.11/site-packages/celery/loaders/base.py", line 267, in find_related_module
    return importlib.import_module(module_name)
           ^^^^^^^^^^^^^^^^^^^^^^^^^^^^^^^^^^^^
  File "/usr/local/lib/python3.11/importlib/__init__.py", line 126, in import_module
    return _bootstrap._gcd_import(name[level:], package, level)
           ^^^^^^^^^^^^^^^^^^^^^^^^^^^^^^^^^^^^^^^^^^^^^^^^^^^^
  File "<frozen importlib._bootstrap>", line 1204, in _gcd_import
  File "<frozen importlib._bootstrap>", line 1176, in _find_and_load
  File "<frozen importlib._bootstrap>", line 1147, in _find_and_load_unlocked
  File "<frozen importlib._bootstrap>", line 690, in _load_unlocked
  File "<frozen importlib._bootstrap_external>", line 940, in exec_module
  File "<frozen importlib._bootstrap>", line 241, in _call_with_frames_removed
  File "/app/restaurants/tasks.py", line 19, in <module>
    from .models import Restaurant, RestaurantImage
  File "/app/restaurants/models.py", line 998, in <module>
    class RestaurantReview(BaseModel):
  File "/app/restaurants/models.py", line 1017, in RestaurantReview
    default=ReviewStatus.PUBLISHED,
            ^^^^^^^^^^^^^^^^^^^^^^
  File "/usr/local/lib/python3.11/enum.py", line 786, in __getattr__
    raise AttributeError(name) from None
AttributeError: PUBLISHED
ERROR 2025-08-02 06:16:46,180 signal 1 281472904609824 Signal handler <bound method DjangoFixup.on_import_modules of <celery.fixups.django.DjangoFixup object at 0xffff81264750>> raised: AttributeError('PUBLISHED')
Traceback (most recent call last):
  File "/usr/local/lib/python3.11/site-packages/celery/utils/dispatch/signal.py", line 276, in send
    response = receiver(signal=self, sender=sender, **named)
               ^^^^^^^^^^^^^^^^^^^^^^^^^^^^^^^^^^^^^^^^^^^^^
  File "/usr/local/lib/python3.11/site-packages/celery/fixups/django.py", line 97, in on_import_modules
    self.worker_fixup.validate_models()
  File "/usr/local/lib/python3.11/site-packages/celery/fixups/django.py", line 135, in validate_models
    self.django_setup()
  File "/usr/local/lib/python3.11/site-packages/celery/fixups/django.py", line 131, in django_setup
    django.setup()
  File "/usr/local/lib/python3.11/site-packages/django/__init__.py", line 24, in setup
    apps.populate(settings.INSTALLED_APPS)
  File "/usr/local/lib/python3.11/site-packages/django/apps/registry.py", line 116, in populate
    app_config.import_models()
  File "/usr/local/lib/python3.11/site-packages/django/apps/config.py", line 269, in import_models
    self.models_module = import_module(models_module_name)
                         ^^^^^^^^^^^^^^^^^^^^^^^^^^^^^^^^^
  File "/usr/local/lib/python3.11/importlib/__init__.py", line 126, in import_module
    return _bootstrap._gcd_import(name[level:], package, level)
           ^^^^^^^^^^^^^^^^^^^^^^^^^^^^^^^^^^^^^^^^^^^^^^^^^^^^
  File "<frozen importlib._bootstrap>", line 1204, in _gcd_import
  File "<frozen importlib._bootstrap>", line 1176, in _find_and_load
  File "<frozen importlib._bootstrap>", line 1147, in _find_and_load_unlocked
  File "<frozen importlib._bootstrap>", line 690, in _load_unlocked
  File "<frozen importlib._bootstrap_external>", line 940, in exec_module
  File "<frozen importlib._bootstrap>", line 241, in _call_with_frames_removed
  File "/app/restaurants/models.py", line 998, in <module>
    class RestaurantReview(BaseModel):
  File "/app/restaurants/models.py", line 1017, in RestaurantReview
    default=ReviewStatus.PUBLISHED,
            ^^^^^^^^^^^^^^^^^^^^^^
  File "/usr/local/lib/python3.11/enum.py", line 786, in __getattr__
    raise AttributeError(name) from None
AttributeError: PUBLISHED
ERROR 2025-08-02 06:16:46,190 signal 1 281472904609824 Signal handler <promise@0xffff8138e670 --> <bound method Celery._autodiscover_tasks of <Celery portfolio_project at 0xffff8138a4d0>>> raised: AttributeError('PUBLISHED')
Traceback (most recent call last):
  File "/usr/local/lib/python3.11/site-packages/celery/utils/dispatch/signal.py", line 276, in send
    response = receiver(signal=self, sender=sender, **named)
               ^^^^^^^^^^^^^^^^^^^^^^^^^^^^^^^^^^^^^^^^^^^^^
  File "/usr/local/lib/python3.11/site-packages/vine/promises.py", line 161, in __call__
    return self.throw()
           ^^^^^^^^^^^^
  File "/usr/local/lib/python3.11/site-packages/vine/promises.py", line 158, in __call__
    retval = fun(*final_args, **final_kwargs)
             ^^^^^^^^^^^^^^^^^^^^^^^^^^^^^^^^
  File "/usr/local/lib/python3.11/site-packages/celery/app/base.py", line 691, in _autodiscover_tasks
    return self._autodiscover_tasks_from_fixups(related_name)
           ^^^^^^^^^^^^^^^^^^^^^^^^^^^^^^^^^^^^^^^^^^^^^^^^^^
  File "/usr/local/lib/python3.11/site-packages/celery/app/base.py", line 700, in _autodiscover_tasks_from_fixups
    return self._autodiscover_tasks_from_names([
           ^^^^^^^^^^^^^^^^^^^^^^^^^^^^^^^^^^^^^
  File "/usr/local/lib/python3.11/site-packages/celery/app/base.py", line 695, in _autodiscover_tasks_from_names
    return self.loader.autodiscover_tasks(
           ^^^^^^^^^^^^^^^^^^^^^^^^^^^^^^^
  File "/usr/local/lib/python3.11/site-packages/celery/loaders/base.py", line 220, in autodiscover_tasks
    mod.__name__ for mod in autodiscover_tasks(packages or (),
                            ^^^^^^^^^^^^^^^^^^^^^^^^^^^^^^^^^^
  File "/usr/local/lib/python3.11/site-packages/celery/loaders/base.py", line 246, in autodiscover_tasks
    return [find_related_module(pkg, related_name) for pkg in packages]
           ^^^^^^^^^^^^^^^^^^^^^^^^^^^^^^^^^^^^^^^^^^^^^^^^^^^^^^^^^^^^
  File "/usr/local/lib/python3.11/site-packages/celery/loaders/base.py", line 246, in <listcomp>
    return [find_related_module(pkg, related_name) for pkg in packages]
            ^^^^^^^^^^^^^^^^^^^^^^^^^^^^^^^^^^^^^^
  File "/usr/local/lib/python3.11/site-packages/celery/loaders/base.py", line 267, in find_related_module
    return importlib.import_module(module_name)
           ^^^^^^^^^^^^^^^^^^^^^^^^^^^^^^^^^^^^
  File "/usr/local/lib/python3.11/importlib/__init__.py", line 126, in import_module
    return _bootstrap._gcd_import(name[level:], package, level)
           ^^^^^^^^^^^^^^^^^^^^^^^^^^^^^^^^^^^^^^^^^^^^^^^^^^^^
  File "<frozen importlib._bootstrap>", line 1204, in _gcd_import
  File "<frozen importlib._bootstrap>", line 1176, in _find_and_load
  File "<frozen importlib._bootstrap>", line 1147, in _find_and_load_unlocked
  File "<frozen importlib._bootstrap>", line 690, in _load_unlocked
  File "<frozen importlib._bootstrap_external>", line 940, in exec_module
  File "<frozen importlib._bootstrap>", line 241, in _call_with_frames_removed
  File "/app/restaurants/tasks.py", line 19, in <module>
    from .models import Restaurant, RestaurantImage
  File "/app/restaurants/models.py", line 998, in <module>
    class RestaurantReview(BaseModel):
  File "/app/restaurants/models.py", line 1017, in RestaurantReview
    default=ReviewStatus.PUBLISHED,
            ^^^^^^^^^^^^^^^^^^^^^^
  File "/usr/local/lib/python3.11/enum.py", line 786, in __getattr__
    raise AttributeError(name) from None
AttributeError: PUBLISHED
ERROR 2025-08-02 06:16:46,194 signal 1 281473533509664 Signal handler <bound method DjangoFixup.on_import_modules of <celery.fixups.django.DjangoFixup object at 0xffffa69d7fd0>> raised: AttributeError('PUBLISHED')
Traceback (most recent call last):
  File "/usr/local/lib/python3.11/site-packages/celery/utils/dispatch/signal.py", line 276, in send
    response = receiver(signal=self, sender=sender, **named)
               ^^^^^^^^^^^^^^^^^^^^^^^^^^^^^^^^^^^^^^^^^^^^^
  File "/usr/local/lib/python3.11/site-packages/celery/fixups/django.py", line 97, in on_import_modules
    self.worker_fixup.validate_models()
  File "/usr/local/lib/python3.11/site-packages/celery/fixups/django.py", line 135, in validate_models
    self.django_setup()
  File "/usr/local/lib/python3.11/site-packages/celery/fixups/django.py", line 131, in django_setup
    django.setup()
  File "/usr/local/lib/python3.11/site-packages/django/__init__.py", line 24, in setup
    apps.populate(settings.INSTALLED_APPS)
  File "/usr/local/lib/python3.11/site-packages/django/apps/registry.py", line 116, in populate
    app_config.import_models()
  File "/usr/local/lib/python3.11/site-packages/django/apps/config.py", line 269, in import_models
    self.models_module = import_module(models_module_name)
                         ^^^^^^^^^^^^^^^^^^^^^^^^^^^^^^^^^
  File "/usr/local/lib/python3.11/importlib/__init__.py", line 126, in import_module
    return _bootstrap._gcd_import(name[level:], package, level)
           ^^^^^^^^^^^^^^^^^^^^^^^^^^^^^^^^^^^^^^^^^^^^^^^^^^^^
  File "<frozen importlib._bootstrap>", line 1204, in _gcd_import
  File "<frozen importlib._bootstrap>", line 1176, in _find_and_load
  File "<frozen importlib._bootstrap>", line 1147, in _find_and_load_unlocked
  File "<frozen importlib._bootstrap>", line 690, in _load_unlocked
  File "<frozen importlib._bootstrap_external>", line 940, in exec_module
  File "<frozen importlib._bootstrap>", line 241, in _call_with_frames_removed
  File "/app/restaurants/models.py", line 998, in <module>
    class RestaurantReview(BaseModel):
  File "/app/restaurants/models.py", line 1017, in RestaurantReview
    default=ReviewStatus.PUBLISHED,
            ^^^^^^^^^^^^^^^^^^^^^^
  File "/usr/local/lib/python3.11/enum.py", line 786, in __getattr__
    raise AttributeError(name) from None
AttributeError: PUBLISHED
ERROR 2025-08-02 06:16:46,206 signal 1 281473533509664 Signal handler <promise@0xffffa6ad2670 --> <bound method Celery._autodiscover_tasks of <Celery portfolio_project at 0xffffa6b22010>>> raised: AttributeError('PUBLISHED')
Traceback (most recent call last):
  File "/usr/local/lib/python3.11/site-packages/celery/utils/dispatch/signal.py", line 276, in send
    response = receiver(signal=self, sender=sender, **named)
               ^^^^^^^^^^^^^^^^^^^^^^^^^^^^^^^^^^^^^^^^^^^^^
  File "/usr/local/lib/python3.11/site-packages/vine/promises.py", line 161, in __call__
    return self.throw()
           ^^^^^^^^^^^^
  File "/usr/local/lib/python3.11/site-packages/vine/promises.py", line 158, in __call__
    retval = fun(*final_args, **final_kwargs)
             ^^^^^^^^^^^^^^^^^^^^^^^^^^^^^^^^
  File "/usr/local/lib/python3.11/site-packages/celery/app/base.py", line 691, in _autodiscover_tasks
    return self._autodiscover_tasks_from_fixups(related_name)
           ^^^^^^^^^^^^^^^^^^^^^^^^^^^^^^^^^^^^^^^^^^^^^^^^^^
  File "/usr/local/lib/python3.11/site-packages/celery/app/base.py", line 700, in _autodiscover_tasks_from_fixups
    return self._autodiscover_tasks_from_names([
           ^^^^^^^^^^^^^^^^^^^^^^^^^^^^^^^^^^^^^
  File "/usr/local/lib/python3.11/site-packages/celery/app/base.py", line 695, in _autodiscover_tasks_from_names
    return self.loader.autodiscover_tasks(
           ^^^^^^^^^^^^^^^^^^^^^^^^^^^^^^^
  File "/usr/local/lib/python3.11/site-packages/celery/loaders/base.py", line 220, in autodiscover_tasks
    mod.__name__ for mod in autodiscover_tasks(packages or (),
                            ^^^^^^^^^^^^^^^^^^^^^^^^^^^^^^^^^^
  File "/usr/local/lib/python3.11/site-packages/celery/loaders/base.py", line 246, in autodiscover_tasks
    return [find_related_module(pkg, related_name) for pkg in packages]
           ^^^^^^^^^^^^^^^^^^^^^^^^^^^^^^^^^^^^^^^^^^^^^^^^^^^^^^^^^^^^
  File "/usr/local/lib/python3.11/site-packages/celery/loaders/base.py", line 246, in <listcomp>
    return [find_related_module(pkg, related_name) for pkg in packages]
            ^^^^^^^^^^^^^^^^^^^^^^^^^^^^^^^^^^^^^^
  File "/usr/local/lib/python3.11/site-packages/celery/loaders/base.py", line 267, in find_related_module
    return importlib.import_module(module_name)
           ^^^^^^^^^^^^^^^^^^^^^^^^^^^^^^^^^^^^
  File "/usr/local/lib/python3.11/importlib/__init__.py", line 126, in import_module
    return _bootstrap._gcd_import(name[level:], package, level)
           ^^^^^^^^^^^^^^^^^^^^^^^^^^^^^^^^^^^^^^^^^^^^^^^^^^^^
  File "<frozen importlib._bootstrap>", line 1204, in _gcd_import
  File "<frozen importlib._bootstrap>", line 1176, in _find_and_load
  File "<frozen importlib._bootstrap>", line 1147, in _find_and_load_unlocked
  File "<frozen importlib._bootstrap>", line 690, in _load_unlocked
  File "<frozen importlib._bootstrap_external>", line 940, in exec_module
  File "<frozen importlib._bootstrap>", line 241, in _call_with_frames_removed
  File "/app/restaurants/tasks.py", line 19, in <module>
    from .models import Restaurant, RestaurantImage
  File "/app/restaurants/models.py", line 998, in <module>
    class RestaurantReview(BaseModel):
  File "/app/restaurants/models.py", line 1017, in RestaurantReview
    default=ReviewStatus.PUBLISHED,
            ^^^^^^^^^^^^^^^^^^^^^^
  File "/usr/local/lib/python3.11/enum.py", line 786, in __getattr__
    raise AttributeError(name) from None
AttributeError: PUBLISHED
ERROR 2025-08-02 06:17:46,994 signal 1 281472883961888 Signal handler <bound method DjangoFixup.on_import_modules of <celery.fixups.django.DjangoFixup object at 0xffff7ffc7f10>> raised: AttributeError('PUBLISHED')
Traceback (most recent call last):
  File "/usr/local/lib/python3.11/site-packages/celery/utils/dispatch/signal.py", line 276, in send
    response = receiver(signal=self, sender=sender, **named)
               ^^^^^^^^^^^^^^^^^^^^^^^^^^^^^^^^^^^^^^^^^^^^^
  File "/usr/local/lib/python3.11/site-packages/celery/fixups/django.py", line 97, in on_import_modules
    self.worker_fixup.validate_models()
  File "/usr/local/lib/python3.11/site-packages/celery/fixups/django.py", line 135, in validate_models
    self.django_setup()
  File "/usr/local/lib/python3.11/site-packages/celery/fixups/django.py", line 131, in django_setup
    django.setup()
  File "/usr/local/lib/python3.11/site-packages/django/__init__.py", line 24, in setup
    apps.populate(settings.INSTALLED_APPS)
  File "/usr/local/lib/python3.11/site-packages/django/apps/registry.py", line 116, in populate
    app_config.import_models()
  File "/usr/local/lib/python3.11/site-packages/django/apps/config.py", line 269, in import_models
    self.models_module = import_module(models_module_name)
                         ^^^^^^^^^^^^^^^^^^^^^^^^^^^^^^^^^
  File "/usr/local/lib/python3.11/importlib/__init__.py", line 126, in import_module
    return _bootstrap._gcd_import(name[level:], package, level)
           ^^^^^^^^^^^^^^^^^^^^^^^^^^^^^^^^^^^^^^^^^^^^^^^^^^^^
  File "<frozen importlib._bootstrap>", line 1204, in _gcd_import
  File "<frozen importlib._bootstrap>", line 1176, in _find_and_load
  File "<frozen importlib._bootstrap>", line 1147, in _find_and_load_unlocked
  File "<frozen importlib._bootstrap>", line 690, in _load_unlocked
  File "<frozen importlib._bootstrap_external>", line 940, in exec_module
  File "<frozen importlib._bootstrap>", line 241, in _call_with_frames_removed
  File "/app/restaurants/models.py", line 998, in <module>
    class RestaurantReview(BaseModel):
  File "/app/restaurants/models.py", line 1017, in RestaurantReview
    default=ReviewStatus.PUBLISHED,
            ^^^^^^^^^^^^^^^^^^^^^^
  File "/usr/local/lib/python3.11/enum.py", line 786, in __getattr__
    raise AttributeError(name) from None
AttributeError: PUBLISHED
ERROR 2025-08-02 06:17:47,004 signal 1 281472896856096 Signal handler <bound method DjangoFixup.on_import_modules of <celery.fixups.django.DjangoFixup object at 0xffff80b00690>> raised: AttributeError('PUBLISHED')
Traceback (most recent call last):
  File "/usr/local/lib/python3.11/site-packages/celery/utils/dispatch/signal.py", line 276, in send
    response = receiver(signal=self, sender=sender, **named)
               ^^^^^^^^^^^^^^^^^^^^^^^^^^^^^^^^^^^^^^^^^^^^^
  File "/usr/local/lib/python3.11/site-packages/celery/fixups/django.py", line 97, in on_import_modules
    self.worker_fixup.validate_models()
  File "/usr/local/lib/python3.11/site-packages/celery/fixups/django.py", line 135, in validate_models
    self.django_setup()
  File "/usr/local/lib/python3.11/site-packages/celery/fixups/django.py", line 131, in django_setup
    django.setup()
  File "/usr/local/lib/python3.11/site-packages/django/__init__.py", line 24, in setup
    apps.populate(settings.INSTALLED_APPS)
  File "/usr/local/lib/python3.11/site-packages/django/apps/registry.py", line 116, in populate
    app_config.import_models()
  File "/usr/local/lib/python3.11/site-packages/django/apps/config.py", line 269, in import_models
    self.models_module = import_module(models_module_name)
                         ^^^^^^^^^^^^^^^^^^^^^^^^^^^^^^^^^
  File "/usr/local/lib/python3.11/importlib/__init__.py", line 126, in import_module
    return _bootstrap._gcd_import(name[level:], package, level)
           ^^^^^^^^^^^^^^^^^^^^^^^^^^^^^^^^^^^^^^^^^^^^^^^^^^^^
  File "<frozen importlib._bootstrap>", line 1204, in _gcd_import
  File "<frozen importlib._bootstrap>", line 1176, in _find_and_load
  File "<frozen importlib._bootstrap>", line 1147, in _find_and_load_unlocked
  File "<frozen importlib._bootstrap>", line 690, in _load_unlocked
  File "<frozen importlib._bootstrap_external>", line 940, in exec_module
  File "<frozen importlib._bootstrap>", line 241, in _call_with_frames_removed
  File "/app/restaurants/models.py", line 998, in <module>
    class RestaurantReview(BaseModel):
  File "/app/restaurants/models.py", line 1017, in RestaurantReview
    default=ReviewStatus.PUBLISHED,
            ^^^^^^^^^^^^^^^^^^^^^^
  File "/usr/local/lib/python3.11/enum.py", line 786, in __getattr__
    raise AttributeError(name) from None
AttributeError: PUBLISHED
ERROR 2025-08-02 06:17:47,006 signal 1 281472883961888 Signal handler <promise@0xffff7ffba670 --> <bound method Celery._autodiscover_tasks of <Celery portfolio_project at 0xffff7ff95cd0>>> raised: AttributeError('PUBLISHED')
Traceback (most recent call last):
  File "/usr/local/lib/python3.11/site-packages/celery/utils/dispatch/signal.py", line 276, in send
    response = receiver(signal=self, sender=sender, **named)
               ^^^^^^^^^^^^^^^^^^^^^^^^^^^^^^^^^^^^^^^^^^^^^
  File "/usr/local/lib/python3.11/site-packages/vine/promises.py", line 161, in __call__
    return self.throw()
           ^^^^^^^^^^^^
  File "/usr/local/lib/python3.11/site-packages/vine/promises.py", line 158, in __call__
    retval = fun(*final_args, **final_kwargs)
             ^^^^^^^^^^^^^^^^^^^^^^^^^^^^^^^^
  File "/usr/local/lib/python3.11/site-packages/celery/app/base.py", line 691, in _autodiscover_tasks
    return self._autodiscover_tasks_from_fixups(related_name)
           ^^^^^^^^^^^^^^^^^^^^^^^^^^^^^^^^^^^^^^^^^^^^^^^^^^
  File "/usr/local/lib/python3.11/site-packages/celery/app/base.py", line 700, in _autodiscover_tasks_from_fixups
    return self._autodiscover_tasks_from_names([
           ^^^^^^^^^^^^^^^^^^^^^^^^^^^^^^^^^^^^^
  File "/usr/local/lib/python3.11/site-packages/celery/app/base.py", line 695, in _autodiscover_tasks_from_names
    return self.loader.autodiscover_tasks(
           ^^^^^^^^^^^^^^^^^^^^^^^^^^^^^^^
  File "/usr/local/lib/python3.11/site-packages/celery/loaders/base.py", line 220, in autodiscover_tasks
    mod.__name__ for mod in autodiscover_tasks(packages or (),
                            ^^^^^^^^^^^^^^^^^^^^^^^^^^^^^^^^^^
  File "/usr/local/lib/python3.11/site-packages/celery/loaders/base.py", line 246, in autodiscover_tasks
    return [find_related_module(pkg, related_name) for pkg in packages]
           ^^^^^^^^^^^^^^^^^^^^^^^^^^^^^^^^^^^^^^^^^^^^^^^^^^^^^^^^^^^^
  File "/usr/local/lib/python3.11/site-packages/celery/loaders/base.py", line 246, in <listcomp>
    return [find_related_module(pkg, related_name) for pkg in packages]
            ^^^^^^^^^^^^^^^^^^^^^^^^^^^^^^^^^^^^^^
  File "/usr/local/lib/python3.11/site-packages/celery/loaders/base.py", line 267, in find_related_module
    return importlib.import_module(module_name)
           ^^^^^^^^^^^^^^^^^^^^^^^^^^^^^^^^^^^^
  File "/usr/local/lib/python3.11/importlib/__init__.py", line 126, in import_module
    return _bootstrap._gcd_import(name[level:], package, level)
           ^^^^^^^^^^^^^^^^^^^^^^^^^^^^^^^^^^^^^^^^^^^^^^^^^^^^
  File "<frozen importlib._bootstrap>", line 1204, in _gcd_import
  File "<frozen importlib._bootstrap>", line 1176, in _find_and_load
  File "<frozen importlib._bootstrap>", line 1147, in _find_and_load_unlocked
  File "<frozen importlib._bootstrap>", line 690, in _load_unlocked
  File "<frozen importlib._bootstrap_external>", line 940, in exec_module
  File "<frozen importlib._bootstrap>", line 241, in _call_with_frames_removed
  File "/app/restaurants/tasks.py", line 19, in <module>
    from .models import Restaurant, RestaurantImage
  File "/app/restaurants/models.py", line 998, in <module>
    class RestaurantReview(BaseModel):
  File "/app/restaurants/models.py", line 1017, in RestaurantReview
    default=ReviewStatus.PUBLISHED,
            ^^^^^^^^^^^^^^^^^^^^^^
  File "/usr/local/lib/python3.11/enum.py", line 786, in __getattr__
    raise AttributeError(name) from None
AttributeError: PUBLISHED
ERROR 2025-08-02 06:17:47,014 signal 1 281472896856096 Signal handler <promise@0xffff80be6670 --> <bound method Celery._autodiscover_tasks of <Celery portfolio_project at 0xffff80bda450>>> raised: AttributeError('PUBLISHED')
Traceback (most recent call last):
  File "/usr/local/lib/python3.11/site-packages/celery/utils/dispatch/signal.py", line 276, in send
    response = receiver(signal=self, sender=sender, **named)
               ^^^^^^^^^^^^^^^^^^^^^^^^^^^^^^^^^^^^^^^^^^^^^
  File "/usr/local/lib/python3.11/site-packages/vine/promises.py", line 161, in __call__
    return self.throw()
           ^^^^^^^^^^^^
  File "/usr/local/lib/python3.11/site-packages/vine/promises.py", line 158, in __call__
    retval = fun(*final_args, **final_kwargs)
             ^^^^^^^^^^^^^^^^^^^^^^^^^^^^^^^^
  File "/usr/local/lib/python3.11/site-packages/celery/app/base.py", line 691, in _autodiscover_tasks
    return self._autodiscover_tasks_from_fixups(related_name)
           ^^^^^^^^^^^^^^^^^^^^^^^^^^^^^^^^^^^^^^^^^^^^^^^^^^
  File "/usr/local/lib/python3.11/site-packages/celery/app/base.py", line 700, in _autodiscover_tasks_from_fixups
    return self._autodiscover_tasks_from_names([
           ^^^^^^^^^^^^^^^^^^^^^^^^^^^^^^^^^^^^^
  File "/usr/local/lib/python3.11/site-packages/celery/app/base.py", line 695, in _autodiscover_tasks_from_names
    return self.loader.autodiscover_tasks(
           ^^^^^^^^^^^^^^^^^^^^^^^^^^^^^^^
  File "/usr/local/lib/python3.11/site-packages/celery/loaders/base.py", line 220, in autodiscover_tasks
    mod.__name__ for mod in autodiscover_tasks(packages or (),
                            ^^^^^^^^^^^^^^^^^^^^^^^^^^^^^^^^^^
  File "/usr/local/lib/python3.11/site-packages/celery/loaders/base.py", line 246, in autodiscover_tasks
    return [find_related_module(pkg, related_name) for pkg in packages]
           ^^^^^^^^^^^^^^^^^^^^^^^^^^^^^^^^^^^^^^^^^^^^^^^^^^^^^^^^^^^^
  File "/usr/local/lib/python3.11/site-packages/celery/loaders/base.py", line 246, in <listcomp>
    return [find_related_module(pkg, related_name) for pkg in packages]
            ^^^^^^^^^^^^^^^^^^^^^^^^^^^^^^^^^^^^^^
  File "/usr/local/lib/python3.11/site-packages/celery/loaders/base.py", line 267, in find_related_module
    return importlib.import_module(module_name)
           ^^^^^^^^^^^^^^^^^^^^^^^^^^^^^^^^^^^^
  File "/usr/local/lib/python3.11/importlib/__init__.py", line 126, in import_module
    return _bootstrap._gcd_import(name[level:], package, level)
           ^^^^^^^^^^^^^^^^^^^^^^^^^^^^^^^^^^^^^^^^^^^^^^^^^^^^
  File "<frozen importlib._bootstrap>", line 1204, in _gcd_import
  File "<frozen importlib._bootstrap>", line 1176, in _find_and_load
  File "<frozen importlib._bootstrap>", line 1147, in _find_and_load_unlocked
  File "<frozen importlib._bootstrap>", line 690, in _load_unlocked
  File "<frozen importlib._bootstrap_external>", line 940, in exec_module
  File "<frozen importlib._bootstrap>", line 241, in _call_with_frames_removed
  File "/app/restaurants/tasks.py", line 19, in <module>
    from .models import Restaurant, RestaurantImage
  File "/app/restaurants/models.py", line 998, in <module>
    class RestaurantReview(BaseModel):
  File "/app/restaurants/models.py", line 1017, in RestaurantReview
    default=ReviewStatus.PUBLISHED,
            ^^^^^^^^^^^^^^^^^^^^^^
  File "/usr/local/lib/python3.11/enum.py", line 786, in __getattr__
    raise AttributeError(name) from None
AttributeError: PUBLISHED
ERROR 2025-08-02 06:18:47,803 signal 1 281473815887904 Signal handler <bound method DjangoFixup.on_import_modules of <celery.fixups.django.DjangoFixup object at 0xffffb7893e90>> raised: AttributeError('PUBLISHED')
Traceback (most recent call last):
  File "/usr/local/lib/python3.11/site-packages/celery/utils/dispatch/signal.py", line 276, in send
    response = receiver(signal=self, sender=sender, **named)
               ^^^^^^^^^^^^^^^^^^^^^^^^^^^^^^^^^^^^^^^^^^^^^
  File "/usr/local/lib/python3.11/site-packages/celery/fixups/django.py", line 97, in on_import_modules
    self.worker_fixup.validate_models()
  File "/usr/local/lib/python3.11/site-packages/celery/fixups/django.py", line 135, in validate_models
    self.django_setup()
  File "/usr/local/lib/python3.11/site-packages/celery/fixups/django.py", line 131, in django_setup
    django.setup()
  File "/usr/local/lib/python3.11/site-packages/django/__init__.py", line 24, in setup
    apps.populate(settings.INSTALLED_APPS)
  File "/usr/local/lib/python3.11/site-packages/django/apps/registry.py", line 116, in populate
    app_config.import_models()
  File "/usr/local/lib/python3.11/site-packages/django/apps/config.py", line 269, in import_models
    self.models_module = import_module(models_module_name)
                         ^^^^^^^^^^^^^^^^^^^^^^^^^^^^^^^^^
  File "/usr/local/lib/python3.11/importlib/__init__.py", line 126, in import_module
    return _bootstrap._gcd_import(name[level:], package, level)
           ^^^^^^^^^^^^^^^^^^^^^^^^^^^^^^^^^^^^^^^^^^^^^^^^^^^^
  File "<frozen importlib._bootstrap>", line 1204, in _gcd_import
  File "<frozen importlib._bootstrap>", line 1176, in _find_and_load
  File "<frozen importlib._bootstrap>", line 1147, in _find_and_load_unlocked
  File "<frozen importlib._bootstrap>", line 690, in _load_unlocked
  File "<frozen importlib._bootstrap_external>", line 940, in exec_module
  File "<frozen importlib._bootstrap>", line 241, in _call_with_frames_removed
  File "/app/restaurants/models.py", line 998, in <module>
    class RestaurantReview(BaseModel):
  File "/app/restaurants/models.py", line 1017, in RestaurantReview
    default=ReviewStatus.PUBLISHED,
            ^^^^^^^^^^^^^^^^^^^^^^
  File "/usr/local/lib/python3.11/enum.py", line 786, in __getattr__
    raise AttributeError(name) from None
AttributeError: PUBLISHED
ERROR 2025-08-02 06:18:47,815 signal 1 281473815887904 Signal handler <promise@0xffffb7886670 --> <bound method Celery._autodiscover_tasks of <Celery portfolio_project at 0xffffb7861c50>>> raised: AttributeError('PUBLISHED')
Traceback (most recent call last):
  File "/usr/local/lib/python3.11/site-packages/celery/utils/dispatch/signal.py", line 276, in send
    response = receiver(signal=self, sender=sender, **named)
               ^^^^^^^^^^^^^^^^^^^^^^^^^^^^^^^^^^^^^^^^^^^^^
  File "/usr/local/lib/python3.11/site-packages/vine/promises.py", line 161, in __call__
    return self.throw()
           ^^^^^^^^^^^^
  File "/usr/local/lib/python3.11/site-packages/vine/promises.py", line 158, in __call__
    retval = fun(*final_args, **final_kwargs)
             ^^^^^^^^^^^^^^^^^^^^^^^^^^^^^^^^
  File "/usr/local/lib/python3.11/site-packages/celery/app/base.py", line 691, in _autodiscover_tasks
    return self._autodiscover_tasks_from_fixups(related_name)
           ^^^^^^^^^^^^^^^^^^^^^^^^^^^^^^^^^^^^^^^^^^^^^^^^^^
  File "/usr/local/lib/python3.11/site-packages/celery/app/base.py", line 700, in _autodiscover_tasks_from_fixups
    return self._autodiscover_tasks_from_names([
           ^^^^^^^^^^^^^^^^^^^^^^^^^^^^^^^^^^^^^
  File "/usr/local/lib/python3.11/site-packages/celery/app/base.py", line 695, in _autodiscover_tasks_from_names
    return self.loader.autodiscover_tasks(
           ^^^^^^^^^^^^^^^^^^^^^^^^^^^^^^^
  File "/usr/local/lib/python3.11/site-packages/celery/loaders/base.py", line 220, in autodiscover_tasks
    mod.__name__ for mod in autodiscover_tasks(packages or (),
                            ^^^^^^^^^^^^^^^^^^^^^^^^^^^^^^^^^^
  File "/usr/local/lib/python3.11/site-packages/celery/loaders/base.py", line 246, in autodiscover_tasks
    return [find_related_module(pkg, related_name) for pkg in packages]
           ^^^^^^^^^^^^^^^^^^^^^^^^^^^^^^^^^^^^^^^^^^^^^^^^^^^^^^^^^^^^
  File "/usr/local/lib/python3.11/site-packages/celery/loaders/base.py", line 246, in <listcomp>
    return [find_related_module(pkg, related_name) for pkg in packages]
            ^^^^^^^^^^^^^^^^^^^^^^^^^^^^^^^^^^^^^^
  File "/usr/local/lib/python3.11/site-packages/celery/loaders/base.py", line 267, in find_related_module
    return importlib.import_module(module_name)
           ^^^^^^^^^^^^^^^^^^^^^^^^^^^^^^^^^^^^
  File "/usr/local/lib/python3.11/importlib/__init__.py", line 126, in import_module
    return _bootstrap._gcd_import(name[level:], package, level)
           ^^^^^^^^^^^^^^^^^^^^^^^^^^^^^^^^^^^^^^^^^^^^^^^^^^^^
  File "<frozen importlib._bootstrap>", line 1204, in _gcd_import
  File "<frozen importlib._bootstrap>", line 1176, in _find_and_load
  File "<frozen importlib._bootstrap>", line 1147, in _find_and_load_unlocked
  File "<frozen importlib._bootstrap>", line 690, in _load_unlocked
  File "<frozen importlib._bootstrap_external>", line 940, in exec_module
  File "<frozen importlib._bootstrap>", line 241, in _call_with_frames_removed
  File "/app/restaurants/tasks.py", line 19, in <module>
    from .models import Restaurant, RestaurantImage
  File "/app/restaurants/models.py", line 998, in <module>
    class RestaurantReview(BaseModel):
  File "/app/restaurants/models.py", line 1017, in RestaurantReview
    default=ReviewStatus.PUBLISHED,
            ^^^^^^^^^^^^^^^^^^^^^^
  File "/usr/local/lib/python3.11/enum.py", line 786, in __getattr__
    raise AttributeError(name) from None
AttributeError: PUBLISHED
ERROR 2025-08-02 06:18:47,818 signal 1 281473634144288 Signal handler <bound method DjangoFixup.on_import_modules of <celery.fixups.django.DjangoFixup object at 0xffffac9f8390>> raised: AttributeError('PUBLISHED')
Traceback (most recent call last):
  File "/usr/local/lib/python3.11/site-packages/celery/utils/dispatch/signal.py", line 276, in send
    response = receiver(signal=self, sender=sender, **named)
               ^^^^^^^^^^^^^^^^^^^^^^^^^^^^^^^^^^^^^^^^^^^^^
  File "/usr/local/lib/python3.11/site-packages/celery/fixups/django.py", line 97, in on_import_modules
    self.worker_fixup.validate_models()
  File "/usr/local/lib/python3.11/site-packages/celery/fixups/django.py", line 135, in validate_models
    self.django_setup()
  File "/usr/local/lib/python3.11/site-packages/celery/fixups/django.py", line 131, in django_setup
    django.setup()
  File "/usr/local/lib/python3.11/site-packages/django/__init__.py", line 24, in setup
    apps.populate(settings.INSTALLED_APPS)
  File "/usr/local/lib/python3.11/site-packages/django/apps/registry.py", line 116, in populate
    app_config.import_models()
  File "/usr/local/lib/python3.11/site-packages/django/apps/config.py", line 269, in import_models
    self.models_module = import_module(models_module_name)
                         ^^^^^^^^^^^^^^^^^^^^^^^^^^^^^^^^^
  File "/usr/local/lib/python3.11/importlib/__init__.py", line 126, in import_module
    return _bootstrap._gcd_import(name[level:], package, level)
           ^^^^^^^^^^^^^^^^^^^^^^^^^^^^^^^^^^^^^^^^^^^^^^^^^^^^
  File "<frozen importlib._bootstrap>", line 1204, in _gcd_import
  File "<frozen importlib._bootstrap>", line 1176, in _find_and_load
  File "<frozen importlib._bootstrap>", line 1147, in _find_and_load_unlocked
  File "<frozen importlib._bootstrap>", line 690, in _load_unlocked
  File "<frozen importlib._bootstrap_external>", line 940, in exec_module
  File "<frozen importlib._bootstrap>", line 241, in _call_with_frames_removed
  File "/app/restaurants/models.py", line 998, in <module>
    class RestaurantReview(BaseModel):
  File "/app/restaurants/models.py", line 1017, in RestaurantReview
    default=ReviewStatus.PUBLISHED,
            ^^^^^^^^^^^^^^^^^^^^^^
  File "/usr/local/lib/python3.11/enum.py", line 786, in __getattr__
    raise AttributeError(name) from None
AttributeError: PUBLISHED
ERROR 2025-08-02 06:18:47,832 signal 1 281473634144288 Signal handler <promise@0xffffacad2670 --> <bound method Celery._autodiscover_tasks of <Celery portfolio_project at 0xffffacb22290>>> raised: AttributeError('PUBLISHED')
Traceback (most recent call last):
  File "/usr/local/lib/python3.11/site-packages/celery/utils/dispatch/signal.py", line 276, in send
    response = receiver(signal=self, sender=sender, **named)
               ^^^^^^^^^^^^^^^^^^^^^^^^^^^^^^^^^^^^^^^^^^^^^
  File "/usr/local/lib/python3.11/site-packages/vine/promises.py", line 161, in __call__
    return self.throw()
           ^^^^^^^^^^^^
  File "/usr/local/lib/python3.11/site-packages/vine/promises.py", line 158, in __call__
    retval = fun(*final_args, **final_kwargs)
             ^^^^^^^^^^^^^^^^^^^^^^^^^^^^^^^^
  File "/usr/local/lib/python3.11/site-packages/celery/app/base.py", line 691, in _autodiscover_tasks
    return self._autodiscover_tasks_from_fixups(related_name)
           ^^^^^^^^^^^^^^^^^^^^^^^^^^^^^^^^^^^^^^^^^^^^^^^^^^
  File "/usr/local/lib/python3.11/site-packages/celery/app/base.py", line 700, in _autodiscover_tasks_from_fixups
    return self._autodiscover_tasks_from_names([
           ^^^^^^^^^^^^^^^^^^^^^^^^^^^^^^^^^^^^^
  File "/usr/local/lib/python3.11/site-packages/celery/app/base.py", line 695, in _autodiscover_tasks_from_names
    return self.loader.autodiscover_tasks(
           ^^^^^^^^^^^^^^^^^^^^^^^^^^^^^^^
  File "/usr/local/lib/python3.11/site-packages/celery/loaders/base.py", line 220, in autodiscover_tasks
    mod.__name__ for mod in autodiscover_tasks(packages or (),
                            ^^^^^^^^^^^^^^^^^^^^^^^^^^^^^^^^^^
  File "/usr/local/lib/python3.11/site-packages/celery/loaders/base.py", line 246, in autodiscover_tasks
    return [find_related_module(pkg, related_name) for pkg in packages]
           ^^^^^^^^^^^^^^^^^^^^^^^^^^^^^^^^^^^^^^^^^^^^^^^^^^^^^^^^^^^^
  File "/usr/local/lib/python3.11/site-packages/celery/loaders/base.py", line 246, in <listcomp>
    return [find_related_module(pkg, related_name) for pkg in packages]
            ^^^^^^^^^^^^^^^^^^^^^^^^^^^^^^^^^^^^^^
  File "/usr/local/lib/python3.11/site-packages/celery/loaders/base.py", line 267, in find_related_module
    return importlib.import_module(module_name)
           ^^^^^^^^^^^^^^^^^^^^^^^^^^^^^^^^^^^^
  File "/usr/local/lib/python3.11/importlib/__init__.py", line 126, in import_module
    return _bootstrap._gcd_import(name[level:], package, level)
           ^^^^^^^^^^^^^^^^^^^^^^^^^^^^^^^^^^^^^^^^^^^^^^^^^^^^
  File "<frozen importlib._bootstrap>", line 1204, in _gcd_import
  File "<frozen importlib._bootstrap>", line 1176, in _find_and_load
  File "<frozen importlib._bootstrap>", line 1147, in _find_and_load_unlocked
  File "<frozen importlib._bootstrap>", line 690, in _load_unlocked
  File "<frozen importlib._bootstrap_external>", line 940, in exec_module
  File "<frozen importlib._bootstrap>", line 241, in _call_with_frames_removed
  File "/app/restaurants/tasks.py", line 19, in <module>
    from .models import Restaurant, RestaurantImage
  File "/app/restaurants/models.py", line 998, in <module>
    class RestaurantReview(BaseModel):
  File "/app/restaurants/models.py", line 1017, in RestaurantReview
    default=ReviewStatus.PUBLISHED,
            ^^^^^^^^^^^^^^^^^^^^^^
  File "/usr/local/lib/python3.11/enum.py", line 786, in __getattr__
    raise AttributeError(name) from None
AttributeError: PUBLISHED
ERROR 2025-08-02 06:19:48,611 signal 1 281473654136864 Signal handler <bound method DjangoFixup.on_import_modules of <celery.fixups.django.DjangoFixup object at 0xffffadd043d0>> raised: AttributeError('PUBLISHED')
Traceback (most recent call last):
  File "/usr/local/lib/python3.11/site-packages/celery/utils/dispatch/signal.py", line 276, in send
    response = receiver(signal=self, sender=sender, **named)
               ^^^^^^^^^^^^^^^^^^^^^^^^^^^^^^^^^^^^^^^^^^^^^
  File "/usr/local/lib/python3.11/site-packages/celery/fixups/django.py", line 97, in on_import_modules
    self.worker_fixup.validate_models()
  File "/usr/local/lib/python3.11/site-packages/celery/fixups/django.py", line 135, in validate_models
    self.django_setup()
  File "/usr/local/lib/python3.11/site-packages/celery/fixups/django.py", line 131, in django_setup
    django.setup()
  File "/usr/local/lib/python3.11/site-packages/django/__init__.py", line 24, in setup
    apps.populate(settings.INSTALLED_APPS)
  File "/usr/local/lib/python3.11/site-packages/django/apps/registry.py", line 116, in populate
    app_config.import_models()
  File "/usr/local/lib/python3.11/site-packages/django/apps/config.py", line 269, in import_models
    self.models_module = import_module(models_module_name)
                         ^^^^^^^^^^^^^^^^^^^^^^^^^^^^^^^^^
  File "/usr/local/lib/python3.11/importlib/__init__.py", line 126, in import_module
    return _bootstrap._gcd_import(name[level:], package, level)
           ^^^^^^^^^^^^^^^^^^^^^^^^^^^^^^^^^^^^^^^^^^^^^^^^^^^^
  File "<frozen importlib._bootstrap>", line 1204, in _gcd_import
  File "<frozen importlib._bootstrap>", line 1176, in _find_and_load
  File "<frozen importlib._bootstrap>", line 1147, in _find_and_load_unlocked
  File "<frozen importlib._bootstrap>", line 690, in _load_unlocked
  File "<frozen importlib._bootstrap_external>", line 940, in exec_module
  File "<frozen importlib._bootstrap>", line 241, in _call_with_frames_removed
  File "/app/restaurants/models.py", line 998, in <module>
    class RestaurantReview(BaseModel):
  File "/app/restaurants/models.py", line 1017, in RestaurantReview
    default=ReviewStatus.PUBLISHED,
            ^^^^^^^^^^^^^^^^^^^^^^
  File "/usr/local/lib/python3.11/enum.py", line 786, in __getattr__
    raise AttributeError(name) from None
AttributeError: PUBLISHED
ERROR 2025-08-02 06:19:48,620 signal 1 281473654136864 Signal handler <promise@0xffffade2e670 --> <bound method Celery._autodiscover_tasks of <Celery portfolio_project at 0xffffade2a0d0>>> raised: AttributeError('PUBLISHED')
Traceback (most recent call last):
  File "/usr/local/lib/python3.11/site-packages/celery/utils/dispatch/signal.py", line 276, in send
    response = receiver(signal=self, sender=sender, **named)
               ^^^^^^^^^^^^^^^^^^^^^^^^^^^^^^^^^^^^^^^^^^^^^
  File "/usr/local/lib/python3.11/site-packages/vine/promises.py", line 161, in __call__
    return self.throw()
           ^^^^^^^^^^^^
  File "/usr/local/lib/python3.11/site-packages/vine/promises.py", line 158, in __call__
    retval = fun(*final_args, **final_kwargs)
             ^^^^^^^^^^^^^^^^^^^^^^^^^^^^^^^^
  File "/usr/local/lib/python3.11/site-packages/celery/app/base.py", line 691, in _autodiscover_tasks
    return self._autodiscover_tasks_from_fixups(related_name)
           ^^^^^^^^^^^^^^^^^^^^^^^^^^^^^^^^^^^^^^^^^^^^^^^^^^
  File "/usr/local/lib/python3.11/site-packages/celery/app/base.py", line 700, in _autodiscover_tasks_from_fixups
    return self._autodiscover_tasks_from_names([
           ^^^^^^^^^^^^^^^^^^^^^^^^^^^^^^^^^^^^^
  File "/usr/local/lib/python3.11/site-packages/celery/app/base.py", line 695, in _autodiscover_tasks_from_names
    return self.loader.autodiscover_tasks(
           ^^^^^^^^^^^^^^^^^^^^^^^^^^^^^^^
  File "/usr/local/lib/python3.11/site-packages/celery/loaders/base.py", line 220, in autodiscover_tasks
    mod.__name__ for mod in autodiscover_tasks(packages or (),
                            ^^^^^^^^^^^^^^^^^^^^^^^^^^^^^^^^^^
  File "/usr/local/lib/python3.11/site-packages/celery/loaders/base.py", line 246, in autodiscover_tasks
    return [find_related_module(pkg, related_name) for pkg in packages]
           ^^^^^^^^^^^^^^^^^^^^^^^^^^^^^^^^^^^^^^^^^^^^^^^^^^^^^^^^^^^^
  File "/usr/local/lib/python3.11/site-packages/celery/loaders/base.py", line 246, in <listcomp>
    return [find_related_module(pkg, related_name) for pkg in packages]
            ^^^^^^^^^^^^^^^^^^^^^^^^^^^^^^^^^^^^^^
  File "/usr/local/lib/python3.11/site-packages/celery/loaders/base.py", line 267, in find_related_module
    return importlib.import_module(module_name)
           ^^^^^^^^^^^^^^^^^^^^^^^^^^^^^^^^^^^^
  File "/usr/local/lib/python3.11/importlib/__init__.py", line 126, in import_module
    return _bootstrap._gcd_import(name[level:], package, level)
           ^^^^^^^^^^^^^^^^^^^^^^^^^^^^^^^^^^^^^^^^^^^^^^^^^^^^
  File "<frozen importlib._bootstrap>", line 1204, in _gcd_import
  File "<frozen importlib._bootstrap>", line 1176, in _find_and_load
  File "<frozen importlib._bootstrap>", line 1147, in _find_and_load_unlocked
  File "<frozen importlib._bootstrap>", line 690, in _load_unlocked
  File "<frozen importlib._bootstrap_external>", line 940, in exec_module
  File "<frozen importlib._bootstrap>", line 241, in _call_with_frames_removed
  File "/app/restaurants/tasks.py", line 19, in <module>
    from .models import Restaurant, RestaurantImage
  File "/app/restaurants/models.py", line 998, in <module>
    class RestaurantReview(BaseModel):
  File "/app/restaurants/models.py", line 1017, in RestaurantReview
    default=ReviewStatus.PUBLISHED,
            ^^^^^^^^^^^^^^^^^^^^^^
  File "/usr/local/lib/python3.11/enum.py", line 786, in __getattr__
    raise AttributeError(name) from None
AttributeError: PUBLISHED
ERROR 2025-08-02 06:19:48,626 signal 1 281473071845408 Signal handler <bound method DjangoFixup.on_import_modules of <celery.fixups.django.DjangoFixup object at 0xffff8b1b8290>> raised: AttributeError('PUBLISHED')
Traceback (most recent call last):
  File "/usr/local/lib/python3.11/site-packages/celery/utils/dispatch/signal.py", line 276, in send
    response = receiver(signal=self, sender=sender, **named)
               ^^^^^^^^^^^^^^^^^^^^^^^^^^^^^^^^^^^^^^^^^^^^^
  File "/usr/local/lib/python3.11/site-packages/celery/fixups/django.py", line 97, in on_import_modules
    self.worker_fixup.validate_models()
  File "/usr/local/lib/python3.11/site-packages/celery/fixups/django.py", line 135, in validate_models
    self.django_setup()
  File "/usr/local/lib/python3.11/site-packages/celery/fixups/django.py", line 131, in django_setup
    django.setup()
  File "/usr/local/lib/python3.11/site-packages/django/__init__.py", line 24, in setup
    apps.populate(settings.INSTALLED_APPS)
  File "/usr/local/lib/python3.11/site-packages/django/apps/registry.py", line 116, in populate
    app_config.import_models()
  File "/usr/local/lib/python3.11/site-packages/django/apps/config.py", line 269, in import_models
    self.models_module = import_module(models_module_name)
                         ^^^^^^^^^^^^^^^^^^^^^^^^^^^^^^^^^
  File "/usr/local/lib/python3.11/importlib/__init__.py", line 126, in import_module
    return _bootstrap._gcd_import(name[level:], package, level)
           ^^^^^^^^^^^^^^^^^^^^^^^^^^^^^^^^^^^^^^^^^^^^^^^^^^^^
  File "<frozen importlib._bootstrap>", line 1204, in _gcd_import
  File "<frozen importlib._bootstrap>", line 1176, in _find_and_load
  File "<frozen importlib._bootstrap>", line 1147, in _find_and_load_unlocked
  File "<frozen importlib._bootstrap>", line 690, in _load_unlocked
  File "<frozen importlib._bootstrap_external>", line 940, in exec_module
  File "<frozen importlib._bootstrap>", line 241, in _call_with_frames_removed
  File "/app/restaurants/models.py", line 998, in <module>
    class RestaurantReview(BaseModel):
  File "/app/restaurants/models.py", line 1017, in RestaurantReview
    default=ReviewStatus.PUBLISHED,
            ^^^^^^^^^^^^^^^^^^^^^^
  File "/usr/local/lib/python3.11/enum.py", line 786, in __getattr__
    raise AttributeError(name) from None
AttributeError: PUBLISHED
ERROR 2025-08-02 06:19:48,640 signal 1 281473071845408 Signal handler <promise@0xffff8b292670 --> <bound method Celery._autodiscover_tasks of <Celery portfolio_project at 0xffff8b2e2090>>> raised: AttributeError('PUBLISHED')
Traceback (most recent call last):
  File "/usr/local/lib/python3.11/site-packages/celery/utils/dispatch/signal.py", line 276, in send
    response = receiver(signal=self, sender=sender, **named)
               ^^^^^^^^^^^^^^^^^^^^^^^^^^^^^^^^^^^^^^^^^^^^^
  File "/usr/local/lib/python3.11/site-packages/vine/promises.py", line 161, in __call__
    return self.throw()
           ^^^^^^^^^^^^
  File "/usr/local/lib/python3.11/site-packages/vine/promises.py", line 158, in __call__
    retval = fun(*final_args, **final_kwargs)
             ^^^^^^^^^^^^^^^^^^^^^^^^^^^^^^^^
  File "/usr/local/lib/python3.11/site-packages/celery/app/base.py", line 691, in _autodiscover_tasks
    return self._autodiscover_tasks_from_fixups(related_name)
           ^^^^^^^^^^^^^^^^^^^^^^^^^^^^^^^^^^^^^^^^^^^^^^^^^^
  File "/usr/local/lib/python3.11/site-packages/celery/app/base.py", line 700, in _autodiscover_tasks_from_fixups
    return self._autodiscover_tasks_from_names([
           ^^^^^^^^^^^^^^^^^^^^^^^^^^^^^^^^^^^^^
  File "/usr/local/lib/python3.11/site-packages/celery/app/base.py", line 695, in _autodiscover_tasks_from_names
    return self.loader.autodiscover_tasks(
           ^^^^^^^^^^^^^^^^^^^^^^^^^^^^^^^
  File "/usr/local/lib/python3.11/site-packages/celery/loaders/base.py", line 220, in autodiscover_tasks
    mod.__name__ for mod in autodiscover_tasks(packages or (),
                            ^^^^^^^^^^^^^^^^^^^^^^^^^^^^^^^^^^
  File "/usr/local/lib/python3.11/site-packages/celery/loaders/base.py", line 246, in autodiscover_tasks
    return [find_related_module(pkg, related_name) for pkg in packages]
           ^^^^^^^^^^^^^^^^^^^^^^^^^^^^^^^^^^^^^^^^^^^^^^^^^^^^^^^^^^^^
  File "/usr/local/lib/python3.11/site-packages/celery/loaders/base.py", line 246, in <listcomp>
    return [find_related_module(pkg, related_name) for pkg in packages]
            ^^^^^^^^^^^^^^^^^^^^^^^^^^^^^^^^^^^^^^
  File "/usr/local/lib/python3.11/site-packages/celery/loaders/base.py", line 267, in find_related_module
    return importlib.import_module(module_name)
           ^^^^^^^^^^^^^^^^^^^^^^^^^^^^^^^^^^^^
  File "/usr/local/lib/python3.11/importlib/__init__.py", line 126, in import_module
    return _bootstrap._gcd_import(name[level:], package, level)
           ^^^^^^^^^^^^^^^^^^^^^^^^^^^^^^^^^^^^^^^^^^^^^^^^^^^^
  File "<frozen importlib._bootstrap>", line 1204, in _gcd_import
  File "<frozen importlib._bootstrap>", line 1176, in _find_and_load
  File "<frozen importlib._bootstrap>", line 1147, in _find_and_load_unlocked
  File "<frozen importlib._bootstrap>", line 690, in _load_unlocked
  File "<frozen importlib._bootstrap_external>", line 940, in exec_module
  File "<frozen importlib._bootstrap>", line 241, in _call_with_frames_removed
  File "/app/restaurants/tasks.py", line 19, in <module>
    from .models import Restaurant, RestaurantImage
  File "/app/restaurants/models.py", line 998, in <module>
    class RestaurantReview(BaseModel):
  File "/app/restaurants/models.py", line 1017, in RestaurantReview
    default=ReviewStatus.PUBLISHED,
            ^^^^^^^^^^^^^^^^^^^^^^
  File "/usr/local/lib/python3.11/enum.py", line 786, in __getattr__
    raise AttributeError(name) from None
AttributeError: PUBLISHED
ERROR 2025-08-02 06:20:49,436 signal 1 281473855488032 Signal handler <bound method DjangoFixup.on_import_modules of <celery.fixups.django.DjangoFixup object at 0xffffb9d00690>> raised: AttributeError('PUBLISHED')
Traceback (most recent call last):
  File "/usr/local/lib/python3.11/site-packages/celery/utils/dispatch/signal.py", line 276, in send
    response = receiver(signal=self, sender=sender, **named)
               ^^^^^^^^^^^^^^^^^^^^^^^^^^^^^^^^^^^^^^^^^^^^^
  File "/usr/local/lib/python3.11/site-packages/celery/fixups/django.py", line 97, in on_import_modules
    self.worker_fixup.validate_models()
  File "/usr/local/lib/python3.11/site-packages/celery/fixups/django.py", line 135, in validate_models
    self.django_setup()
  File "/usr/local/lib/python3.11/site-packages/celery/fixups/django.py", line 131, in django_setup
    django.setup()
  File "/usr/local/lib/python3.11/site-packages/django/__init__.py", line 24, in setup
    apps.populate(settings.INSTALLED_APPS)
  File "/usr/local/lib/python3.11/site-packages/django/apps/registry.py", line 116, in populate
    app_config.import_models()
  File "/usr/local/lib/python3.11/site-packages/django/apps/config.py", line 269, in import_models
    self.models_module = import_module(models_module_name)
                         ^^^^^^^^^^^^^^^^^^^^^^^^^^^^^^^^^
  File "/usr/local/lib/python3.11/importlib/__init__.py", line 126, in import_module
    return _bootstrap._gcd_import(name[level:], package, level)
           ^^^^^^^^^^^^^^^^^^^^^^^^^^^^^^^^^^^^^^^^^^^^^^^^^^^^
  File "<frozen importlib._bootstrap>", line 1204, in _gcd_import
  File "<frozen importlib._bootstrap>", line 1176, in _find_and_load
  File "<frozen importlib._bootstrap>", line 1147, in _find_and_load_unlocked
  File "<frozen importlib._bootstrap>", line 690, in _load_unlocked
  File "<frozen importlib._bootstrap_external>", line 940, in exec_module
  File "<frozen importlib._bootstrap>", line 241, in _call_with_frames_removed
  File "/app/restaurants/models.py", line 998, in <module>
    class RestaurantReview(BaseModel):
  File "/app/restaurants/models.py", line 1017, in RestaurantReview
    default=ReviewStatus.PUBLISHED,
            ^^^^^^^^^^^^^^^^^^^^^^
  File "/usr/local/lib/python3.11/enum.py", line 786, in __getattr__
    raise AttributeError(name) from None
AttributeError: PUBLISHED
ERROR 2025-08-02 06:20:49,448 signal 1 281473855488032 Signal handler <promise@0xffffb9e26670 --> <bound method Celery._autodiscover_tasks of <Celery portfolio_project at 0xffffb9e22490>>> raised: AttributeError('PUBLISHED')
Traceback (most recent call last):
  File "/usr/local/lib/python3.11/site-packages/celery/utils/dispatch/signal.py", line 276, in send
    response = receiver(signal=self, sender=sender, **named)
               ^^^^^^^^^^^^^^^^^^^^^^^^^^^^^^^^^^^^^^^^^^^^^
  File "/usr/local/lib/python3.11/site-packages/vine/promises.py", line 161, in __call__
    return self.throw()
           ^^^^^^^^^^^^
  File "/usr/local/lib/python3.11/site-packages/vine/promises.py", line 158, in __call__
    retval = fun(*final_args, **final_kwargs)
             ^^^^^^^^^^^^^^^^^^^^^^^^^^^^^^^^
  File "/usr/local/lib/python3.11/site-packages/celery/app/base.py", line 691, in _autodiscover_tasks
    return self._autodiscover_tasks_from_fixups(related_name)
           ^^^^^^^^^^^^^^^^^^^^^^^^^^^^^^^^^^^^^^^^^^^^^^^^^^
  File "/usr/local/lib/python3.11/site-packages/celery/app/base.py", line 700, in _autodiscover_tasks_from_fixups
    return self._autodiscover_tasks_from_names([
           ^^^^^^^^^^^^^^^^^^^^^^^^^^^^^^^^^^^^^
  File "/usr/local/lib/python3.11/site-packages/celery/app/base.py", line 695, in _autodiscover_tasks_from_names
    return self.loader.autodiscover_tasks(
           ^^^^^^^^^^^^^^^^^^^^^^^^^^^^^^^
  File "/usr/local/lib/python3.11/site-packages/celery/loaders/base.py", line 220, in autodiscover_tasks
    mod.__name__ for mod in autodiscover_tasks(packages or (),
                            ^^^^^^^^^^^^^^^^^^^^^^^^^^^^^^^^^^
  File "/usr/local/lib/python3.11/site-packages/celery/loaders/base.py", line 246, in autodiscover_tasks
    return [find_related_module(pkg, related_name) for pkg in packages]
           ^^^^^^^^^^^^^^^^^^^^^^^^^^^^^^^^^^^^^^^^^^^^^^^^^^^^^^^^^^^^
  File "/usr/local/lib/python3.11/site-packages/celery/loaders/base.py", line 246, in <listcomp>
    return [find_related_module(pkg, related_name) for pkg in packages]
            ^^^^^^^^^^^^^^^^^^^^^^^^^^^^^^^^^^^^^^
  File "/usr/local/lib/python3.11/site-packages/celery/loaders/base.py", line 267, in find_related_module
    return importlib.import_module(module_name)
           ^^^^^^^^^^^^^^^^^^^^^^^^^^^^^^^^^^^^
  File "/usr/local/lib/python3.11/importlib/__init__.py", line 126, in import_module
    return _bootstrap._gcd_import(name[level:], package, level)
           ^^^^^^^^^^^^^^^^^^^^^^^^^^^^^^^^^^^^^^^^^^^^^^^^^^^^
  File "<frozen importlib._bootstrap>", line 1204, in _gcd_import
  File "<frozen importlib._bootstrap>", line 1176, in _find_and_load
  File "<frozen importlib._bootstrap>", line 1147, in _find_and_load_unlocked
  File "<frozen importlib._bootstrap>", line 690, in _load_unlocked
  File "<frozen importlib._bootstrap_external>", line 940, in exec_module
  File "<frozen importlib._bootstrap>", line 241, in _call_with_frames_removed
  File "/app/restaurants/tasks.py", line 19, in <module>
    from .models import Restaurant, RestaurantImage
  File "/app/restaurants/models.py", line 998, in <module>
    class RestaurantReview(BaseModel):
  File "/app/restaurants/models.py", line 1017, in RestaurantReview
    default=ReviewStatus.PUBLISHED,
            ^^^^^^^^^^^^^^^^^^^^^^
  File "/usr/local/lib/python3.11/enum.py", line 786, in __getattr__
    raise AttributeError(name) from None
AttributeError: PUBLISHED
ERROR 2025-08-02 06:20:49,456 signal 1 281473818783776 Signal handler <bound method DjangoFixup.on_import_modules of <celery.fixups.django.DjangoFixup object at 0xffffb7a28150>> raised: AttributeError('PUBLISHED')
Traceback (most recent call last):
  File "/usr/local/lib/python3.11/site-packages/celery/utils/dispatch/signal.py", line 276, in send
    response = receiver(signal=self, sender=sender, **named)
               ^^^^^^^^^^^^^^^^^^^^^^^^^^^^^^^^^^^^^^^^^^^^^
  File "/usr/local/lib/python3.11/site-packages/celery/fixups/django.py", line 97, in on_import_modules
    self.worker_fixup.validate_models()
  File "/usr/local/lib/python3.11/site-packages/celery/fixups/django.py", line 135, in validate_models
    self.django_setup()
  File "/usr/local/lib/python3.11/site-packages/celery/fixups/django.py", line 131, in django_setup
    django.setup()
  File "/usr/local/lib/python3.11/site-packages/django/__init__.py", line 24, in setup
    apps.populate(settings.INSTALLED_APPS)
  File "/usr/local/lib/python3.11/site-packages/django/apps/registry.py", line 116, in populate
    app_config.import_models()
  File "/usr/local/lib/python3.11/site-packages/django/apps/config.py", line 269, in import_models
    self.models_module = import_module(models_module_name)
                         ^^^^^^^^^^^^^^^^^^^^^^^^^^^^^^^^^
  File "/usr/local/lib/python3.11/importlib/__init__.py", line 126, in import_module
    return _bootstrap._gcd_import(name[level:], package, level)
           ^^^^^^^^^^^^^^^^^^^^^^^^^^^^^^^^^^^^^^^^^^^^^^^^^^^^
  File "<frozen importlib._bootstrap>", line 1204, in _gcd_import
  File "<frozen importlib._bootstrap>", line 1176, in _find_and_load
  File "<frozen importlib._bootstrap>", line 1147, in _find_and_load_unlocked
  File "<frozen importlib._bootstrap>", line 690, in _load_unlocked
  File "<frozen importlib._bootstrap_external>", line 940, in exec_module
  File "<frozen importlib._bootstrap>", line 241, in _call_with_frames_removed
  File "/app/restaurants/models.py", line 998, in <module>
    class RestaurantReview(BaseModel):
  File "/app/restaurants/models.py", line 1017, in RestaurantReview
    default=ReviewStatus.PUBLISHED,
            ^^^^^^^^^^^^^^^^^^^^^^
  File "/usr/local/lib/python3.11/enum.py", line 786, in __getattr__
    raise AttributeError(name) from None
AttributeError: PUBLISHED
ERROR 2025-08-02 06:20:49,466 signal 1 281473818783776 Signal handler <promise@0xffffb7b02670 --> <bound method Celery._autodiscover_tasks of <Celery portfolio_project at 0xffffb7b51f90>>> raised: AttributeError('PUBLISHED')
Traceback (most recent call last):
  File "/usr/local/lib/python3.11/site-packages/celery/utils/dispatch/signal.py", line 276, in send
    response = receiver(signal=self, sender=sender, **named)
               ^^^^^^^^^^^^^^^^^^^^^^^^^^^^^^^^^^^^^^^^^^^^^
  File "/usr/local/lib/python3.11/site-packages/vine/promises.py", line 161, in __call__
    return self.throw()
           ^^^^^^^^^^^^
  File "/usr/local/lib/python3.11/site-packages/vine/promises.py", line 158, in __call__
    retval = fun(*final_args, **final_kwargs)
             ^^^^^^^^^^^^^^^^^^^^^^^^^^^^^^^^
  File "/usr/local/lib/python3.11/site-packages/celery/app/base.py", line 691, in _autodiscover_tasks
    return self._autodiscover_tasks_from_fixups(related_name)
           ^^^^^^^^^^^^^^^^^^^^^^^^^^^^^^^^^^^^^^^^^^^^^^^^^^
  File "/usr/local/lib/python3.11/site-packages/celery/app/base.py", line 700, in _autodiscover_tasks_from_fixups
    return self._autodiscover_tasks_from_names([
           ^^^^^^^^^^^^^^^^^^^^^^^^^^^^^^^^^^^^^
  File "/usr/local/lib/python3.11/site-packages/celery/app/base.py", line 695, in _autodiscover_tasks_from_names
    return self.loader.autodiscover_tasks(
           ^^^^^^^^^^^^^^^^^^^^^^^^^^^^^^^
  File "/usr/local/lib/python3.11/site-packages/celery/loaders/base.py", line 220, in autodiscover_tasks
    mod.__name__ for mod in autodiscover_tasks(packages or (),
                            ^^^^^^^^^^^^^^^^^^^^^^^^^^^^^^^^^^
  File "/usr/local/lib/python3.11/site-packages/celery/loaders/base.py", line 246, in autodiscover_tasks
    return [find_related_module(pkg, related_name) for pkg in packages]
           ^^^^^^^^^^^^^^^^^^^^^^^^^^^^^^^^^^^^^^^^^^^^^^^^^^^^^^^^^^^^
  File "/usr/local/lib/python3.11/site-packages/celery/loaders/base.py", line 246, in <listcomp>
    return [find_related_module(pkg, related_name) for pkg in packages]
            ^^^^^^^^^^^^^^^^^^^^^^^^^^^^^^^^^^^^^^
  File "/usr/local/lib/python3.11/site-packages/celery/loaders/base.py", line 267, in find_related_module
    return importlib.import_module(module_name)
           ^^^^^^^^^^^^^^^^^^^^^^^^^^^^^^^^^^^^
  File "/usr/local/lib/python3.11/importlib/__init__.py", line 126, in import_module
    return _bootstrap._gcd_import(name[level:], package, level)
           ^^^^^^^^^^^^^^^^^^^^^^^^^^^^^^^^^^^^^^^^^^^^^^^^^^^^
  File "<frozen importlib._bootstrap>", line 1204, in _gcd_import
  File "<frozen importlib._bootstrap>", line 1176, in _find_and_load
  File "<frozen importlib._bootstrap>", line 1147, in _find_and_load_unlocked
  File "<frozen importlib._bootstrap>", line 690, in _load_unlocked
  File "<frozen importlib._bootstrap_external>", line 940, in exec_module
  File "<frozen importlib._bootstrap>", line 241, in _call_with_frames_removed
  File "/app/restaurants/tasks.py", line 19, in <module>
    from .models import Restaurant, RestaurantImage
  File "/app/restaurants/models.py", line 998, in <module>
    class RestaurantReview(BaseModel):
  File "/app/restaurants/models.py", line 1017, in RestaurantReview
    default=ReviewStatus.PUBLISHED,
            ^^^^^^^^^^^^^^^^^^^^^^
  File "/usr/local/lib/python3.11/enum.py", line 786, in __getattr__
    raise AttributeError(name) from None
AttributeError: PUBLISHED
ERROR 2025-08-02 06:21:50,267 signal 1 281472904319008 Signal handler <bound method DjangoFixup.on_import_modules of <celery.fixups.django.DjangoFixup object at 0xffff8132bf50>> raised: AttributeError('PUBLISHED')
Traceback (most recent call last):
  File "/usr/local/lib/python3.11/site-packages/celery/utils/dispatch/signal.py", line 276, in send
    response = receiver(signal=self, sender=sender, **named)
               ^^^^^^^^^^^^^^^^^^^^^^^^^^^^^^^^^^^^^^^^^^^^^
  File "/usr/local/lib/python3.11/site-packages/celery/fixups/django.py", line 97, in on_import_modules
    self.worker_fixup.validate_models()
  File "/usr/local/lib/python3.11/site-packages/celery/fixups/django.py", line 135, in validate_models
    self.django_setup()
  File "/usr/local/lib/python3.11/site-packages/celery/fixups/django.py", line 131, in django_setup
    django.setup()
  File "/usr/local/lib/python3.11/site-packages/django/__init__.py", line 24, in setup
    apps.populate(settings.INSTALLED_APPS)
  File "/usr/local/lib/python3.11/site-packages/django/apps/registry.py", line 116, in populate
    app_config.import_models()
  File "/usr/local/lib/python3.11/site-packages/django/apps/config.py", line 269, in import_models
    self.models_module = import_module(models_module_name)
                         ^^^^^^^^^^^^^^^^^^^^^^^^^^^^^^^^^
  File "/usr/local/lib/python3.11/importlib/__init__.py", line 126, in import_module
    return _bootstrap._gcd_import(name[level:], package, level)
           ^^^^^^^^^^^^^^^^^^^^^^^^^^^^^^^^^^^^^^^^^^^^^^^^^^^^
  File "<frozen importlib._bootstrap>", line 1204, in _gcd_import
  File "<frozen importlib._bootstrap>", line 1176, in _find_and_load
  File "<frozen importlib._bootstrap>", line 1147, in _find_and_load_unlocked
  File "<frozen importlib._bootstrap>", line 690, in _load_unlocked
  File "<frozen importlib._bootstrap_external>", line 940, in exec_module
  File "<frozen importlib._bootstrap>", line 241, in _call_with_frames_removed
  File "/app/restaurants/models.py", line 998, in <module>
    class RestaurantReview(BaseModel):
  File "/app/restaurants/models.py", line 1017, in RestaurantReview
    default=ReviewStatus.PUBLISHED,
            ^^^^^^^^^^^^^^^^^^^^^^
  File "/usr/local/lib/python3.11/enum.py", line 786, in __getattr__
    raise AttributeError(name) from None
AttributeError: PUBLISHED
ERROR 2025-08-02 06:21:50,274 signal 1 281473094766624 Signal handler <bound method DjangoFixup.on_import_modules of <celery.fixups.django.DjangoFixup object at 0xffff8c7c0110>> raised: AttributeError('PUBLISHED')
Traceback (most recent call last):
  File "/usr/local/lib/python3.11/site-packages/celery/utils/dispatch/signal.py", line 276, in send
    response = receiver(signal=self, sender=sender, **named)
               ^^^^^^^^^^^^^^^^^^^^^^^^^^^^^^^^^^^^^^^^^^^^^
  File "/usr/local/lib/python3.11/site-packages/celery/fixups/django.py", line 97, in on_import_modules
    self.worker_fixup.validate_models()
  File "/usr/local/lib/python3.11/site-packages/celery/fixups/django.py", line 135, in validate_models
    self.django_setup()
  File "/usr/local/lib/python3.11/site-packages/celery/fixups/django.py", line 131, in django_setup
    django.setup()
  File "/usr/local/lib/python3.11/site-packages/django/__init__.py", line 24, in setup
    apps.populate(settings.INSTALLED_APPS)
  File "/usr/local/lib/python3.11/site-packages/django/apps/registry.py", line 116, in populate
    app_config.import_models()
  File "/usr/local/lib/python3.11/site-packages/django/apps/config.py", line 269, in import_models
    self.models_module = import_module(models_module_name)
                         ^^^^^^^^^^^^^^^^^^^^^^^^^^^^^^^^^
  File "/usr/local/lib/python3.11/importlib/__init__.py", line 126, in import_module
    return _bootstrap._gcd_import(name[level:], package, level)
           ^^^^^^^^^^^^^^^^^^^^^^^^^^^^^^^^^^^^^^^^^^^^^^^^^^^^
  File "<frozen importlib._bootstrap>", line 1204, in _gcd_import
  File "<frozen importlib._bootstrap>", line 1176, in _find_and_load
  File "<frozen importlib._bootstrap>", line 1147, in _find_and_load_unlocked
  File "<frozen importlib._bootstrap>", line 690, in _load_unlocked
  File "<frozen importlib._bootstrap_external>", line 940, in exec_module
  File "<frozen importlib._bootstrap>", line 241, in _call_with_frames_removed
  File "/app/restaurants/models.py", line 998, in <module>
    class RestaurantReview(BaseModel):
  File "/app/restaurants/models.py", line 1017, in RestaurantReview
    default=ReviewStatus.PUBLISHED,
            ^^^^^^^^^^^^^^^^^^^^^^
  File "/usr/local/lib/python3.11/enum.py", line 786, in __getattr__
    raise AttributeError(name) from None
AttributeError: PUBLISHED
ERROR 2025-08-02 06:21:50,277 signal 1 281472904319008 Signal handler <promise@0xffff8131e670 --> <bound method Celery._autodiscover_tasks of <Celery portfolio_project at 0xffff81309f50>>> raised: AttributeError('PUBLISHED')
Traceback (most recent call last):
  File "/usr/local/lib/python3.11/site-packages/celery/utils/dispatch/signal.py", line 276, in send
    response = receiver(signal=self, sender=sender, **named)
               ^^^^^^^^^^^^^^^^^^^^^^^^^^^^^^^^^^^^^^^^^^^^^
  File "/usr/local/lib/python3.11/site-packages/vine/promises.py", line 161, in __call__
    return self.throw()
           ^^^^^^^^^^^^
  File "/usr/local/lib/python3.11/site-packages/vine/promises.py", line 158, in __call__
    retval = fun(*final_args, **final_kwargs)
             ^^^^^^^^^^^^^^^^^^^^^^^^^^^^^^^^
  File "/usr/local/lib/python3.11/site-packages/celery/app/base.py", line 691, in _autodiscover_tasks
    return self._autodiscover_tasks_from_fixups(related_name)
           ^^^^^^^^^^^^^^^^^^^^^^^^^^^^^^^^^^^^^^^^^^^^^^^^^^
  File "/usr/local/lib/python3.11/site-packages/celery/app/base.py", line 700, in _autodiscover_tasks_from_fixups
    return self._autodiscover_tasks_from_names([
           ^^^^^^^^^^^^^^^^^^^^^^^^^^^^^^^^^^^^^
  File "/usr/local/lib/python3.11/site-packages/celery/app/base.py", line 695, in _autodiscover_tasks_from_names
    return self.loader.autodiscover_tasks(
           ^^^^^^^^^^^^^^^^^^^^^^^^^^^^^^^
  File "/usr/local/lib/python3.11/site-packages/celery/loaders/base.py", line 220, in autodiscover_tasks
    mod.__name__ for mod in autodiscover_tasks(packages or (),
                            ^^^^^^^^^^^^^^^^^^^^^^^^^^^^^^^^^^
  File "/usr/local/lib/python3.11/site-packages/celery/loaders/base.py", line 246, in autodiscover_tasks
    return [find_related_module(pkg, related_name) for pkg in packages]
           ^^^^^^^^^^^^^^^^^^^^^^^^^^^^^^^^^^^^^^^^^^^^^^^^^^^^^^^^^^^^
  File "/usr/local/lib/python3.11/site-packages/celery/loaders/base.py", line 246, in <listcomp>
    return [find_related_module(pkg, related_name) for pkg in packages]
            ^^^^^^^^^^^^^^^^^^^^^^^^^^^^^^^^^^^^^^
  File "/usr/local/lib/python3.11/site-packages/celery/loaders/base.py", line 267, in find_related_module
    return importlib.import_module(module_name)
           ^^^^^^^^^^^^^^^^^^^^^^^^^^^^^^^^^^^^
  File "/usr/local/lib/python3.11/importlib/__init__.py", line 126, in import_module
    return _bootstrap._gcd_import(name[level:], package, level)
           ^^^^^^^^^^^^^^^^^^^^^^^^^^^^^^^^^^^^^^^^^^^^^^^^^^^^
  File "<frozen importlib._bootstrap>", line 1204, in _gcd_import
  File "<frozen importlib._bootstrap>", line 1176, in _find_and_load
  File "<frozen importlib._bootstrap>", line 1147, in _find_and_load_unlocked
  File "<frozen importlib._bootstrap>", line 690, in _load_unlocked
  File "<frozen importlib._bootstrap_external>", line 940, in exec_module
  File "<frozen importlib._bootstrap>", line 241, in _call_with_frames_removed
  File "/app/restaurants/tasks.py", line 19, in <module>
    from .models import Restaurant, RestaurantImage
  File "/app/restaurants/models.py", line 998, in <module>
    class RestaurantReview(BaseModel):
  File "/app/restaurants/models.py", line 1017, in RestaurantReview
    default=ReviewStatus.PUBLISHED,
            ^^^^^^^^^^^^^^^^^^^^^^
  File "/usr/local/lib/python3.11/enum.py", line 786, in __getattr__
    raise AttributeError(name) from None
AttributeError: PUBLISHED
ERROR 2025-08-02 06:21:50,284 signal 1 281473094766624 Signal handler <promise@0xffff8c8a6670 --> <bound method Celery._autodiscover_tasks of <Celery portfolio_project at 0xffff8c899e50>>> raised: AttributeError('PUBLISHED')
Traceback (most recent call last):
  File "/usr/local/lib/python3.11/site-packages/celery/utils/dispatch/signal.py", line 276, in send
    response = receiver(signal=self, sender=sender, **named)
               ^^^^^^^^^^^^^^^^^^^^^^^^^^^^^^^^^^^^^^^^^^^^^
  File "/usr/local/lib/python3.11/site-packages/vine/promises.py", line 161, in __call__
    return self.throw()
           ^^^^^^^^^^^^
  File "/usr/local/lib/python3.11/site-packages/vine/promises.py", line 158, in __call__
    retval = fun(*final_args, **final_kwargs)
             ^^^^^^^^^^^^^^^^^^^^^^^^^^^^^^^^
  File "/usr/local/lib/python3.11/site-packages/celery/app/base.py", line 691, in _autodiscover_tasks
    return self._autodiscover_tasks_from_fixups(related_name)
           ^^^^^^^^^^^^^^^^^^^^^^^^^^^^^^^^^^^^^^^^^^^^^^^^^^
  File "/usr/local/lib/python3.11/site-packages/celery/app/base.py", line 700, in _autodiscover_tasks_from_fixups
    return self._autodiscover_tasks_from_names([
           ^^^^^^^^^^^^^^^^^^^^^^^^^^^^^^^^^^^^^
  File "/usr/local/lib/python3.11/site-packages/celery/app/base.py", line 695, in _autodiscover_tasks_from_names
    return self.loader.autodiscover_tasks(
           ^^^^^^^^^^^^^^^^^^^^^^^^^^^^^^^
  File "/usr/local/lib/python3.11/site-packages/celery/loaders/base.py", line 220, in autodiscover_tasks
    mod.__name__ for mod in autodiscover_tasks(packages or (),
                            ^^^^^^^^^^^^^^^^^^^^^^^^^^^^^^^^^^
  File "/usr/local/lib/python3.11/site-packages/celery/loaders/base.py", line 246, in autodiscover_tasks
    return [find_related_module(pkg, related_name) for pkg in packages]
           ^^^^^^^^^^^^^^^^^^^^^^^^^^^^^^^^^^^^^^^^^^^^^^^^^^^^^^^^^^^^
  File "/usr/local/lib/python3.11/site-packages/celery/loaders/base.py", line 246, in <listcomp>
    return [find_related_module(pkg, related_name) for pkg in packages]
            ^^^^^^^^^^^^^^^^^^^^^^^^^^^^^^^^^^^^^^
  File "/usr/local/lib/python3.11/site-packages/celery/loaders/base.py", line 267, in find_related_module
    return importlib.import_module(module_name)
           ^^^^^^^^^^^^^^^^^^^^^^^^^^^^^^^^^^^^
  File "/usr/local/lib/python3.11/importlib/__init__.py", line 126, in import_module
    return _bootstrap._gcd_import(name[level:], package, level)
           ^^^^^^^^^^^^^^^^^^^^^^^^^^^^^^^^^^^^^^^^^^^^^^^^^^^^
  File "<frozen importlib._bootstrap>", line 1204, in _gcd_import
  File "<frozen importlib._bootstrap>", line 1176, in _find_and_load
  File "<frozen importlib._bootstrap>", line 1147, in _find_and_load_unlocked
  File "<frozen importlib._bootstrap>", line 690, in _load_unlocked
  File "<frozen importlib._bootstrap_external>", line 940, in exec_module
  File "<frozen importlib._bootstrap>", line 241, in _call_with_frames_removed
  File "/app/restaurants/tasks.py", line 19, in <module>
    from .models import Restaurant, RestaurantImage
  File "/app/restaurants/models.py", line 998, in <module>
    class RestaurantReview(BaseModel):
  File "/app/restaurants/models.py", line 1017, in RestaurantReview
    default=ReviewStatus.PUBLISHED,
            ^^^^^^^^^^^^^^^^^^^^^^
  File "/usr/local/lib/python3.11/enum.py", line 786, in __getattr__
    raise AttributeError(name) from None
AttributeError: PUBLISHED
ERROR 2025-08-02 06:22:51,095 signal 1 281473683025952 Signal handler <bound method DjangoFixup.on_import_modules of <celery.fixups.django.DjangoFixup object at 0xffffaf8b8390>> raised: AttributeError('PUBLISHED')
Traceback (most recent call last):
  File "/usr/local/lib/python3.11/site-packages/celery/utils/dispatch/signal.py", line 276, in send
    response = receiver(signal=self, sender=sender, **named)
               ^^^^^^^^^^^^^^^^^^^^^^^^^^^^^^^^^^^^^^^^^^^^^
  File "/usr/local/lib/python3.11/site-packages/celery/fixups/django.py", line 97, in on_import_modules
    self.worker_fixup.validate_models()
  File "/usr/local/lib/python3.11/site-packages/celery/fixups/django.py", line 135, in validate_models
    self.django_setup()
  File "/usr/local/lib/python3.11/site-packages/celery/fixups/django.py", line 131, in django_setup
    django.setup()
  File "/usr/local/lib/python3.11/site-packages/django/__init__.py", line 24, in setup
    apps.populate(settings.INSTALLED_APPS)
  File "/usr/local/lib/python3.11/site-packages/django/apps/registry.py", line 116, in populate
    app_config.import_models()
  File "/usr/local/lib/python3.11/site-packages/django/apps/config.py", line 269, in import_models
    self.models_module = import_module(models_module_name)
                         ^^^^^^^^^^^^^^^^^^^^^^^^^^^^^^^^^
  File "/usr/local/lib/python3.11/importlib/__init__.py", line 126, in import_module
    return _bootstrap._gcd_import(name[level:], package, level)
           ^^^^^^^^^^^^^^^^^^^^^^^^^^^^^^^^^^^^^^^^^^^^^^^^^^^^
  File "<frozen importlib._bootstrap>", line 1204, in _gcd_import
  File "<frozen importlib._bootstrap>", line 1176, in _find_and_load
  File "<frozen importlib._bootstrap>", line 1147, in _find_and_load_unlocked
  File "<frozen importlib._bootstrap>", line 690, in _load_unlocked
  File "<frozen importlib._bootstrap_external>", line 940, in exec_module
  File "<frozen importlib._bootstrap>", line 241, in _call_with_frames_removed
  File "/app/restaurants/models.py", line 998, in <module>
    class RestaurantReview(BaseModel):
  File "/app/restaurants/models.py", line 1017, in RestaurantReview
    default=ReviewStatus.PUBLISHED,
            ^^^^^^^^^^^^^^^^^^^^^^
  File "/usr/local/lib/python3.11/enum.py", line 786, in __getattr__
    raise AttributeError(name) from None
AttributeError: PUBLISHED
ERROR 2025-08-02 06:22:51,098 signal 1 281473087647776 Signal handler <bound method DjangoFixup.on_import_modules of <celery.fixups.django.DjangoFixup object at 0xffff8c0d4690>> raised: AttributeError('PUBLISHED')
Traceback (most recent call last):
  File "/usr/local/lib/python3.11/site-packages/celery/utils/dispatch/signal.py", line 276, in send
    response = receiver(signal=self, sender=sender, **named)
               ^^^^^^^^^^^^^^^^^^^^^^^^^^^^^^^^^^^^^^^^^^^^^
  File "/usr/local/lib/python3.11/site-packages/celery/fixups/django.py", line 97, in on_import_modules
    self.worker_fixup.validate_models()
  File "/usr/local/lib/python3.11/site-packages/celery/fixups/django.py", line 135, in validate_models
    self.django_setup()
  File "/usr/local/lib/python3.11/site-packages/celery/fixups/django.py", line 131, in django_setup
    django.setup()
  File "/usr/local/lib/python3.11/site-packages/django/__init__.py", line 24, in setup
    apps.populate(settings.INSTALLED_APPS)
  File "/usr/local/lib/python3.11/site-packages/django/apps/registry.py", line 116, in populate
    app_config.import_models()
  File "/usr/local/lib/python3.11/site-packages/django/apps/config.py", line 269, in import_models
    self.models_module = import_module(models_module_name)
                         ^^^^^^^^^^^^^^^^^^^^^^^^^^^^^^^^^
  File "/usr/local/lib/python3.11/importlib/__init__.py", line 126, in import_module
    return _bootstrap._gcd_import(name[level:], package, level)
           ^^^^^^^^^^^^^^^^^^^^^^^^^^^^^^^^^^^^^^^^^^^^^^^^^^^^
  File "<frozen importlib._bootstrap>", line 1204, in _gcd_import
  File "<frozen importlib._bootstrap>", line 1176, in _find_and_load
  File "<frozen importlib._bootstrap>", line 1147, in _find_and_load_unlocked
  File "<frozen importlib._bootstrap>", line 690, in _load_unlocked
  File "<frozen importlib._bootstrap_external>", line 940, in exec_module
  File "<frozen importlib._bootstrap>", line 241, in _call_with_frames_removed
  File "/app/restaurants/models.py", line 998, in <module>
    class RestaurantReview(BaseModel):
  File "/app/restaurants/models.py", line 1017, in RestaurantReview
    default=ReviewStatus.PUBLISHED,
            ^^^^^^^^^^^^^^^^^^^^^^
  File "/usr/local/lib/python3.11/enum.py", line 786, in __getattr__
    raise AttributeError(name) from None
AttributeError: PUBLISHED
ERROR 2025-08-02 06:22:51,105 signal 1 281473683025952 Signal handler <promise@0xffffaf992670 --> <bound method Celery._autodiscover_tasks of <Celery portfolio_project at 0xffffaf9e2110>>> raised: AttributeError('PUBLISHED')
Traceback (most recent call last):
  File "/usr/local/lib/python3.11/site-packages/celery/utils/dispatch/signal.py", line 276, in send
    response = receiver(signal=self, sender=sender, **named)
               ^^^^^^^^^^^^^^^^^^^^^^^^^^^^^^^^^^^^^^^^^^^^^
  File "/usr/local/lib/python3.11/site-packages/vine/promises.py", line 161, in __call__
    return self.throw()
           ^^^^^^^^^^^^
  File "/usr/local/lib/python3.11/site-packages/vine/promises.py", line 158, in __call__
    retval = fun(*final_args, **final_kwargs)
             ^^^^^^^^^^^^^^^^^^^^^^^^^^^^^^^^
  File "/usr/local/lib/python3.11/site-packages/celery/app/base.py", line 691, in _autodiscover_tasks
    return self._autodiscover_tasks_from_fixups(related_name)
           ^^^^^^^^^^^^^^^^^^^^^^^^^^^^^^^^^^^^^^^^^^^^^^^^^^
  File "/usr/local/lib/python3.11/site-packages/celery/app/base.py", line 700, in _autodiscover_tasks_from_fixups
    return self._autodiscover_tasks_from_names([
           ^^^^^^^^^^^^^^^^^^^^^^^^^^^^^^^^^^^^^
  File "/usr/local/lib/python3.11/site-packages/celery/app/base.py", line 695, in _autodiscover_tasks_from_names
    return self.loader.autodiscover_tasks(
           ^^^^^^^^^^^^^^^^^^^^^^^^^^^^^^^
  File "/usr/local/lib/python3.11/site-packages/celery/loaders/base.py", line 220, in autodiscover_tasks
    mod.__name__ for mod in autodiscover_tasks(packages or (),
                            ^^^^^^^^^^^^^^^^^^^^^^^^^^^^^^^^^^
  File "/usr/local/lib/python3.11/site-packages/celery/loaders/base.py", line 246, in autodiscover_tasks
    return [find_related_module(pkg, related_name) for pkg in packages]
           ^^^^^^^^^^^^^^^^^^^^^^^^^^^^^^^^^^^^^^^^^^^^^^^^^^^^^^^^^^^^
  File "/usr/local/lib/python3.11/site-packages/celery/loaders/base.py", line 246, in <listcomp>
    return [find_related_module(pkg, related_name) for pkg in packages]
            ^^^^^^^^^^^^^^^^^^^^^^^^^^^^^^^^^^^^^^
  File "/usr/local/lib/python3.11/site-packages/celery/loaders/base.py", line 267, in find_related_module
    return importlib.import_module(module_name)
           ^^^^^^^^^^^^^^^^^^^^^^^^^^^^^^^^^^^^
  File "/usr/local/lib/python3.11/importlib/__init__.py", line 126, in import_module
    return _bootstrap._gcd_import(name[level:], package, level)
           ^^^^^^^^^^^^^^^^^^^^^^^^^^^^^^^^^^^^^^^^^^^^^^^^^^^^
  File "<frozen importlib._bootstrap>", line 1204, in _gcd_import
  File "<frozen importlib._bootstrap>", line 1176, in _find_and_load
  File "<frozen importlib._bootstrap>", line 1147, in _find_and_load_unlocked
  File "<frozen importlib._bootstrap>", line 690, in _load_unlocked
  File "<frozen importlib._bootstrap_external>", line 940, in exec_module
  File "<frozen importlib._bootstrap>", line 241, in _call_with_frames_removed
  File "/app/restaurants/tasks.py", line 19, in <module>
    from .models import Restaurant, RestaurantImage
  File "/app/restaurants/models.py", line 998, in <module>
    class RestaurantReview(BaseModel):
  File "/app/restaurants/models.py", line 1017, in RestaurantReview
    default=ReviewStatus.PUBLISHED,
            ^^^^^^^^^^^^^^^^^^^^^^
  File "/usr/local/lib/python3.11/enum.py", line 786, in __getattr__
    raise AttributeError(name) from None
AttributeError: PUBLISHED
ERROR 2025-08-02 06:22:51,111 signal 1 281473087647776 Signal handler <promise@0xffff8c1fe670 --> <bound method Celery._autodiscover_tasks of <Celery portfolio_project at 0xffff8c1f6410>>> raised: AttributeError('PUBLISHED')
Traceback (most recent call last):
  File "/usr/local/lib/python3.11/site-packages/celery/utils/dispatch/signal.py", line 276, in send
    response = receiver(signal=self, sender=sender, **named)
               ^^^^^^^^^^^^^^^^^^^^^^^^^^^^^^^^^^^^^^^^^^^^^
  File "/usr/local/lib/python3.11/site-packages/vine/promises.py", line 161, in __call__
    return self.throw()
           ^^^^^^^^^^^^
  File "/usr/local/lib/python3.11/site-packages/vine/promises.py", line 158, in __call__
    retval = fun(*final_args, **final_kwargs)
             ^^^^^^^^^^^^^^^^^^^^^^^^^^^^^^^^
  File "/usr/local/lib/python3.11/site-packages/celery/app/base.py", line 691, in _autodiscover_tasks
    return self._autodiscover_tasks_from_fixups(related_name)
           ^^^^^^^^^^^^^^^^^^^^^^^^^^^^^^^^^^^^^^^^^^^^^^^^^^
  File "/usr/local/lib/python3.11/site-packages/celery/app/base.py", line 700, in _autodiscover_tasks_from_fixups
    return self._autodiscover_tasks_from_names([
           ^^^^^^^^^^^^^^^^^^^^^^^^^^^^^^^^^^^^^
  File "/usr/local/lib/python3.11/site-packages/celery/app/base.py", line 695, in _autodiscover_tasks_from_names
    return self.loader.autodiscover_tasks(
           ^^^^^^^^^^^^^^^^^^^^^^^^^^^^^^^
  File "/usr/local/lib/python3.11/site-packages/celery/loaders/base.py", line 220, in autodiscover_tasks
    mod.__name__ for mod in autodiscover_tasks(packages or (),
                            ^^^^^^^^^^^^^^^^^^^^^^^^^^^^^^^^^^
  File "/usr/local/lib/python3.11/site-packages/celery/loaders/base.py", line 246, in autodiscover_tasks
    return [find_related_module(pkg, related_name) for pkg in packages]
           ^^^^^^^^^^^^^^^^^^^^^^^^^^^^^^^^^^^^^^^^^^^^^^^^^^^^^^^^^^^^
  File "/usr/local/lib/python3.11/site-packages/celery/loaders/base.py", line 246, in <listcomp>
    return [find_related_module(pkg, related_name) for pkg in packages]
            ^^^^^^^^^^^^^^^^^^^^^^^^^^^^^^^^^^^^^^
  File "/usr/local/lib/python3.11/site-packages/celery/loaders/base.py", line 267, in find_related_module
    return importlib.import_module(module_name)
           ^^^^^^^^^^^^^^^^^^^^^^^^^^^^^^^^^^^^
  File "/usr/local/lib/python3.11/importlib/__init__.py", line 126, in import_module
    return _bootstrap._gcd_import(name[level:], package, level)
           ^^^^^^^^^^^^^^^^^^^^^^^^^^^^^^^^^^^^^^^^^^^^^^^^^^^^
  File "<frozen importlib._bootstrap>", line 1204, in _gcd_import
  File "<frozen importlib._bootstrap>", line 1176, in _find_and_load
  File "<frozen importlib._bootstrap>", line 1147, in _find_and_load_unlocked
  File "<frozen importlib._bootstrap>", line 690, in _load_unlocked
  File "<frozen importlib._bootstrap_external>", line 940, in exec_module
  File "<frozen importlib._bootstrap>", line 241, in _call_with_frames_removed
  File "/app/restaurants/tasks.py", line 19, in <module>
    from .models import Restaurant, RestaurantImage
  File "/app/restaurants/models.py", line 998, in <module>
    class RestaurantReview(BaseModel):
  File "/app/restaurants/models.py", line 1017, in RestaurantReview
    default=ReviewStatus.PUBLISHED,
            ^^^^^^^^^^^^^^^^^^^^^^
  File "/usr/local/lib/python3.11/enum.py", line 786, in __getattr__
    raise AttributeError(name) from None
AttributeError: PUBLISHED
ERROR 2025-08-02 06:23:51,912 signal 1 281473522053152 Signal handler <bound method DjangoFixup.on_import_modules of <celery.fixups.django.DjangoFixup object at 0xffffa5f0bfd0>> raised: AttributeError('PUBLISHED')
Traceback (most recent call last):
  File "/usr/local/lib/python3.11/site-packages/celery/utils/dispatch/signal.py", line 276, in send
    response = receiver(signal=self, sender=sender, **named)
               ^^^^^^^^^^^^^^^^^^^^^^^^^^^^^^^^^^^^^^^^^^^^^
  File "/usr/local/lib/python3.11/site-packages/celery/fixups/django.py", line 97, in on_import_modules
    self.worker_fixup.validate_models()
  File "/usr/local/lib/python3.11/site-packages/celery/fixups/django.py", line 135, in validate_models
    self.django_setup()
  File "/usr/local/lib/python3.11/site-packages/celery/fixups/django.py", line 131, in django_setup
    django.setup()
  File "/usr/local/lib/python3.11/site-packages/django/__init__.py", line 24, in setup
    apps.populate(settings.INSTALLED_APPS)
  File "/usr/local/lib/python3.11/site-packages/django/apps/registry.py", line 116, in populate
    app_config.import_models()
  File "/usr/local/lib/python3.11/site-packages/django/apps/config.py", line 269, in import_models
    self.models_module = import_module(models_module_name)
                         ^^^^^^^^^^^^^^^^^^^^^^^^^^^^^^^^^
  File "/usr/local/lib/python3.11/importlib/__init__.py", line 126, in import_module
    return _bootstrap._gcd_import(name[level:], package, level)
           ^^^^^^^^^^^^^^^^^^^^^^^^^^^^^^^^^^^^^^^^^^^^^^^^^^^^
  File "<frozen importlib._bootstrap>", line 1204, in _gcd_import
  File "<frozen importlib._bootstrap>", line 1176, in _find_and_load
  File "<frozen importlib._bootstrap>", line 1147, in _find_and_load_unlocked
  File "<frozen importlib._bootstrap>", line 690, in _load_unlocked
  File "<frozen importlib._bootstrap_external>", line 940, in exec_module
  File "<frozen importlib._bootstrap>", line 241, in _call_with_frames_removed
  File "/app/restaurants/models.py", line 998, in <module>
    class RestaurantReview(BaseModel):
  File "/app/restaurants/models.py", line 1017, in RestaurantReview
    default=ReviewStatus.PUBLISHED,
            ^^^^^^^^^^^^^^^^^^^^^^
  File "/usr/local/lib/python3.11/enum.py", line 786, in __getattr__
    raise AttributeError(name) from None
AttributeError: PUBLISHED
ERROR 2025-08-02 06:23:51,922 signal 1 281473522053152 Signal handler <promise@0xffffa6006670 --> <bound method Celery._autodiscover_tasks of <Celery portfolio_project at 0xffffa604dd90>>> raised: AttributeError('PUBLISHED')
Traceback (most recent call last):
  File "/usr/local/lib/python3.11/site-packages/celery/utils/dispatch/signal.py", line 276, in send
    response = receiver(signal=self, sender=sender, **named)
               ^^^^^^^^^^^^^^^^^^^^^^^^^^^^^^^^^^^^^^^^^^^^^
  File "/usr/local/lib/python3.11/site-packages/vine/promises.py", line 161, in __call__
    return self.throw()
           ^^^^^^^^^^^^
  File "/usr/local/lib/python3.11/site-packages/vine/promises.py", line 158, in __call__
    retval = fun(*final_args, **final_kwargs)
             ^^^^^^^^^^^^^^^^^^^^^^^^^^^^^^^^
  File "/usr/local/lib/python3.11/site-packages/celery/app/base.py", line 691, in _autodiscover_tasks
    return self._autodiscover_tasks_from_fixups(related_name)
           ^^^^^^^^^^^^^^^^^^^^^^^^^^^^^^^^^^^^^^^^^^^^^^^^^^
  File "/usr/local/lib/python3.11/site-packages/celery/app/base.py", line 700, in _autodiscover_tasks_from_fixups
    return self._autodiscover_tasks_from_names([
           ^^^^^^^^^^^^^^^^^^^^^^^^^^^^^^^^^^^^^
  File "/usr/local/lib/python3.11/site-packages/celery/app/base.py", line 695, in _autodiscover_tasks_from_names
    return self.loader.autodiscover_tasks(
           ^^^^^^^^^^^^^^^^^^^^^^^^^^^^^^^
  File "/usr/local/lib/python3.11/site-packages/celery/loaders/base.py", line 220, in autodiscover_tasks
    mod.__name__ for mod in autodiscover_tasks(packages or (),
                            ^^^^^^^^^^^^^^^^^^^^^^^^^^^^^^^^^^
  File "/usr/local/lib/python3.11/site-packages/celery/loaders/base.py", line 246, in autodiscover_tasks
    return [find_related_module(pkg, related_name) for pkg in packages]
           ^^^^^^^^^^^^^^^^^^^^^^^^^^^^^^^^^^^^^^^^^^^^^^^^^^^^^^^^^^^^
  File "/usr/local/lib/python3.11/site-packages/celery/loaders/base.py", line 246, in <listcomp>
    return [find_related_module(pkg, related_name) for pkg in packages]
            ^^^^^^^^^^^^^^^^^^^^^^^^^^^^^^^^^^^^^^
  File "/usr/local/lib/python3.11/site-packages/celery/loaders/base.py", line 267, in find_related_module
    return importlib.import_module(module_name)
           ^^^^^^^^^^^^^^^^^^^^^^^^^^^^^^^^^^^^
  File "/usr/local/lib/python3.11/importlib/__init__.py", line 126, in import_module
    return _bootstrap._gcd_import(name[level:], package, level)
           ^^^^^^^^^^^^^^^^^^^^^^^^^^^^^^^^^^^^^^^^^^^^^^^^^^^^
  File "<frozen importlib._bootstrap>", line 1204, in _gcd_import
  File "<frozen importlib._bootstrap>", line 1176, in _find_and_load
  File "<frozen importlib._bootstrap>", line 1147, in _find_and_load_unlocked
  File "<frozen importlib._bootstrap>", line 690, in _load_unlocked
  File "<frozen importlib._bootstrap_external>", line 940, in exec_module
  File "<frozen importlib._bootstrap>", line 241, in _call_with_frames_removed
  File "/app/restaurants/tasks.py", line 19, in <module>
    from .models import Restaurant, RestaurantImage
  File "/app/restaurants/models.py", line 998, in <module>
    class RestaurantReview(BaseModel):
  File "/app/restaurants/models.py", line 1017, in RestaurantReview
    default=ReviewStatus.PUBLISHED,
            ^^^^^^^^^^^^^^^^^^^^^^
  File "/usr/local/lib/python3.11/enum.py", line 786, in __getattr__
    raise AttributeError(name) from None
AttributeError: PUBLISHED
ERROR 2025-08-02 06:23:51,931 signal 1 281473590927392 Signal handler <bound method DjangoFixup.on_import_modules of <celery.fixups.django.DjangoFixup object at 0xffffaa0d4490>> raised: AttributeError('PUBLISHED')
Traceback (most recent call last):
  File "/usr/local/lib/python3.11/site-packages/celery/utils/dispatch/signal.py", line 276, in send
    response = receiver(signal=self, sender=sender, **named)
               ^^^^^^^^^^^^^^^^^^^^^^^^^^^^^^^^^^^^^^^^^^^^^
  File "/usr/local/lib/python3.11/site-packages/celery/fixups/django.py", line 97, in on_import_modules
    self.worker_fixup.validate_models()
  File "/usr/local/lib/python3.11/site-packages/celery/fixups/django.py", line 135, in validate_models
    self.django_setup()
  File "/usr/local/lib/python3.11/site-packages/celery/fixups/django.py", line 131, in django_setup
    django.setup()
  File "/usr/local/lib/python3.11/site-packages/django/__init__.py", line 24, in setup
    apps.populate(settings.INSTALLED_APPS)
  File "/usr/local/lib/python3.11/site-packages/django/apps/registry.py", line 116, in populate
    app_config.import_models()
  File "/usr/local/lib/python3.11/site-packages/django/apps/config.py", line 269, in import_models
    self.models_module = import_module(models_module_name)
                         ^^^^^^^^^^^^^^^^^^^^^^^^^^^^^^^^^
  File "/usr/local/lib/python3.11/importlib/__init__.py", line 126, in import_module
    return _bootstrap._gcd_import(name[level:], package, level)
           ^^^^^^^^^^^^^^^^^^^^^^^^^^^^^^^^^^^^^^^^^^^^^^^^^^^^
  File "<frozen importlib._bootstrap>", line 1204, in _gcd_import
  File "<frozen importlib._bootstrap>", line 1176, in _find_and_load
  File "<frozen importlib._bootstrap>", line 1147, in _find_and_load_unlocked
  File "<frozen importlib._bootstrap>", line 690, in _load_unlocked
  File "<frozen importlib._bootstrap_external>", line 940, in exec_module
  File "<frozen importlib._bootstrap>", line 241, in _call_with_frames_removed
  File "/app/restaurants/models.py", line 998, in <module>
    class RestaurantReview(BaseModel):
  File "/app/restaurants/models.py", line 1017, in RestaurantReview
    default=ReviewStatus.PUBLISHED,
            ^^^^^^^^^^^^^^^^^^^^^^
  File "/usr/local/lib/python3.11/enum.py", line 786, in __getattr__
    raise AttributeError(name) from None
AttributeError: PUBLISHED
ERROR 2025-08-02 06:23:51,943 signal 1 281473590927392 Signal handler <promise@0xffffaa1fe670 --> <bound method Celery._autodiscover_tasks of <Celery portfolio_project at 0xffffaa1fa190>>> raised: AttributeError('PUBLISHED')
Traceback (most recent call last):
  File "/usr/local/lib/python3.11/site-packages/celery/utils/dispatch/signal.py", line 276, in send
    response = receiver(signal=self, sender=sender, **named)
               ^^^^^^^^^^^^^^^^^^^^^^^^^^^^^^^^^^^^^^^^^^^^^
  File "/usr/local/lib/python3.11/site-packages/vine/promises.py", line 161, in __call__
    return self.throw()
           ^^^^^^^^^^^^
  File "/usr/local/lib/python3.11/site-packages/vine/promises.py", line 158, in __call__
    retval = fun(*final_args, **final_kwargs)
             ^^^^^^^^^^^^^^^^^^^^^^^^^^^^^^^^
  File "/usr/local/lib/python3.11/site-packages/celery/app/base.py", line 691, in _autodiscover_tasks
    return self._autodiscover_tasks_from_fixups(related_name)
           ^^^^^^^^^^^^^^^^^^^^^^^^^^^^^^^^^^^^^^^^^^^^^^^^^^
  File "/usr/local/lib/python3.11/site-packages/celery/app/base.py", line 700, in _autodiscover_tasks_from_fixups
    return self._autodiscover_tasks_from_names([
           ^^^^^^^^^^^^^^^^^^^^^^^^^^^^^^^^^^^^^
  File "/usr/local/lib/python3.11/site-packages/celery/app/base.py", line 695, in _autodiscover_tasks_from_names
    return self.loader.autodiscover_tasks(
           ^^^^^^^^^^^^^^^^^^^^^^^^^^^^^^^
  File "/usr/local/lib/python3.11/site-packages/celery/loaders/base.py", line 220, in autodiscover_tasks
    mod.__name__ for mod in autodiscover_tasks(packages or (),
                            ^^^^^^^^^^^^^^^^^^^^^^^^^^^^^^^^^^
  File "/usr/local/lib/python3.11/site-packages/celery/loaders/base.py", line 246, in autodiscover_tasks
    return [find_related_module(pkg, related_name) for pkg in packages]
           ^^^^^^^^^^^^^^^^^^^^^^^^^^^^^^^^^^^^^^^^^^^^^^^^^^^^^^^^^^^^
  File "/usr/local/lib/python3.11/site-packages/celery/loaders/base.py", line 246, in <listcomp>
    return [find_related_module(pkg, related_name) for pkg in packages]
            ^^^^^^^^^^^^^^^^^^^^^^^^^^^^^^^^^^^^^^
  File "/usr/local/lib/python3.11/site-packages/celery/loaders/base.py", line 267, in find_related_module
    return importlib.import_module(module_name)
           ^^^^^^^^^^^^^^^^^^^^^^^^^^^^^^^^^^^^
  File "/usr/local/lib/python3.11/importlib/__init__.py", line 126, in import_module
    return _bootstrap._gcd_import(name[level:], package, level)
           ^^^^^^^^^^^^^^^^^^^^^^^^^^^^^^^^^^^^^^^^^^^^^^^^^^^^
  File "<frozen importlib._bootstrap>", line 1204, in _gcd_import
  File "<frozen importlib._bootstrap>", line 1176, in _find_and_load
  File "<frozen importlib._bootstrap>", line 1147, in _find_and_load_unlocked
  File "<frozen importlib._bootstrap>", line 690, in _load_unlocked
  File "<frozen importlib._bootstrap_external>", line 940, in exec_module
  File "<frozen importlib._bootstrap>", line 241, in _call_with_frames_removed
  File "/app/restaurants/tasks.py", line 19, in <module>
    from .models import Restaurant, RestaurantImage
  File "/app/restaurants/models.py", line 998, in <module>
    class RestaurantReview(BaseModel):
  File "/app/restaurants/models.py", line 1017, in RestaurantReview
    default=ReviewStatus.PUBLISHED,
            ^^^^^^^^^^^^^^^^^^^^^^
  File "/usr/local/lib/python3.11/enum.py", line 786, in __getattr__
    raise AttributeError(name) from None
AttributeError: PUBLISHED
ERROR 2025-08-02 06:24:52,769 signal 1 281473505308704 Signal handler <bound method DjangoFixup.on_import_modules of <celery.fixups.django.DjangoFixup object at 0xffffa4f0bfd0>> raised: AttributeError('PUBLISHED')
Traceback (most recent call last):
  File "/usr/local/lib/python3.11/site-packages/celery/utils/dispatch/signal.py", line 276, in send
    response = receiver(signal=self, sender=sender, **named)
               ^^^^^^^^^^^^^^^^^^^^^^^^^^^^^^^^^^^^^^^^^^^^^
  File "/usr/local/lib/python3.11/site-packages/celery/fixups/django.py", line 97, in on_import_modules
    self.worker_fixup.validate_models()
  File "/usr/local/lib/python3.11/site-packages/celery/fixups/django.py", line 135, in validate_models
    self.django_setup()
  File "/usr/local/lib/python3.11/site-packages/celery/fixups/django.py", line 131, in django_setup
    django.setup()
  File "/usr/local/lib/python3.11/site-packages/django/__init__.py", line 24, in setup
    apps.populate(settings.INSTALLED_APPS)
  File "/usr/local/lib/python3.11/site-packages/django/apps/registry.py", line 116, in populate
    app_config.import_models()
  File "/usr/local/lib/python3.11/site-packages/django/apps/config.py", line 269, in import_models
    self.models_module = import_module(models_module_name)
                         ^^^^^^^^^^^^^^^^^^^^^^^^^^^^^^^^^
  File "/usr/local/lib/python3.11/importlib/__init__.py", line 126, in import_module
    return _bootstrap._gcd_import(name[level:], package, level)
           ^^^^^^^^^^^^^^^^^^^^^^^^^^^^^^^^^^^^^^^^^^^^^^^^^^^^
  File "<frozen importlib._bootstrap>", line 1204, in _gcd_import
  File "<frozen importlib._bootstrap>", line 1176, in _find_and_load
  File "<frozen importlib._bootstrap>", line 1147, in _find_and_load_unlocked
  File "<frozen importlib._bootstrap>", line 690, in _load_unlocked
  File "<frozen importlib._bootstrap_external>", line 940, in exec_module
  File "<frozen importlib._bootstrap>", line 241, in _call_with_frames_removed
  File "/app/restaurants/models.py", line 998, in <module>
    class RestaurantReview(BaseModel):
  File "/app/restaurants/models.py", line 1017, in RestaurantReview
    default=ReviewStatus.PUBLISHED,
            ^^^^^^^^^^^^^^^^^^^^^^
  File "/usr/local/lib/python3.11/enum.py", line 786, in __getattr__
    raise AttributeError(name) from None
AttributeError: PUBLISHED
ERROR 2025-08-02 06:24:52,773 signal 1 281473452638240 Signal handler <bound method DjangoFixup.on_import_modules of <celery.fixups.django.DjangoFixup object at 0xffffa1d04410>> raised: AttributeError('PUBLISHED')
Traceback (most recent call last):
  File "/usr/local/lib/python3.11/site-packages/celery/utils/dispatch/signal.py", line 276, in send
    response = receiver(signal=self, sender=sender, **named)
               ^^^^^^^^^^^^^^^^^^^^^^^^^^^^^^^^^^^^^^^^^^^^^
  File "/usr/local/lib/python3.11/site-packages/celery/fixups/django.py", line 97, in on_import_modules
    self.worker_fixup.validate_models()
  File "/usr/local/lib/python3.11/site-packages/celery/fixups/django.py", line 135, in validate_models
    self.django_setup()
  File "/usr/local/lib/python3.11/site-packages/celery/fixups/django.py", line 131, in django_setup
    django.setup()
  File "/usr/local/lib/python3.11/site-packages/django/__init__.py", line 24, in setup
    apps.populate(settings.INSTALLED_APPS)
  File "/usr/local/lib/python3.11/site-packages/django/apps/registry.py", line 116, in populate
    app_config.import_models()
  File "/usr/local/lib/python3.11/site-packages/django/apps/config.py", line 269, in import_models
    self.models_module = import_module(models_module_name)
                         ^^^^^^^^^^^^^^^^^^^^^^^^^^^^^^^^^
  File "/usr/local/lib/python3.11/importlib/__init__.py", line 126, in import_module
    return _bootstrap._gcd_import(name[level:], package, level)
           ^^^^^^^^^^^^^^^^^^^^^^^^^^^^^^^^^^^^^^^^^^^^^^^^^^^^
  File "<frozen importlib._bootstrap>", line 1204, in _gcd_import
  File "<frozen importlib._bootstrap>", line 1176, in _find_and_load
  File "<frozen importlib._bootstrap>", line 1147, in _find_and_load_unlocked
  File "<frozen importlib._bootstrap>", line 690, in _load_unlocked
  File "<frozen importlib._bootstrap_external>", line 940, in exec_module
  File "<frozen importlib._bootstrap>", line 241, in _call_with_frames_removed
  File "/app/restaurants/models.py", line 998, in <module>
    class RestaurantReview(BaseModel):
  File "/app/restaurants/models.py", line 1017, in RestaurantReview
    default=ReviewStatus.PUBLISHED,
            ^^^^^^^^^^^^^^^^^^^^^^
  File "/usr/local/lib/python3.11/enum.py", line 786, in __getattr__
    raise AttributeError(name) from None
AttributeError: PUBLISHED
ERROR 2025-08-02 06:24:52,780 signal 1 281473505308704 Signal handler <promise@0xffffa5006670 --> <bound method Celery._autodiscover_tasks of <Celery portfolio_project at 0xffffa5051d90>>> raised: AttributeError('PUBLISHED')
Traceback (most recent call last):
  File "/usr/local/lib/python3.11/site-packages/celery/utils/dispatch/signal.py", line 276, in send
    response = receiver(signal=self, sender=sender, **named)
               ^^^^^^^^^^^^^^^^^^^^^^^^^^^^^^^^^^^^^^^^^^^^^
  File "/usr/local/lib/python3.11/site-packages/vine/promises.py", line 161, in __call__
    return self.throw()
           ^^^^^^^^^^^^
  File "/usr/local/lib/python3.11/site-packages/vine/promises.py", line 158, in __call__
    retval = fun(*final_args, **final_kwargs)
             ^^^^^^^^^^^^^^^^^^^^^^^^^^^^^^^^
  File "/usr/local/lib/python3.11/site-packages/celery/app/base.py", line 691, in _autodiscover_tasks
    return self._autodiscover_tasks_from_fixups(related_name)
           ^^^^^^^^^^^^^^^^^^^^^^^^^^^^^^^^^^^^^^^^^^^^^^^^^^
  File "/usr/local/lib/python3.11/site-packages/celery/app/base.py", line 700, in _autodiscover_tasks_from_fixups
    return self._autodiscover_tasks_from_names([
           ^^^^^^^^^^^^^^^^^^^^^^^^^^^^^^^^^^^^^
  File "/usr/local/lib/python3.11/site-packages/celery/app/base.py", line 695, in _autodiscover_tasks_from_names
    return self.loader.autodiscover_tasks(
           ^^^^^^^^^^^^^^^^^^^^^^^^^^^^^^^
  File "/usr/local/lib/python3.11/site-packages/celery/loaders/base.py", line 220, in autodiscover_tasks
    mod.__name__ for mod in autodiscover_tasks(packages or (),
                            ^^^^^^^^^^^^^^^^^^^^^^^^^^^^^^^^^^
  File "/usr/local/lib/python3.11/site-packages/celery/loaders/base.py", line 246, in autodiscover_tasks
    return [find_related_module(pkg, related_name) for pkg in packages]
           ^^^^^^^^^^^^^^^^^^^^^^^^^^^^^^^^^^^^^^^^^^^^^^^^^^^^^^^^^^^^
  File "/usr/local/lib/python3.11/site-packages/celery/loaders/base.py", line 246, in <listcomp>
    return [find_related_module(pkg, related_name) for pkg in packages]
            ^^^^^^^^^^^^^^^^^^^^^^^^^^^^^^^^^^^^^^
  File "/usr/local/lib/python3.11/site-packages/celery/loaders/base.py", line 267, in find_related_module
    return importlib.import_module(module_name)
           ^^^^^^^^^^^^^^^^^^^^^^^^^^^^^^^^^^^^
  File "/usr/local/lib/python3.11/importlib/__init__.py", line 126, in import_module
    return _bootstrap._gcd_import(name[level:], package, level)
           ^^^^^^^^^^^^^^^^^^^^^^^^^^^^^^^^^^^^^^^^^^^^^^^^^^^^
  File "<frozen importlib._bootstrap>", line 1204, in _gcd_import
  File "<frozen importlib._bootstrap>", line 1176, in _find_and_load
  File "<frozen importlib._bootstrap>", line 1147, in _find_and_load_unlocked
  File "<frozen importlib._bootstrap>", line 690, in _load_unlocked
  File "<frozen importlib._bootstrap_external>", line 940, in exec_module
  File "<frozen importlib._bootstrap>", line 241, in _call_with_frames_removed
  File "/app/restaurants/tasks.py", line 19, in <module>
    from .models import Restaurant, RestaurantImage
  File "/app/restaurants/models.py", line 998, in <module>
    class RestaurantReview(BaseModel):
  File "/app/restaurants/models.py", line 1017, in RestaurantReview
    default=ReviewStatus.PUBLISHED,
            ^^^^^^^^^^^^^^^^^^^^^^
  File "/usr/local/lib/python3.11/enum.py", line 786, in __getattr__
    raise AttributeError(name) from None
AttributeError: PUBLISHED
ERROR 2025-08-02 06:24:52,787 signal 1 281473452638240 Signal handler <promise@0xffffa1e2e670 --> <bound method Celery._autodiscover_tasks of <Celery portfolio_project at 0xffffa1e2a1d0>>> raised: AttributeError('PUBLISHED')
Traceback (most recent call last):
  File "/usr/local/lib/python3.11/site-packages/celery/utils/dispatch/signal.py", line 276, in send
    response = receiver(signal=self, sender=sender, **named)
               ^^^^^^^^^^^^^^^^^^^^^^^^^^^^^^^^^^^^^^^^^^^^^
  File "/usr/local/lib/python3.11/site-packages/vine/promises.py", line 161, in __call__
    return self.throw()
           ^^^^^^^^^^^^
  File "/usr/local/lib/python3.11/site-packages/vine/promises.py", line 158, in __call__
    retval = fun(*final_args, **final_kwargs)
             ^^^^^^^^^^^^^^^^^^^^^^^^^^^^^^^^
  File "/usr/local/lib/python3.11/site-packages/celery/app/base.py", line 691, in _autodiscover_tasks
    return self._autodiscover_tasks_from_fixups(related_name)
           ^^^^^^^^^^^^^^^^^^^^^^^^^^^^^^^^^^^^^^^^^^^^^^^^^^
  File "/usr/local/lib/python3.11/site-packages/celery/app/base.py", line 700, in _autodiscover_tasks_from_fixups
    return self._autodiscover_tasks_from_names([
           ^^^^^^^^^^^^^^^^^^^^^^^^^^^^^^^^^^^^^
  File "/usr/local/lib/python3.11/site-packages/celery/app/base.py", line 695, in _autodiscover_tasks_from_names
    return self.loader.autodiscover_tasks(
           ^^^^^^^^^^^^^^^^^^^^^^^^^^^^^^^
  File "/usr/local/lib/python3.11/site-packages/celery/loaders/base.py", line 220, in autodiscover_tasks
    mod.__name__ for mod in autodiscover_tasks(packages or (),
                            ^^^^^^^^^^^^^^^^^^^^^^^^^^^^^^^^^^
  File "/usr/local/lib/python3.11/site-packages/celery/loaders/base.py", line 246, in autodiscover_tasks
    return [find_related_module(pkg, related_name) for pkg in packages]
           ^^^^^^^^^^^^^^^^^^^^^^^^^^^^^^^^^^^^^^^^^^^^^^^^^^^^^^^^^^^^
  File "/usr/local/lib/python3.11/site-packages/celery/loaders/base.py", line 246, in <listcomp>
    return [find_related_module(pkg, related_name) for pkg in packages]
            ^^^^^^^^^^^^^^^^^^^^^^^^^^^^^^^^^^^^^^
  File "/usr/local/lib/python3.11/site-packages/celery/loaders/base.py", line 267, in find_related_module
    return importlib.import_module(module_name)
           ^^^^^^^^^^^^^^^^^^^^^^^^^^^^^^^^^^^^
  File "/usr/local/lib/python3.11/importlib/__init__.py", line 126, in import_module
    return _bootstrap._gcd_import(name[level:], package, level)
           ^^^^^^^^^^^^^^^^^^^^^^^^^^^^^^^^^^^^^^^^^^^^^^^^^^^^
  File "<frozen importlib._bootstrap>", line 1204, in _gcd_import
  File "<frozen importlib._bootstrap>", line 1176, in _find_and_load
  File "<frozen importlib._bootstrap>", line 1147, in _find_and_load_unlocked
  File "<frozen importlib._bootstrap>", line 690, in _load_unlocked
  File "<frozen importlib._bootstrap_external>", line 940, in exec_module
  File "<frozen importlib._bootstrap>", line 241, in _call_with_frames_removed
  File "/app/restaurants/tasks.py", line 19, in <module>
    from .models import Restaurant, RestaurantImage
  File "/app/restaurants/models.py", line 998, in <module>
    class RestaurantReview(BaseModel):
  File "/app/restaurants/models.py", line 1017, in RestaurantReview
    default=ReviewStatus.PUBLISHED,
            ^^^^^^^^^^^^^^^^^^^^^^
  File "/usr/local/lib/python3.11/enum.py", line 786, in __getattr__
    raise AttributeError(name) from None
AttributeError: PUBLISHED
ERROR 2025-08-02 06:43:36,753 signal 1 281473257840672 Signal handler <bound method DjangoFixup.on_import_modules of <celery.fixups.django.DjangoFixup object at 0xffff96300550>> raised: ModuleNotFoundError("No module named 'shared'")
Traceback (most recent call last):
  File "/usr/local/lib/python3.11/site-packages/celery/utils/dispatch/signal.py", line 276, in send
    response = receiver(signal=self, sender=sender, **named)
               ^^^^^^^^^^^^^^^^^^^^^^^^^^^^^^^^^^^^^^^^^^^^^
  File "/usr/local/lib/python3.11/site-packages/celery/fixups/django.py", line 97, in on_import_modules
    self.worker_fixup.validate_models()
  File "/usr/local/lib/python3.11/site-packages/celery/fixups/django.py", line 137, in validate_models
    run_checks()
  File "/usr/local/lib/python3.11/site-packages/django/core/checks/registry.py", line 88, in run_checks
    new_errors = check(app_configs=app_configs, databases=databases)
                 ^^^^^^^^^^^^^^^^^^^^^^^^^^^^^^^^^^^^^^^^^^^^^^^^^^^
  File "/usr/local/lib/python3.11/site-packages/django/core/checks/urls.py", line 14, in check_url_config
    return check_resolver(resolver)
           ^^^^^^^^^^^^^^^^^^^^^^^^
  File "/usr/local/lib/python3.11/site-packages/django/core/checks/urls.py", line 24, in check_resolver
    return check_method()
           ^^^^^^^^^^^^^^
  File "/usr/local/lib/python3.11/site-packages/django/urls/resolvers.py", line 494, in check
    for pattern in self.url_patterns:
                   ^^^^^^^^^^^^^^^^^
  File "/usr/local/lib/python3.11/site-packages/django/utils/functional.py", line 57, in __get__
    res = instance.__dict__[self.name] = self.func(instance)
                                         ^^^^^^^^^^^^^^^^^^^
  File "/usr/local/lib/python3.11/site-packages/django/urls/resolvers.py", line 715, in url_patterns
    patterns = getattr(self.urlconf_module, "urlpatterns", self.urlconf_module)
                       ^^^^^^^^^^^^^^^^^^^
  File "/usr/local/lib/python3.11/site-packages/django/utils/functional.py", line 57, in __get__
    res = instance.__dict__[self.name] = self.func(instance)
                                         ^^^^^^^^^^^^^^^^^^^
  File "/usr/local/lib/python3.11/site-packages/django/urls/resolvers.py", line 708, in urlconf_module
    return import_module(self.urlconf_name)
           ^^^^^^^^^^^^^^^^^^^^^^^^^^^^^^^^
  File "/usr/local/lib/python3.11/importlib/__init__.py", line 126, in import_module
    return _bootstrap._gcd_import(name[level:], package, level)
           ^^^^^^^^^^^^^^^^^^^^^^^^^^^^^^^^^^^^^^^^^^^^^^^^^^^^
  File "<frozen importlib._bootstrap>", line 1204, in _gcd_import
  File "<frozen importlib._bootstrap>", line 1176, in _find_and_load
  File "<frozen importlib._bootstrap>", line 1147, in _find_and_load_unlocked
  File "<frozen importlib._bootstrap>", line 690, in _load_unlocked
  File "<frozen importlib._bootstrap_external>", line 940, in exec_module
  File "<frozen importlib._bootstrap>", line 241, in _call_with_frames_removed
  File "/app/portfolio_project/urls.py", line 8, in <module>
    from restaurants.views import home_view
  File "/app/restaurants/views.py", line 28, in <module>
    from shared.src.search.unified_filters import UnifiedSearchFilters
ModuleNotFoundError: No module named 'shared'
ERROR 2025-08-02 06:43:36,753 signal 1 281473639804960 Signal handler <bound method DjangoFixup.on_import_modules of <celery.fixups.django.DjangoFixup object at 0xffffacf545d0>> raised: ModuleNotFoundError("No module named 'shared'")
Traceback (most recent call last):
  File "/usr/local/lib/python3.11/site-packages/celery/utils/dispatch/signal.py", line 276, in send
    response = receiver(signal=self, sender=sender, **named)
               ^^^^^^^^^^^^^^^^^^^^^^^^^^^^^^^^^^^^^^^^^^^^^
  File "/usr/local/lib/python3.11/site-packages/celery/fixups/django.py", line 97, in on_import_modules
    self.worker_fixup.validate_models()
  File "/usr/local/lib/python3.11/site-packages/celery/fixups/django.py", line 137, in validate_models
    run_checks()
  File "/usr/local/lib/python3.11/site-packages/django/core/checks/registry.py", line 88, in run_checks
    new_errors = check(app_configs=app_configs, databases=databases)
                 ^^^^^^^^^^^^^^^^^^^^^^^^^^^^^^^^^^^^^^^^^^^^^^^^^^^
  File "/usr/local/lib/python3.11/site-packages/django/core/checks/urls.py", line 14, in check_url_config
    return check_resolver(resolver)
           ^^^^^^^^^^^^^^^^^^^^^^^^
  File "/usr/local/lib/python3.11/site-packages/django/core/checks/urls.py", line 24, in check_resolver
    return check_method()
           ^^^^^^^^^^^^^^
  File "/usr/local/lib/python3.11/site-packages/django/urls/resolvers.py", line 494, in check
    for pattern in self.url_patterns:
                   ^^^^^^^^^^^^^^^^^
  File "/usr/local/lib/python3.11/site-packages/django/utils/functional.py", line 57, in __get__
    res = instance.__dict__[self.name] = self.func(instance)
                                         ^^^^^^^^^^^^^^^^^^^
  File "/usr/local/lib/python3.11/site-packages/django/urls/resolvers.py", line 715, in url_patterns
    patterns = getattr(self.urlconf_module, "urlpatterns", self.urlconf_module)
                       ^^^^^^^^^^^^^^^^^^^
  File "/usr/local/lib/python3.11/site-packages/django/utils/functional.py", line 57, in __get__
    res = instance.__dict__[self.name] = self.func(instance)
                                         ^^^^^^^^^^^^^^^^^^^
  File "/usr/local/lib/python3.11/site-packages/django/urls/resolvers.py", line 708, in urlconf_module
    return import_module(self.urlconf_name)
           ^^^^^^^^^^^^^^^^^^^^^^^^^^^^^^^^
  File "/usr/local/lib/python3.11/importlib/__init__.py", line 126, in import_module
    return _bootstrap._gcd_import(name[level:], package, level)
           ^^^^^^^^^^^^^^^^^^^^^^^^^^^^^^^^^^^^^^^^^^^^^^^^^^^^
  File "<frozen importlib._bootstrap>", line 1204, in _gcd_import
  File "<frozen importlib._bootstrap>", line 1176, in _find_and_load
  File "<frozen importlib._bootstrap>", line 1147, in _find_and_load_unlocked
  File "<frozen importlib._bootstrap>", line 690, in _load_unlocked
  File "<frozen importlib._bootstrap_external>", line 940, in exec_module
  File "<frozen importlib._bootstrap>", line 241, in _call_with_frames_removed
  File "/app/portfolio_project/urls.py", line 8, in <module>
    from restaurants.views import home_view
  File "/app/restaurants/views.py", line 28, in <module>
    from shared.src.search.unified_filters import UnifiedSearchFilters
ModuleNotFoundError: No module named 'shared'
ERROR 2025-08-02 06:43:37,902 signal 1 281473394524192 Signal handler <bound method DjangoFixup.on_import_modules of <celery.fixups.django.DjangoFixup object at 0xffff9e5b4410>> raised: ModuleNotFoundError("No module named 'shared'")
Traceback (most recent call last):
  File "/usr/local/lib/python3.11/site-packages/celery/utils/dispatch/signal.py", line 276, in send
    response = receiver(signal=self, sender=sender, **named)
               ^^^^^^^^^^^^^^^^^^^^^^^^^^^^^^^^^^^^^^^^^^^^^
  File "/usr/local/lib/python3.11/site-packages/celery/fixups/django.py", line 97, in on_import_modules
    self.worker_fixup.validate_models()
  File "/usr/local/lib/python3.11/site-packages/celery/fixups/django.py", line 137, in validate_models
    run_checks()
  File "/usr/local/lib/python3.11/site-packages/django/core/checks/registry.py", line 88, in run_checks
    new_errors = check(app_configs=app_configs, databases=databases)
                 ^^^^^^^^^^^^^^^^^^^^^^^^^^^^^^^^^^^^^^^^^^^^^^^^^^^
  File "/usr/local/lib/python3.11/site-packages/django/core/checks/urls.py", line 14, in check_url_config
    return check_resolver(resolver)
           ^^^^^^^^^^^^^^^^^^^^^^^^
  File "/usr/local/lib/python3.11/site-packages/django/core/checks/urls.py", line 24, in check_resolver
    return check_method()
           ^^^^^^^^^^^^^^
  File "/usr/local/lib/python3.11/site-packages/django/urls/resolvers.py", line 494, in check
    for pattern in self.url_patterns:
                   ^^^^^^^^^^^^^^^^^
  File "/usr/local/lib/python3.11/site-packages/django/utils/functional.py", line 57, in __get__
    res = instance.__dict__[self.name] = self.func(instance)
                                         ^^^^^^^^^^^^^^^^^^^
  File "/usr/local/lib/python3.11/site-packages/django/urls/resolvers.py", line 715, in url_patterns
    patterns = getattr(self.urlconf_module, "urlpatterns", self.urlconf_module)
                       ^^^^^^^^^^^^^^^^^^^
  File "/usr/local/lib/python3.11/site-packages/django/utils/functional.py", line 57, in __get__
    res = instance.__dict__[self.name] = self.func(instance)
                                         ^^^^^^^^^^^^^^^^^^^
  File "/usr/local/lib/python3.11/site-packages/django/urls/resolvers.py", line 708, in urlconf_module
    return import_module(self.urlconf_name)
           ^^^^^^^^^^^^^^^^^^^^^^^^^^^^^^^^
  File "/usr/local/lib/python3.11/importlib/__init__.py", line 126, in import_module
    return _bootstrap._gcd_import(name[level:], package, level)
           ^^^^^^^^^^^^^^^^^^^^^^^^^^^^^^^^^^^^^^^^^^^^^^^^^^^^
  File "<frozen importlib._bootstrap>", line 1204, in _gcd_import
  File "<frozen importlib._bootstrap>", line 1176, in _find_and_load
  File "<frozen importlib._bootstrap>", line 1147, in _find_and_load_unlocked
  File "<frozen importlib._bootstrap>", line 690, in _load_unlocked
  File "<frozen importlib._bootstrap_external>", line 940, in exec_module
  File "<frozen importlib._bootstrap>", line 241, in _call_with_frames_removed
  File "/app/portfolio_project/urls.py", line 8, in <module>
    from restaurants.views import home_view
  File "/app/restaurants/views.py", line 28, in <module>
    from shared.src.search.unified_filters import UnifiedSearchFilters
ModuleNotFoundError: No module named 'shared'
ERROR 2025-08-02 06:43:37,977 signal 1 281473043517472 Signal handler <bound method DjangoFixup.on_import_modules of <celery.fixups.django.DjangoFixup object at 0xffff89feb790>> raised: ModuleNotFoundError("No module named 'shared'")
Traceback (most recent call last):
  File "/usr/local/lib/python3.11/site-packages/celery/utils/dispatch/signal.py", line 276, in send
    response = receiver(signal=self, sender=sender, **named)
               ^^^^^^^^^^^^^^^^^^^^^^^^^^^^^^^^^^^^^^^^^^^^^
  File "/usr/local/lib/python3.11/site-packages/celery/fixups/django.py", line 97, in on_import_modules
    self.worker_fixup.validate_models()
  File "/usr/local/lib/python3.11/site-packages/celery/fixups/django.py", line 137, in validate_models
    run_checks()
  File "/usr/local/lib/python3.11/site-packages/django/core/checks/registry.py", line 88, in run_checks
    new_errors = check(app_configs=app_configs, databases=databases)
                 ^^^^^^^^^^^^^^^^^^^^^^^^^^^^^^^^^^^^^^^^^^^^^^^^^^^
  File "/usr/local/lib/python3.11/site-packages/django/core/checks/urls.py", line 14, in check_url_config
    return check_resolver(resolver)
           ^^^^^^^^^^^^^^^^^^^^^^^^
  File "/usr/local/lib/python3.11/site-packages/django/core/checks/urls.py", line 24, in check_resolver
    return check_method()
           ^^^^^^^^^^^^^^
  File "/usr/local/lib/python3.11/site-packages/django/urls/resolvers.py", line 494, in check
    for pattern in self.url_patterns:
                   ^^^^^^^^^^^^^^^^^
  File "/usr/local/lib/python3.11/site-packages/django/utils/functional.py", line 57, in __get__
    res = instance.__dict__[self.name] = self.func(instance)
                                         ^^^^^^^^^^^^^^^^^^^
  File "/usr/local/lib/python3.11/site-packages/django/urls/resolvers.py", line 715, in url_patterns
    patterns = getattr(self.urlconf_module, "urlpatterns", self.urlconf_module)
                       ^^^^^^^^^^^^^^^^^^^
  File "/usr/local/lib/python3.11/site-packages/django/utils/functional.py", line 57, in __get__
    res = instance.__dict__[self.name] = self.func(instance)
                                         ^^^^^^^^^^^^^^^^^^^
  File "/usr/local/lib/python3.11/site-packages/django/urls/resolvers.py", line 708, in urlconf_module
    return import_module(self.urlconf_name)
           ^^^^^^^^^^^^^^^^^^^^^^^^^^^^^^^^
  File "/usr/local/lib/python3.11/importlib/__init__.py", line 126, in import_module
    return _bootstrap._gcd_import(name[level:], package, level)
           ^^^^^^^^^^^^^^^^^^^^^^^^^^^^^^^^^^^^^^^^^^^^^^^^^^^^
  File "<frozen importlib._bootstrap>", line 1204, in _gcd_import
  File "<frozen importlib._bootstrap>", line 1176, in _find_and_load
  File "<frozen importlib._bootstrap>", line 1147, in _find_and_load_unlocked
  File "<frozen importlib._bootstrap>", line 690, in _load_unlocked
  File "<frozen importlib._bootstrap_external>", line 940, in exec_module
  File "<frozen importlib._bootstrap>", line 241, in _call_with_frames_removed
  File "/app/portfolio_project/urls.py", line 8, in <module>
    from restaurants.views import home_view
  File "/app/restaurants/views.py", line 28, in <module>
    from shared.src.search.unified_filters import UnifiedSearchFilters
ModuleNotFoundError: No module named 'shared'
ERROR 2025-08-02 06:43:39,161 signal 1 281473070497824 Signal handler <bound method DjangoFixup.on_import_modules of <celery.fixups.django.DjangoFixup object at 0xffff8b073ed0>> raised: ModuleNotFoundError("No module named 'shared'")
Traceback (most recent call last):
  File "/usr/local/lib/python3.11/site-packages/celery/utils/dispatch/signal.py", line 276, in send
    response = receiver(signal=self, sender=sender, **named)
               ^^^^^^^^^^^^^^^^^^^^^^^^^^^^^^^^^^^^^^^^^^^^^
  File "/usr/local/lib/python3.11/site-packages/celery/fixups/django.py", line 97, in on_import_modules
    self.worker_fixup.validate_models()
  File "/usr/local/lib/python3.11/site-packages/celery/fixups/django.py", line 137, in validate_models
    run_checks()
  File "/usr/local/lib/python3.11/site-packages/django/core/checks/registry.py", line 88, in run_checks
    new_errors = check(app_configs=app_configs, databases=databases)
                 ^^^^^^^^^^^^^^^^^^^^^^^^^^^^^^^^^^^^^^^^^^^^^^^^^^^
  File "/usr/local/lib/python3.11/site-packages/django/core/checks/urls.py", line 14, in check_url_config
    return check_resolver(resolver)
           ^^^^^^^^^^^^^^^^^^^^^^^^
  File "/usr/local/lib/python3.11/site-packages/django/core/checks/urls.py", line 24, in check_resolver
    return check_method()
           ^^^^^^^^^^^^^^
  File "/usr/local/lib/python3.11/site-packages/django/urls/resolvers.py", line 494, in check
    for pattern in self.url_patterns:
                   ^^^^^^^^^^^^^^^^^
  File "/usr/local/lib/python3.11/site-packages/django/utils/functional.py", line 57, in __get__
    res = instance.__dict__[self.name] = self.func(instance)
                                         ^^^^^^^^^^^^^^^^^^^
  File "/usr/local/lib/python3.11/site-packages/django/urls/resolvers.py", line 715, in url_patterns
    patterns = getattr(self.urlconf_module, "urlpatterns", self.urlconf_module)
                       ^^^^^^^^^^^^^^^^^^^
  File "/usr/local/lib/python3.11/site-packages/django/utils/functional.py", line 57, in __get__
    res = instance.__dict__[self.name] = self.func(instance)
                                         ^^^^^^^^^^^^^^^^^^^
  File "/usr/local/lib/python3.11/site-packages/django/urls/resolvers.py", line 708, in urlconf_module
    return import_module(self.urlconf_name)
           ^^^^^^^^^^^^^^^^^^^^^^^^^^^^^^^^
  File "/usr/local/lib/python3.11/importlib/__init__.py", line 126, in import_module
    return _bootstrap._gcd_import(name[level:], package, level)
           ^^^^^^^^^^^^^^^^^^^^^^^^^^^^^^^^^^^^^^^^^^^^^^^^^^^^
  File "<frozen importlib._bootstrap>", line 1204, in _gcd_import
  File "<frozen importlib._bootstrap>", line 1176, in _find_and_load
  File "<frozen importlib._bootstrap>", line 1147, in _find_and_load_unlocked
  File "<frozen importlib._bootstrap>", line 690, in _load_unlocked
  File "<frozen importlib._bootstrap_external>", line 940, in exec_module
  File "<frozen importlib._bootstrap>", line 241, in _call_with_frames_removed
  File "/app/portfolio_project/urls.py", line 8, in <module>
    from restaurants.views import home_view
  File "/app/restaurants/views.py", line 28, in <module>
    from shared.src.search.unified_filters import UnifiedSearchFilters
ModuleNotFoundError: No module named 'shared'
ERROR 2025-08-02 06:43:39,228 signal 1 281472879292448 Signal handler <bound method DjangoFixup.on_import_modules of <celery.fixups.django.DjangoFixup object at 0xffff7fa2c0d0>> raised: ModuleNotFoundError("No module named 'shared'")
Traceback (most recent call last):
  File "/usr/local/lib/python3.11/site-packages/celery/utils/dispatch/signal.py", line 276, in send
    response = receiver(signal=self, sender=sender, **named)
               ^^^^^^^^^^^^^^^^^^^^^^^^^^^^^^^^^^^^^^^^^^^^^
  File "/usr/local/lib/python3.11/site-packages/celery/fixups/django.py", line 97, in on_import_modules
    self.worker_fixup.validate_models()
  File "/usr/local/lib/python3.11/site-packages/celery/fixups/django.py", line 137, in validate_models
    run_checks()
  File "/usr/local/lib/python3.11/site-packages/django/core/checks/registry.py", line 88, in run_checks
    new_errors = check(app_configs=app_configs, databases=databases)
                 ^^^^^^^^^^^^^^^^^^^^^^^^^^^^^^^^^^^^^^^^^^^^^^^^^^^
  File "/usr/local/lib/python3.11/site-packages/django/core/checks/urls.py", line 14, in check_url_config
    return check_resolver(resolver)
           ^^^^^^^^^^^^^^^^^^^^^^^^
  File "/usr/local/lib/python3.11/site-packages/django/core/checks/urls.py", line 24, in check_resolver
    return check_method()
           ^^^^^^^^^^^^^^
  File "/usr/local/lib/python3.11/site-packages/django/urls/resolvers.py", line 494, in check
    for pattern in self.url_patterns:
                   ^^^^^^^^^^^^^^^^^
  File "/usr/local/lib/python3.11/site-packages/django/utils/functional.py", line 57, in __get__
    res = instance.__dict__[self.name] = self.func(instance)
                                         ^^^^^^^^^^^^^^^^^^^
  File "/usr/local/lib/python3.11/site-packages/django/urls/resolvers.py", line 715, in url_patterns
    patterns = getattr(self.urlconf_module, "urlpatterns", self.urlconf_module)
                       ^^^^^^^^^^^^^^^^^^^
  File "/usr/local/lib/python3.11/site-packages/django/utils/functional.py", line 57, in __get__
    res = instance.__dict__[self.name] = self.func(instance)
                                         ^^^^^^^^^^^^^^^^^^^
  File "/usr/local/lib/python3.11/site-packages/django/urls/resolvers.py", line 708, in urlconf_module
    return import_module(self.urlconf_name)
           ^^^^^^^^^^^^^^^^^^^^^^^^^^^^^^^^
  File "/usr/local/lib/python3.11/importlib/__init__.py", line 126, in import_module
    return _bootstrap._gcd_import(name[level:], package, level)
           ^^^^^^^^^^^^^^^^^^^^^^^^^^^^^^^^^^^^^^^^^^^^^^^^^^^^
  File "<frozen importlib._bootstrap>", line 1204, in _gcd_import
  File "<frozen importlib._bootstrap>", line 1176, in _find_and_load
  File "<frozen importlib._bootstrap>", line 1147, in _find_and_load_unlocked
  File "<frozen importlib._bootstrap>", line 690, in _load_unlocked
  File "<frozen importlib._bootstrap_external>", line 940, in exec_module
  File "<frozen importlib._bootstrap>", line 241, in _call_with_frames_removed
  File "/app/portfolio_project/urls.py", line 8, in <module>
    from restaurants.views import home_view
  File "/app/restaurants/views.py", line 28, in <module>
    from shared.src.search.unified_filters import UnifiedSearchFilters
ModuleNotFoundError: No module named 'shared'
ERROR 2025-08-02 06:43:40,590 signal 1 281473428095008 Signal handler <bound method DjangoFixup.on_import_modules of <celery.fixups.django.DjangoFixup object at 0xffffa0593f90>> raised: ModuleNotFoundError("No module named 'shared'")
Traceback (most recent call last):
  File "/usr/local/lib/python3.11/site-packages/celery/utils/dispatch/signal.py", line 276, in send
    response = receiver(signal=self, sender=sender, **named)
               ^^^^^^^^^^^^^^^^^^^^^^^^^^^^^^^^^^^^^^^^^^^^^
  File "/usr/local/lib/python3.11/site-packages/celery/fixups/django.py", line 97, in on_import_modules
    self.worker_fixup.validate_models()
  File "/usr/local/lib/python3.11/site-packages/celery/fixups/django.py", line 137, in validate_models
    run_checks()
  File "/usr/local/lib/python3.11/site-packages/django/core/checks/registry.py", line 88, in run_checks
    new_errors = check(app_configs=app_configs, databases=databases)
                 ^^^^^^^^^^^^^^^^^^^^^^^^^^^^^^^^^^^^^^^^^^^^^^^^^^^
  File "/usr/local/lib/python3.11/site-packages/django/core/checks/urls.py", line 14, in check_url_config
    return check_resolver(resolver)
           ^^^^^^^^^^^^^^^^^^^^^^^^
  File "/usr/local/lib/python3.11/site-packages/django/core/checks/urls.py", line 24, in check_resolver
    return check_method()
           ^^^^^^^^^^^^^^
  File "/usr/local/lib/python3.11/site-packages/django/urls/resolvers.py", line 494, in check
    for pattern in self.url_patterns:
                   ^^^^^^^^^^^^^^^^^
  File "/usr/local/lib/python3.11/site-packages/django/utils/functional.py", line 57, in __get__
    res = instance.__dict__[self.name] = self.func(instance)
                                         ^^^^^^^^^^^^^^^^^^^
  File "/usr/local/lib/python3.11/site-packages/django/urls/resolvers.py", line 715, in url_patterns
    patterns = getattr(self.urlconf_module, "urlpatterns", self.urlconf_module)
                       ^^^^^^^^^^^^^^^^^^^
  File "/usr/local/lib/python3.11/site-packages/django/utils/functional.py", line 57, in __get__
    res = instance.__dict__[self.name] = self.func(instance)
                                         ^^^^^^^^^^^^^^^^^^^
  File "/usr/local/lib/python3.11/site-packages/django/urls/resolvers.py", line 708, in urlconf_module
    return import_module(self.urlconf_name)
           ^^^^^^^^^^^^^^^^^^^^^^^^^^^^^^^^
  File "/usr/local/lib/python3.11/importlib/__init__.py", line 126, in import_module
    return _bootstrap._gcd_import(name[level:], package, level)
           ^^^^^^^^^^^^^^^^^^^^^^^^^^^^^^^^^^^^^^^^^^^^^^^^^^^^
  File "<frozen importlib._bootstrap>", line 1204, in _gcd_import
  File "<frozen importlib._bootstrap>", line 1176, in _find_and_load
  File "<frozen importlib._bootstrap>", line 1147, in _find_and_load_unlocked
  File "<frozen importlib._bootstrap>", line 690, in _load_unlocked
  File "<frozen importlib._bootstrap_external>", line 940, in exec_module
  File "<frozen importlib._bootstrap>", line 241, in _call_with_frames_removed
  File "/app/portfolio_project/urls.py", line 8, in <module>
    from restaurants.views import home_view
  File "/app/restaurants/views.py", line 28, in <module>
    from shared.src.search.unified_filters import UnifiedSearchFilters
ModuleNotFoundError: No module named 'shared'
ERROR 2025-08-02 06:43:40,663 signal 1 281473781628960 Signal handler <bound method DjangoFixup.on_import_modules of <celery.fixups.django.DjangoFixup object at 0xffffb56cc250>> raised: ModuleNotFoundError("No module named 'shared'")
Traceback (most recent call last):
  File "/usr/local/lib/python3.11/site-packages/celery/utils/dispatch/signal.py", line 276, in send
    response = receiver(signal=self, sender=sender, **named)
               ^^^^^^^^^^^^^^^^^^^^^^^^^^^^^^^^^^^^^^^^^^^^^
  File "/usr/local/lib/python3.11/site-packages/celery/fixups/django.py", line 97, in on_import_modules
    self.worker_fixup.validate_models()
  File "/usr/local/lib/python3.11/site-packages/celery/fixups/django.py", line 137, in validate_models
    run_checks()
  File "/usr/local/lib/python3.11/site-packages/django/core/checks/registry.py", line 88, in run_checks
    new_errors = check(app_configs=app_configs, databases=databases)
                 ^^^^^^^^^^^^^^^^^^^^^^^^^^^^^^^^^^^^^^^^^^^^^^^^^^^
  File "/usr/local/lib/python3.11/site-packages/django/core/checks/urls.py", line 14, in check_url_config
    return check_resolver(resolver)
           ^^^^^^^^^^^^^^^^^^^^^^^^
  File "/usr/local/lib/python3.11/site-packages/django/core/checks/urls.py", line 24, in check_resolver
    return check_method()
           ^^^^^^^^^^^^^^
  File "/usr/local/lib/python3.11/site-packages/django/urls/resolvers.py", line 494, in check
    for pattern in self.url_patterns:
                   ^^^^^^^^^^^^^^^^^
  File "/usr/local/lib/python3.11/site-packages/django/utils/functional.py", line 57, in __get__
    res = instance.__dict__[self.name] = self.func(instance)
                                         ^^^^^^^^^^^^^^^^^^^
  File "/usr/local/lib/python3.11/site-packages/django/urls/resolvers.py", line 715, in url_patterns
    patterns = getattr(self.urlconf_module, "urlpatterns", self.urlconf_module)
                       ^^^^^^^^^^^^^^^^^^^
  File "/usr/local/lib/python3.11/site-packages/django/utils/functional.py", line 57, in __get__
    res = instance.__dict__[self.name] = self.func(instance)
                                         ^^^^^^^^^^^^^^^^^^^
  File "/usr/local/lib/python3.11/site-packages/django/urls/resolvers.py", line 708, in urlconf_module
    return import_module(self.urlconf_name)
           ^^^^^^^^^^^^^^^^^^^^^^^^^^^^^^^^
  File "/usr/local/lib/python3.11/importlib/__init__.py", line 126, in import_module
    return _bootstrap._gcd_import(name[level:], package, level)
           ^^^^^^^^^^^^^^^^^^^^^^^^^^^^^^^^^^^^^^^^^^^^^^^^^^^^
  File "<frozen importlib._bootstrap>", line 1204, in _gcd_import
  File "<frozen importlib._bootstrap>", line 1176, in _find_and_load
  File "<frozen importlib._bootstrap>", line 1147, in _find_and_load_unlocked
  File "<frozen importlib._bootstrap>", line 690, in _load_unlocked
  File "<frozen importlib._bootstrap_external>", line 940, in exec_module
  File "<frozen importlib._bootstrap>", line 241, in _call_with_frames_removed
  File "/app/portfolio_project/urls.py", line 8, in <module>
    from restaurants.views import home_view
  File "/app/restaurants/views.py", line 28, in <module>
    from shared.src.search.unified_filters import UnifiedSearchFilters
ModuleNotFoundError: No module named 'shared'
ERROR 2025-08-02 06:43:42,361 signal 1 281473739227168 Signal handler <bound method DjangoFixup.on_import_modules of <celery.fixups.django.DjangoFixup object at 0xffffb2e30790>> raised: ModuleNotFoundError("No module named 'shared'")
Traceback (most recent call last):
  File "/usr/local/lib/python3.11/site-packages/celery/utils/dispatch/signal.py", line 276, in send
    response = receiver(signal=self, sender=sender, **named)
               ^^^^^^^^^^^^^^^^^^^^^^^^^^^^^^^^^^^^^^^^^^^^^
  File "/usr/local/lib/python3.11/site-packages/celery/fixups/django.py", line 97, in on_import_modules
    self.worker_fixup.validate_models()
  File "/usr/local/lib/python3.11/site-packages/celery/fixups/django.py", line 137, in validate_models
    run_checks()
  File "/usr/local/lib/python3.11/site-packages/django/core/checks/registry.py", line 88, in run_checks
    new_errors = check(app_configs=app_configs, databases=databases)
                 ^^^^^^^^^^^^^^^^^^^^^^^^^^^^^^^^^^^^^^^^^^^^^^^^^^^
  File "/usr/local/lib/python3.11/site-packages/django/core/checks/urls.py", line 14, in check_url_config
    return check_resolver(resolver)
           ^^^^^^^^^^^^^^^^^^^^^^^^
  File "/usr/local/lib/python3.11/site-packages/django/core/checks/urls.py", line 24, in check_resolver
    return check_method()
           ^^^^^^^^^^^^^^
  File "/usr/local/lib/python3.11/site-packages/django/urls/resolvers.py", line 494, in check
    for pattern in self.url_patterns:
                   ^^^^^^^^^^^^^^^^^
  File "/usr/local/lib/python3.11/site-packages/django/utils/functional.py", line 57, in __get__
    res = instance.__dict__[self.name] = self.func(instance)
                                         ^^^^^^^^^^^^^^^^^^^
  File "/usr/local/lib/python3.11/site-packages/django/urls/resolvers.py", line 715, in url_patterns
    patterns = getattr(self.urlconf_module, "urlpatterns", self.urlconf_module)
                       ^^^^^^^^^^^^^^^^^^^
  File "/usr/local/lib/python3.11/site-packages/django/utils/functional.py", line 57, in __get__
    res = instance.__dict__[self.name] = self.func(instance)
                                         ^^^^^^^^^^^^^^^^^^^
  File "/usr/local/lib/python3.11/site-packages/django/urls/resolvers.py", line 708, in urlconf_module
    return import_module(self.urlconf_name)
           ^^^^^^^^^^^^^^^^^^^^^^^^^^^^^^^^
  File "/usr/local/lib/python3.11/importlib/__init__.py", line 126, in import_module
    return _bootstrap._gcd_import(name[level:], package, level)
           ^^^^^^^^^^^^^^^^^^^^^^^^^^^^^^^^^^^^^^^^^^^^^^^^^^^^
  File "<frozen importlib._bootstrap>", line 1204, in _gcd_import
  File "<frozen importlib._bootstrap>", line 1176, in _find_and_load
  File "<frozen importlib._bootstrap>", line 1147, in _find_and_load_unlocked
  File "<frozen importlib._bootstrap>", line 690, in _load_unlocked
  File "<frozen importlib._bootstrap_external>", line 940, in exec_module
  File "<frozen importlib._bootstrap>", line 241, in _call_with_frames_removed
  File "/app/portfolio_project/urls.py", line 8, in <module>
    from restaurants.views import home_view
  File "/app/restaurants/views.py", line 28, in <module>
    from shared.src.search.unified_filters import UnifiedSearchFilters
ModuleNotFoundError: No module named 'shared'
ERROR 2025-08-02 06:43:42,439 signal 1 281473160732704 Signal handler <bound method DjangoFixup.on_import_modules of <celery.fixups.django.DjangoFixup object at 0xffff907cbf90>> raised: ModuleNotFoundError("No module named 'shared'")
Traceback (most recent call last):
  File "/usr/local/lib/python3.11/site-packages/celery/utils/dispatch/signal.py", line 276, in send
    response = receiver(signal=self, sender=sender, **named)
               ^^^^^^^^^^^^^^^^^^^^^^^^^^^^^^^^^^^^^^^^^^^^^
  File "/usr/local/lib/python3.11/site-packages/celery/fixups/django.py", line 97, in on_import_modules
    self.worker_fixup.validate_models()
  File "/usr/local/lib/python3.11/site-packages/celery/fixups/django.py", line 137, in validate_models
    run_checks()
  File "/usr/local/lib/python3.11/site-packages/django/core/checks/registry.py", line 88, in run_checks
    new_errors = check(app_configs=app_configs, databases=databases)
                 ^^^^^^^^^^^^^^^^^^^^^^^^^^^^^^^^^^^^^^^^^^^^^^^^^^^
  File "/usr/local/lib/python3.11/site-packages/django/core/checks/urls.py", line 14, in check_url_config
    return check_resolver(resolver)
           ^^^^^^^^^^^^^^^^^^^^^^^^
  File "/usr/local/lib/python3.11/site-packages/django/core/checks/urls.py", line 24, in check_resolver
    return check_method()
           ^^^^^^^^^^^^^^
  File "/usr/local/lib/python3.11/site-packages/django/urls/resolvers.py", line 494, in check
    for pattern in self.url_patterns:
                   ^^^^^^^^^^^^^^^^^
  File "/usr/local/lib/python3.11/site-packages/django/utils/functional.py", line 57, in __get__
    res = instance.__dict__[self.name] = self.func(instance)
                                         ^^^^^^^^^^^^^^^^^^^
  File "/usr/local/lib/python3.11/site-packages/django/urls/resolvers.py", line 715, in url_patterns
    patterns = getattr(self.urlconf_module, "urlpatterns", self.urlconf_module)
                       ^^^^^^^^^^^^^^^^^^^
  File "/usr/local/lib/python3.11/site-packages/django/utils/functional.py", line 57, in __get__
    res = instance.__dict__[self.name] = self.func(instance)
                                         ^^^^^^^^^^^^^^^^^^^
  File "/usr/local/lib/python3.11/site-packages/django/urls/resolvers.py", line 708, in urlconf_module
    return import_module(self.urlconf_name)
           ^^^^^^^^^^^^^^^^^^^^^^^^^^^^^^^^
  File "/usr/local/lib/python3.11/importlib/__init__.py", line 126, in import_module
    return _bootstrap._gcd_import(name[level:], package, level)
           ^^^^^^^^^^^^^^^^^^^^^^^^^^^^^^^^^^^^^^^^^^^^^^^^^^^^
  File "<frozen importlib._bootstrap>", line 1204, in _gcd_import
  File "<frozen importlib._bootstrap>", line 1176, in _find_and_load
  File "<frozen importlib._bootstrap>", line 1147, in _find_and_load_unlocked
  File "<frozen importlib._bootstrap>", line 690, in _load_unlocked
  File "<frozen importlib._bootstrap_external>", line 940, in exec_module
  File "<frozen importlib._bootstrap>", line 241, in _call_with_frames_removed
  File "/app/portfolio_project/urls.py", line 8, in <module>
    from restaurants.views import home_view
  File "/app/restaurants/views.py", line 28, in <module>
    from shared.src.search.unified_filters import UnifiedSearchFilters
ModuleNotFoundError: No module named 'shared'
ERROR 2025-08-02 06:43:44,981 signal 1 281473116045344 Signal handler <bound method DjangoFixup.on_import_modules of <celery.fixups.django.DjangoFixup object at 0xffff8dbd02d0>> raised: ModuleNotFoundError("No module named 'shared'")
Traceback (most recent call last):
  File "/usr/local/lib/python3.11/site-packages/celery/utils/dispatch/signal.py", line 276, in send
    response = receiver(signal=self, sender=sender, **named)
               ^^^^^^^^^^^^^^^^^^^^^^^^^^^^^^^^^^^^^^^^^^^^^
  File "/usr/local/lib/python3.11/site-packages/celery/fixups/django.py", line 97, in on_import_modules
    self.worker_fixup.validate_models()
  File "/usr/local/lib/python3.11/site-packages/celery/fixups/django.py", line 137, in validate_models
    run_checks()
  File "/usr/local/lib/python3.11/site-packages/django/core/checks/registry.py", line 88, in run_checks
    new_errors = check(app_configs=app_configs, databases=databases)
                 ^^^^^^^^^^^^^^^^^^^^^^^^^^^^^^^^^^^^^^^^^^^^^^^^^^^
  File "/usr/local/lib/python3.11/site-packages/django/core/checks/urls.py", line 14, in check_url_config
    return check_resolver(resolver)
           ^^^^^^^^^^^^^^^^^^^^^^^^
  File "/usr/local/lib/python3.11/site-packages/django/core/checks/urls.py", line 24, in check_resolver
    return check_method()
           ^^^^^^^^^^^^^^
  File "/usr/local/lib/python3.11/site-packages/django/urls/resolvers.py", line 494, in check
    for pattern in self.url_patterns:
                   ^^^^^^^^^^^^^^^^^
  File "/usr/local/lib/python3.11/site-packages/django/utils/functional.py", line 57, in __get__
    res = instance.__dict__[self.name] = self.func(instance)
                                         ^^^^^^^^^^^^^^^^^^^
  File "/usr/local/lib/python3.11/site-packages/django/urls/resolvers.py", line 715, in url_patterns
    patterns = getattr(self.urlconf_module, "urlpatterns", self.urlconf_module)
                       ^^^^^^^^^^^^^^^^^^^
  File "/usr/local/lib/python3.11/site-packages/django/utils/functional.py", line 57, in __get__
    res = instance.__dict__[self.name] = self.func(instance)
                                         ^^^^^^^^^^^^^^^^^^^
  File "/usr/local/lib/python3.11/site-packages/django/urls/resolvers.py", line 708, in urlconf_module
    return import_module(self.urlconf_name)
           ^^^^^^^^^^^^^^^^^^^^^^^^^^^^^^^^
  File "/usr/local/lib/python3.11/importlib/__init__.py", line 126, in import_module
    return _bootstrap._gcd_import(name[level:], package, level)
           ^^^^^^^^^^^^^^^^^^^^^^^^^^^^^^^^^^^^^^^^^^^^^^^^^^^^
  File "<frozen importlib._bootstrap>", line 1204, in _gcd_import
  File "<frozen importlib._bootstrap>", line 1176, in _find_and_load
  File "<frozen importlib._bootstrap>", line 1147, in _find_and_load_unlocked
  File "<frozen importlib._bootstrap>", line 690, in _load_unlocked
  File "<frozen importlib._bootstrap_external>", line 940, in exec_module
  File "<frozen importlib._bootstrap>", line 241, in _call_with_frames_removed
  File "/app/portfolio_project/urls.py", line 8, in <module>
    from restaurants.views import home_view
  File "/app/restaurants/views.py", line 28, in <module>
    from shared.src.search.unified_filters import UnifiedSearchFilters
ModuleNotFoundError: No module named 'shared'
ERROR 2025-08-02 06:43:45,108 signal 1 281473225850912 Signal handler <bound method DjangoFixup.on_import_modules of <celery.fixups.django.DjangoFixup object at 0xffff945cbfd0>> raised: ModuleNotFoundError("No module named 'shared'")
Traceback (most recent call last):
  File "/usr/local/lib/python3.11/site-packages/celery/utils/dispatch/signal.py", line 276, in send
    response = receiver(signal=self, sender=sender, **named)
               ^^^^^^^^^^^^^^^^^^^^^^^^^^^^^^^^^^^^^^^^^^^^^
  File "/usr/local/lib/python3.11/site-packages/celery/fixups/django.py", line 97, in on_import_modules
    self.worker_fixup.validate_models()
  File "/usr/local/lib/python3.11/site-packages/celery/fixups/django.py", line 137, in validate_models
    run_checks()
  File "/usr/local/lib/python3.11/site-packages/django/core/checks/registry.py", line 88, in run_checks
    new_errors = check(app_configs=app_configs, databases=databases)
                 ^^^^^^^^^^^^^^^^^^^^^^^^^^^^^^^^^^^^^^^^^^^^^^^^^^^
  File "/usr/local/lib/python3.11/site-packages/django/core/checks/urls.py", line 14, in check_url_config
    return check_resolver(resolver)
           ^^^^^^^^^^^^^^^^^^^^^^^^
  File "/usr/local/lib/python3.11/site-packages/django/core/checks/urls.py", line 24, in check_resolver
    return check_method()
           ^^^^^^^^^^^^^^
  File "/usr/local/lib/python3.11/site-packages/django/urls/resolvers.py", line 494, in check
    for pattern in self.url_patterns:
                   ^^^^^^^^^^^^^^^^^
  File "/usr/local/lib/python3.11/site-packages/django/utils/functional.py", line 57, in __get__
    res = instance.__dict__[self.name] = self.func(instance)
                                         ^^^^^^^^^^^^^^^^^^^
  File "/usr/local/lib/python3.11/site-packages/django/urls/resolvers.py", line 715, in url_patterns
    patterns = getattr(self.urlconf_module, "urlpatterns", self.urlconf_module)
                       ^^^^^^^^^^^^^^^^^^^
  File "/usr/local/lib/python3.11/site-packages/django/utils/functional.py", line 57, in __get__
    res = instance.__dict__[self.name] = self.func(instance)
                                         ^^^^^^^^^^^^^^^^^^^
  File "/usr/local/lib/python3.11/site-packages/django/urls/resolvers.py", line 708, in urlconf_module
    return import_module(self.urlconf_name)
           ^^^^^^^^^^^^^^^^^^^^^^^^^^^^^^^^
  File "/usr/local/lib/python3.11/importlib/__init__.py", line 126, in import_module
    return _bootstrap._gcd_import(name[level:], package, level)
           ^^^^^^^^^^^^^^^^^^^^^^^^^^^^^^^^^^^^^^^^^^^^^^^^^^^^
  File "<frozen importlib._bootstrap>", line 1204, in _gcd_import
  File "<frozen importlib._bootstrap>", line 1176, in _find_and_load
  File "<frozen importlib._bootstrap>", line 1147, in _find_and_load_unlocked
  File "<frozen importlib._bootstrap>", line 690, in _load_unlocked
  File "<frozen importlib._bootstrap_external>", line 940, in exec_module
  File "<frozen importlib._bootstrap>", line 241, in _call_with_frames_removed
  File "/app/portfolio_project/urls.py", line 8, in <module>
    from restaurants.views import home_view
  File "/app/restaurants/views.py", line 28, in <module>
    from shared.src.search.unified_filters import UnifiedSearchFilters
ModuleNotFoundError: No module named 'shared'
ERROR 2025-08-02 06:43:49,280 signal 1 281473578197024 Signal handler <bound method DjangoFixup.on_import_modules of <celery.fixups.django.DjangoFixup object at 0xffffa94e8190>> raised: ModuleNotFoundError("No module named 'shared'")
Traceback (most recent call last):
  File "/usr/local/lib/python3.11/site-packages/celery/utils/dispatch/signal.py", line 276, in send
    response = receiver(signal=self, sender=sender, **named)
               ^^^^^^^^^^^^^^^^^^^^^^^^^^^^^^^^^^^^^^^^^^^^^
  File "/usr/local/lib/python3.11/site-packages/celery/fixups/django.py", line 97, in on_import_modules
    self.worker_fixup.validate_models()
  File "/usr/local/lib/python3.11/site-packages/celery/fixups/django.py", line 137, in validate_models
    run_checks()
  File "/usr/local/lib/python3.11/site-packages/django/core/checks/registry.py", line 88, in run_checks
    new_errors = check(app_configs=app_configs, databases=databases)
                 ^^^^^^^^^^^^^^^^^^^^^^^^^^^^^^^^^^^^^^^^^^^^^^^^^^^
  File "/usr/local/lib/python3.11/site-packages/django/core/checks/urls.py", line 14, in check_url_config
    return check_resolver(resolver)
           ^^^^^^^^^^^^^^^^^^^^^^^^
  File "/usr/local/lib/python3.11/site-packages/django/core/checks/urls.py", line 24, in check_resolver
    return check_method()
           ^^^^^^^^^^^^^^
  File "/usr/local/lib/python3.11/site-packages/django/urls/resolvers.py", line 494, in check
    for pattern in self.url_patterns:
                   ^^^^^^^^^^^^^^^^^
  File "/usr/local/lib/python3.11/site-packages/django/utils/functional.py", line 57, in __get__
    res = instance.__dict__[self.name] = self.func(instance)
                                         ^^^^^^^^^^^^^^^^^^^
  File "/usr/local/lib/python3.11/site-packages/django/urls/resolvers.py", line 715, in url_patterns
    patterns = getattr(self.urlconf_module, "urlpatterns", self.urlconf_module)
                       ^^^^^^^^^^^^^^^^^^^
  File "/usr/local/lib/python3.11/site-packages/django/utils/functional.py", line 57, in __get__
    res = instance.__dict__[self.name] = self.func(instance)
                                         ^^^^^^^^^^^^^^^^^^^
  File "/usr/local/lib/python3.11/site-packages/django/urls/resolvers.py", line 708, in urlconf_module
    return import_module(self.urlconf_name)
           ^^^^^^^^^^^^^^^^^^^^^^^^^^^^^^^^
  File "/usr/local/lib/python3.11/importlib/__init__.py", line 126, in import_module
    return _bootstrap._gcd_import(name[level:], package, level)
           ^^^^^^^^^^^^^^^^^^^^^^^^^^^^^^^^^^^^^^^^^^^^^^^^^^^^
  File "<frozen importlib._bootstrap>", line 1204, in _gcd_import
  File "<frozen importlib._bootstrap>", line 1176, in _find_and_load
  File "<frozen importlib._bootstrap>", line 1147, in _find_and_load_unlocked
  File "<frozen importlib._bootstrap>", line 690, in _load_unlocked
  File "<frozen importlib._bootstrap_external>", line 940, in exec_module
  File "<frozen importlib._bootstrap>", line 241, in _call_with_frames_removed
  File "/app/portfolio_project/urls.py", line 8, in <module>
    from restaurants.views import home_view
  File "/app/restaurants/views.py", line 28, in <module>
    from shared.src.search.unified_filters import UnifiedSearchFilters
ModuleNotFoundError: No module named 'shared'
ERROR 2025-08-02 06:43:49,354 signal 1 281473829351456 Signal handler <bound method DjangoFixup.on_import_modules of <celery.fixups.django.DjangoFixup object at 0xffffb84645d0>> raised: ModuleNotFoundError("No module named 'shared'")
Traceback (most recent call last):
  File "/usr/local/lib/python3.11/site-packages/celery/utils/dispatch/signal.py", line 276, in send
    response = receiver(signal=self, sender=sender, **named)
               ^^^^^^^^^^^^^^^^^^^^^^^^^^^^^^^^^^^^^^^^^^^^^
  File "/usr/local/lib/python3.11/site-packages/celery/fixups/django.py", line 97, in on_import_modules
    self.worker_fixup.validate_models()
  File "/usr/local/lib/python3.11/site-packages/celery/fixups/django.py", line 137, in validate_models
    run_checks()
  File "/usr/local/lib/python3.11/site-packages/django/core/checks/registry.py", line 88, in run_checks
    new_errors = check(app_configs=app_configs, databases=databases)
                 ^^^^^^^^^^^^^^^^^^^^^^^^^^^^^^^^^^^^^^^^^^^^^^^^^^^
  File "/usr/local/lib/python3.11/site-packages/django/core/checks/urls.py", line 14, in check_url_config
    return check_resolver(resolver)
           ^^^^^^^^^^^^^^^^^^^^^^^^
  File "/usr/local/lib/python3.11/site-packages/django/core/checks/urls.py", line 24, in check_resolver
    return check_method()
           ^^^^^^^^^^^^^^
  File "/usr/local/lib/python3.11/site-packages/django/urls/resolvers.py", line 494, in check
    for pattern in self.url_patterns:
                   ^^^^^^^^^^^^^^^^^
  File "/usr/local/lib/python3.11/site-packages/django/utils/functional.py", line 57, in __get__
    res = instance.__dict__[self.name] = self.func(instance)
                                         ^^^^^^^^^^^^^^^^^^^
  File "/usr/local/lib/python3.11/site-packages/django/urls/resolvers.py", line 715, in url_patterns
    patterns = getattr(self.urlconf_module, "urlpatterns", self.urlconf_module)
                       ^^^^^^^^^^^^^^^^^^^
  File "/usr/local/lib/python3.11/site-packages/django/utils/functional.py", line 57, in __get__
    res = instance.__dict__[self.name] = self.func(instance)
                                         ^^^^^^^^^^^^^^^^^^^
  File "/usr/local/lib/python3.11/site-packages/django/urls/resolvers.py", line 708, in urlconf_module
    return import_module(self.urlconf_name)
           ^^^^^^^^^^^^^^^^^^^^^^^^^^^^^^^^
  File "/usr/local/lib/python3.11/importlib/__init__.py", line 126, in import_module
    return _bootstrap._gcd_import(name[level:], package, level)
           ^^^^^^^^^^^^^^^^^^^^^^^^^^^^^^^^^^^^^^^^^^^^^^^^^^^^
  File "<frozen importlib._bootstrap>", line 1204, in _gcd_import
  File "<frozen importlib._bootstrap>", line 1176, in _find_and_load
  File "<frozen importlib._bootstrap>", line 1147, in _find_and_load_unlocked
  File "<frozen importlib._bootstrap>", line 690, in _load_unlocked
  File "<frozen importlib._bootstrap_external>", line 940, in exec_module
  File "<frozen importlib._bootstrap>", line 241, in _call_with_frames_removed
  File "/app/portfolio_project/urls.py", line 8, in <module>
    from restaurants.views import home_view
  File "/app/restaurants/views.py", line 28, in <module>
    from shared.src.search.unified_filters import UnifiedSearchFilters
ModuleNotFoundError: No module named 'shared'
ERROR 2025-08-02 06:43:56,620 signal 1 281473572028448 Signal handler <bound method DjangoFixup.on_import_modules of <celery.fixups.django.DjangoFixup object at 0xffffa8ec0ad0>> raised: ModuleNotFoundError("No module named 'shared'")
Traceback (most recent call last):
  File "/usr/local/lib/python3.11/site-packages/celery/utils/dispatch/signal.py", line 276, in send
    response = receiver(signal=self, sender=sender, **named)
               ^^^^^^^^^^^^^^^^^^^^^^^^^^^^^^^^^^^^^^^^^^^^^
  File "/usr/local/lib/python3.11/site-packages/celery/fixups/django.py", line 97, in on_import_modules
    self.worker_fixup.validate_models()
  File "/usr/local/lib/python3.11/site-packages/celery/fixups/django.py", line 137, in validate_models
    run_checks()
  File "/usr/local/lib/python3.11/site-packages/django/core/checks/registry.py", line 88, in run_checks
    new_errors = check(app_configs=app_configs, databases=databases)
                 ^^^^^^^^^^^^^^^^^^^^^^^^^^^^^^^^^^^^^^^^^^^^^^^^^^^
  File "/usr/local/lib/python3.11/site-packages/django/core/checks/urls.py", line 14, in check_url_config
    return check_resolver(resolver)
           ^^^^^^^^^^^^^^^^^^^^^^^^
  File "/usr/local/lib/python3.11/site-packages/django/core/checks/urls.py", line 24, in check_resolver
    return check_method()
           ^^^^^^^^^^^^^^
  File "/usr/local/lib/python3.11/site-packages/django/urls/resolvers.py", line 494, in check
    for pattern in self.url_patterns:
                   ^^^^^^^^^^^^^^^^^
  File "/usr/local/lib/python3.11/site-packages/django/utils/functional.py", line 57, in __get__
    res = instance.__dict__[self.name] = self.func(instance)
                                         ^^^^^^^^^^^^^^^^^^^
  File "/usr/local/lib/python3.11/site-packages/django/urls/resolvers.py", line 715, in url_patterns
    patterns = getattr(self.urlconf_module, "urlpatterns", self.urlconf_module)
                       ^^^^^^^^^^^^^^^^^^^
  File "/usr/local/lib/python3.11/site-packages/django/utils/functional.py", line 57, in __get__
    res = instance.__dict__[self.name] = self.func(instance)
                                         ^^^^^^^^^^^^^^^^^^^
  File "/usr/local/lib/python3.11/site-packages/django/urls/resolvers.py", line 708, in urlconf_module
    return import_module(self.urlconf_name)
           ^^^^^^^^^^^^^^^^^^^^^^^^^^^^^^^^
  File "/usr/local/lib/python3.11/importlib/__init__.py", line 126, in import_module
    return _bootstrap._gcd_import(name[level:], package, level)
           ^^^^^^^^^^^^^^^^^^^^^^^^^^^^^^^^^^^^^^^^^^^^^^^^^^^^
  File "<frozen importlib._bootstrap>", line 1204, in _gcd_import
  File "<frozen importlib._bootstrap>", line 1176, in _find_and_load
  File "<frozen importlib._bootstrap>", line 1147, in _find_and_load_unlocked
  File "<frozen importlib._bootstrap>", line 690, in _load_unlocked
  File "<frozen importlib._bootstrap_external>", line 940, in exec_module
  File "<frozen importlib._bootstrap>", line 241, in _call_with_frames_removed
  File "/app/portfolio_project/urls.py", line 8, in <module>
    from restaurants.views import home_view
  File "/app/restaurants/views.py", line 28, in <module>
    from shared.src.search.unified_filters import UnifiedSearchFilters
ModuleNotFoundError: No module named 'shared'
ERROR 2025-08-02 06:43:56,759 signal 1 281473196863520 Signal handler <bound method DjangoFixup.on_import_modules of <celery.fixups.django.DjangoFixup object at 0xffff92904750>> raised: ModuleNotFoundError("No module named 'shared'")
Traceback (most recent call last):
  File "/usr/local/lib/python3.11/site-packages/celery/utils/dispatch/signal.py", line 276, in send
    response = receiver(signal=self, sender=sender, **named)
               ^^^^^^^^^^^^^^^^^^^^^^^^^^^^^^^^^^^^^^^^^^^^^
  File "/usr/local/lib/python3.11/site-packages/celery/fixups/django.py", line 97, in on_import_modules
    self.worker_fixup.validate_models()
  File "/usr/local/lib/python3.11/site-packages/celery/fixups/django.py", line 137, in validate_models
    run_checks()
  File "/usr/local/lib/python3.11/site-packages/django/core/checks/registry.py", line 88, in run_checks
    new_errors = check(app_configs=app_configs, databases=databases)
                 ^^^^^^^^^^^^^^^^^^^^^^^^^^^^^^^^^^^^^^^^^^^^^^^^^^^
  File "/usr/local/lib/python3.11/site-packages/django/core/checks/urls.py", line 14, in check_url_config
    return check_resolver(resolver)
           ^^^^^^^^^^^^^^^^^^^^^^^^
  File "/usr/local/lib/python3.11/site-packages/django/core/checks/urls.py", line 24, in check_resolver
    return check_method()
           ^^^^^^^^^^^^^^
  File "/usr/local/lib/python3.11/site-packages/django/urls/resolvers.py", line 494, in check
    for pattern in self.url_patterns:
                   ^^^^^^^^^^^^^^^^^
  File "/usr/local/lib/python3.11/site-packages/django/utils/functional.py", line 57, in __get__
    res = instance.__dict__[self.name] = self.func(instance)
                                         ^^^^^^^^^^^^^^^^^^^
  File "/usr/local/lib/python3.11/site-packages/django/urls/resolvers.py", line 715, in url_patterns
    patterns = getattr(self.urlconf_module, "urlpatterns", self.urlconf_module)
                       ^^^^^^^^^^^^^^^^^^^
  File "/usr/local/lib/python3.11/site-packages/django/utils/functional.py", line 57, in __get__
    res = instance.__dict__[self.name] = self.func(instance)
                                         ^^^^^^^^^^^^^^^^^^^
  File "/usr/local/lib/python3.11/site-packages/django/urls/resolvers.py", line 708, in urlconf_module
    return import_module(self.urlconf_name)
           ^^^^^^^^^^^^^^^^^^^^^^^^^^^^^^^^
  File "/usr/local/lib/python3.11/importlib/__init__.py", line 126, in import_module
    return _bootstrap._gcd_import(name[level:], package, level)
           ^^^^^^^^^^^^^^^^^^^^^^^^^^^^^^^^^^^^^^^^^^^^^^^^^^^^
  File "<frozen importlib._bootstrap>", line 1204, in _gcd_import
  File "<frozen importlib._bootstrap>", line 1176, in _find_and_load
  File "<frozen importlib._bootstrap>", line 1147, in _find_and_load_unlocked
  File "<frozen importlib._bootstrap>", line 690, in _load_unlocked
  File "<frozen importlib._bootstrap_external>", line 940, in exec_module
  File "<frozen importlib._bootstrap>", line 241, in _call_with_frames_removed
  File "/app/portfolio_project/urls.py", line 8, in <module>
    from restaurants.views import home_view
  File "/app/restaurants/views.py", line 28, in <module>
    from shared.src.search.unified_filters import UnifiedSearchFilters
ModuleNotFoundError: No module named 'shared'
ERROR 2025-08-02 06:44:10,410 signal 1 281473757835296 Signal handler <bound method DjangoFixup.on_import_modules of <celery.fixups.django.DjangoFixup object at 0xffffb48f7ed0>> raised: ModuleNotFoundError("No module named 'shared'")
Traceback (most recent call last):
  File "/usr/local/lib/python3.11/site-packages/celery/utils/dispatch/signal.py", line 276, in send
    response = receiver(signal=self, sender=sender, **named)
               ^^^^^^^^^^^^^^^^^^^^^^^^^^^^^^^^^^^^^^^^^^^^^
  File "/usr/local/lib/python3.11/site-packages/celery/fixups/django.py", line 97, in on_import_modules
    self.worker_fixup.validate_models()
  File "/usr/local/lib/python3.11/site-packages/celery/fixups/django.py", line 137, in validate_models
    run_checks()
  File "/usr/local/lib/python3.11/site-packages/django/core/checks/registry.py", line 88, in run_checks
    new_errors = check(app_configs=app_configs, databases=databases)
                 ^^^^^^^^^^^^^^^^^^^^^^^^^^^^^^^^^^^^^^^^^^^^^^^^^^^
  File "/usr/local/lib/python3.11/site-packages/django/core/checks/urls.py", line 14, in check_url_config
    return check_resolver(resolver)
           ^^^^^^^^^^^^^^^^^^^^^^^^
  File "/usr/local/lib/python3.11/site-packages/django/core/checks/urls.py", line 24, in check_resolver
    return check_method()
           ^^^^^^^^^^^^^^
  File "/usr/local/lib/python3.11/site-packages/django/urls/resolvers.py", line 494, in check
    for pattern in self.url_patterns:
                   ^^^^^^^^^^^^^^^^^
  File "/usr/local/lib/python3.11/site-packages/django/utils/functional.py", line 57, in __get__
    res = instance.__dict__[self.name] = self.func(instance)
                                         ^^^^^^^^^^^^^^^^^^^
  File "/usr/local/lib/python3.11/site-packages/django/urls/resolvers.py", line 715, in url_patterns
    patterns = getattr(self.urlconf_module, "urlpatterns", self.urlconf_module)
                       ^^^^^^^^^^^^^^^^^^^
  File "/usr/local/lib/python3.11/site-packages/django/utils/functional.py", line 57, in __get__
    res = instance.__dict__[self.name] = self.func(instance)
                                         ^^^^^^^^^^^^^^^^^^^
  File "/usr/local/lib/python3.11/site-packages/django/urls/resolvers.py", line 708, in urlconf_module
    return import_module(self.urlconf_name)
           ^^^^^^^^^^^^^^^^^^^^^^^^^^^^^^^^
  File "/usr/local/lib/python3.11/importlib/__init__.py", line 126, in import_module
    return _bootstrap._gcd_import(name[level:], package, level)
           ^^^^^^^^^^^^^^^^^^^^^^^^^^^^^^^^^^^^^^^^^^^^^^^^^^^^
  File "<frozen importlib._bootstrap>", line 1204, in _gcd_import
  File "<frozen importlib._bootstrap>", line 1176, in _find_and_load
  File "<frozen importlib._bootstrap>", line 1147, in _find_and_load_unlocked
  File "<frozen importlib._bootstrap>", line 690, in _load_unlocked
  File "<frozen importlib._bootstrap_external>", line 940, in exec_module
  File "<frozen importlib._bootstrap>", line 241, in _call_with_frames_removed
  File "/app/portfolio_project/urls.py", line 8, in <module>
    from restaurants.views import home_view
  File "/app/restaurants/views.py", line 28, in <module>
    from shared.src.search.unified_filters import UnifiedSearchFilters
ModuleNotFoundError: No module named 'shared'
ERROR 2025-08-02 06:44:10,505 signal 1 281472860753952 Signal handler <bound method DjangoFixup.on_import_modules of <celery.fixups.django.DjangoFixup object at 0xffff7e873f90>> raised: ModuleNotFoundError("No module named 'shared'")
Traceback (most recent call last):
  File "/usr/local/lib/python3.11/site-packages/celery/utils/dispatch/signal.py", line 276, in send
    response = receiver(signal=self, sender=sender, **named)
               ^^^^^^^^^^^^^^^^^^^^^^^^^^^^^^^^^^^^^^^^^^^^^
  File "/usr/local/lib/python3.11/site-packages/celery/fixups/django.py", line 97, in on_import_modules
    self.worker_fixup.validate_models()
  File "/usr/local/lib/python3.11/site-packages/celery/fixups/django.py", line 137, in validate_models
    run_checks()
  File "/usr/local/lib/python3.11/site-packages/django/core/checks/registry.py", line 88, in run_checks
    new_errors = check(app_configs=app_configs, databases=databases)
                 ^^^^^^^^^^^^^^^^^^^^^^^^^^^^^^^^^^^^^^^^^^^^^^^^^^^
  File "/usr/local/lib/python3.11/site-packages/django/core/checks/urls.py", line 14, in check_url_config
    return check_resolver(resolver)
           ^^^^^^^^^^^^^^^^^^^^^^^^
  File "/usr/local/lib/python3.11/site-packages/django/core/checks/urls.py", line 24, in check_resolver
    return check_method()
           ^^^^^^^^^^^^^^
  File "/usr/local/lib/python3.11/site-packages/django/urls/resolvers.py", line 494, in check
    for pattern in self.url_patterns:
                   ^^^^^^^^^^^^^^^^^
  File "/usr/local/lib/python3.11/site-packages/django/utils/functional.py", line 57, in __get__
    res = instance.__dict__[self.name] = self.func(instance)
                                         ^^^^^^^^^^^^^^^^^^^
  File "/usr/local/lib/python3.11/site-packages/django/urls/resolvers.py", line 715, in url_patterns
    patterns = getattr(self.urlconf_module, "urlpatterns", self.urlconf_module)
                       ^^^^^^^^^^^^^^^^^^^
  File "/usr/local/lib/python3.11/site-packages/django/utils/functional.py", line 57, in __get__
    res = instance.__dict__[self.name] = self.func(instance)
                                         ^^^^^^^^^^^^^^^^^^^
  File "/usr/local/lib/python3.11/site-packages/django/urls/resolvers.py", line 708, in urlconf_module
    return import_module(self.urlconf_name)
           ^^^^^^^^^^^^^^^^^^^^^^^^^^^^^^^^
  File "/usr/local/lib/python3.11/importlib/__init__.py", line 126, in import_module
    return _bootstrap._gcd_import(name[level:], package, level)
           ^^^^^^^^^^^^^^^^^^^^^^^^^^^^^^^^^^^^^^^^^^^^^^^^^^^^
  File "<frozen importlib._bootstrap>", line 1204, in _gcd_import
  File "<frozen importlib._bootstrap>", line 1176, in _find_and_load
  File "<frozen importlib._bootstrap>", line 1147, in _find_and_load_unlocked
  File "<frozen importlib._bootstrap>", line 690, in _load_unlocked
  File "<frozen importlib._bootstrap_external>", line 940, in exec_module
  File "<frozen importlib._bootstrap>", line 241, in _call_with_frames_removed
  File "/app/portfolio_project/urls.py", line 8, in <module>
    from restaurants.views import home_view
  File "/app/restaurants/views.py", line 28, in <module>
    from shared.src.search.unified_filters import UnifiedSearchFilters
ModuleNotFoundError: No module named 'shared'
ERROR 2025-08-02 06:44:36,974 signal 1 281473480716320 Signal handler <bound method DjangoFixup.on_import_modules of <celery.fixups.django.DjangoFixup object at 0xffffa3797fd0>> raised: ModuleNotFoundError("No module named 'shared'")
Traceback (most recent call last):
  File "/usr/local/lib/python3.11/site-packages/celery/utils/dispatch/signal.py", line 276, in send
    response = receiver(signal=self, sender=sender, **named)
               ^^^^^^^^^^^^^^^^^^^^^^^^^^^^^^^^^^^^^^^^^^^^^
  File "/usr/local/lib/python3.11/site-packages/celery/fixups/django.py", line 97, in on_import_modules
    self.worker_fixup.validate_models()
  File "/usr/local/lib/python3.11/site-packages/celery/fixups/django.py", line 137, in validate_models
    run_checks()
  File "/usr/local/lib/python3.11/site-packages/django/core/checks/registry.py", line 88, in run_checks
    new_errors = check(app_configs=app_configs, databases=databases)
                 ^^^^^^^^^^^^^^^^^^^^^^^^^^^^^^^^^^^^^^^^^^^^^^^^^^^
  File "/usr/local/lib/python3.11/site-packages/django/core/checks/urls.py", line 14, in check_url_config
    return check_resolver(resolver)
           ^^^^^^^^^^^^^^^^^^^^^^^^
  File "/usr/local/lib/python3.11/site-packages/django/core/checks/urls.py", line 24, in check_resolver
    return check_method()
           ^^^^^^^^^^^^^^
  File "/usr/local/lib/python3.11/site-packages/django/urls/resolvers.py", line 494, in check
    for pattern in self.url_patterns:
                   ^^^^^^^^^^^^^^^^^
  File "/usr/local/lib/python3.11/site-packages/django/utils/functional.py", line 57, in __get__
    res = instance.__dict__[self.name] = self.func(instance)
                                         ^^^^^^^^^^^^^^^^^^^
  File "/usr/local/lib/python3.11/site-packages/django/urls/resolvers.py", line 715, in url_patterns
    patterns = getattr(self.urlconf_module, "urlpatterns", self.urlconf_module)
                       ^^^^^^^^^^^^^^^^^^^
  File "/usr/local/lib/python3.11/site-packages/django/utils/functional.py", line 57, in __get__
    res = instance.__dict__[self.name] = self.func(instance)
                                         ^^^^^^^^^^^^^^^^^^^
  File "/usr/local/lib/python3.11/site-packages/django/urls/resolvers.py", line 708, in urlconf_module
    return import_module(self.urlconf_name)
           ^^^^^^^^^^^^^^^^^^^^^^^^^^^^^^^^
  File "/usr/local/lib/python3.11/importlib/__init__.py", line 126, in import_module
    return _bootstrap._gcd_import(name[level:], package, level)
           ^^^^^^^^^^^^^^^^^^^^^^^^^^^^^^^^^^^^^^^^^^^^^^^^^^^^
  File "<frozen importlib._bootstrap>", line 1204, in _gcd_import
  File "<frozen importlib._bootstrap>", line 1176, in _find_and_load
  File "<frozen importlib._bootstrap>", line 1147, in _find_and_load_unlocked
  File "<frozen importlib._bootstrap>", line 690, in _load_unlocked
  File "<frozen importlib._bootstrap_external>", line 940, in exec_module
  File "<frozen importlib._bootstrap>", line 241, in _call_with_frames_removed
  File "/app/portfolio_project/urls.py", line 8, in <module>
    from restaurants.views import home_view
  File "/app/restaurants/views.py", line 28, in <module>
    from shared.src.search.unified_filters import UnifiedSearchFilters
ModuleNotFoundError: No module named 'shared'
ERROR 2025-08-02 06:44:37,090 signal 1 281473638359072 Signal handler <bound method DjangoFixup.on_import_modules of <celery.fixups.django.DjangoFixup object at 0xffffacf2bf90>> raised: ModuleNotFoundError("No module named 'shared'")
Traceback (most recent call last):
  File "/usr/local/lib/python3.11/site-packages/celery/utils/dispatch/signal.py", line 276, in send
    response = receiver(signal=self, sender=sender, **named)
               ^^^^^^^^^^^^^^^^^^^^^^^^^^^^^^^^^^^^^^^^^^^^^
  File "/usr/local/lib/python3.11/site-packages/celery/fixups/django.py", line 97, in on_import_modules
    self.worker_fixup.validate_models()
  File "/usr/local/lib/python3.11/site-packages/celery/fixups/django.py", line 137, in validate_models
    run_checks()
  File "/usr/local/lib/python3.11/site-packages/django/core/checks/registry.py", line 88, in run_checks
    new_errors = check(app_configs=app_configs, databases=databases)
                 ^^^^^^^^^^^^^^^^^^^^^^^^^^^^^^^^^^^^^^^^^^^^^^^^^^^
  File "/usr/local/lib/python3.11/site-packages/django/core/checks/urls.py", line 14, in check_url_config
    return check_resolver(resolver)
           ^^^^^^^^^^^^^^^^^^^^^^^^
  File "/usr/local/lib/python3.11/site-packages/django/core/checks/urls.py", line 24, in check_resolver
    return check_method()
           ^^^^^^^^^^^^^^
  File "/usr/local/lib/python3.11/site-packages/django/urls/resolvers.py", line 494, in check
    for pattern in self.url_patterns:
                   ^^^^^^^^^^^^^^^^^
  File "/usr/local/lib/python3.11/site-packages/django/utils/functional.py", line 57, in __get__
    res = instance.__dict__[self.name] = self.func(instance)
                                         ^^^^^^^^^^^^^^^^^^^
  File "/usr/local/lib/python3.11/site-packages/django/urls/resolvers.py", line 715, in url_patterns
    patterns = getattr(self.urlconf_module, "urlpatterns", self.urlconf_module)
                       ^^^^^^^^^^^^^^^^^^^
  File "/usr/local/lib/python3.11/site-packages/django/utils/functional.py", line 57, in __get__
    res = instance.__dict__[self.name] = self.func(instance)
                                         ^^^^^^^^^^^^^^^^^^^
  File "/usr/local/lib/python3.11/site-packages/django/urls/resolvers.py", line 708, in urlconf_module
    return import_module(self.urlconf_name)
           ^^^^^^^^^^^^^^^^^^^^^^^^^^^^^^^^
  File "/usr/local/lib/python3.11/importlib/__init__.py", line 126, in import_module
    return _bootstrap._gcd_import(name[level:], package, level)
           ^^^^^^^^^^^^^^^^^^^^^^^^^^^^^^^^^^^^^^^^^^^^^^^^^^^^
  File "<frozen importlib._bootstrap>", line 1204, in _gcd_import
  File "<frozen importlib._bootstrap>", line 1176, in _find_and_load
  File "<frozen importlib._bootstrap>", line 1147, in _find_and_load_unlocked
  File "<frozen importlib._bootstrap>", line 690, in _load_unlocked
  File "<frozen importlib._bootstrap_external>", line 940, in exec_module
  File "<frozen importlib._bootstrap>", line 241, in _call_with_frames_removed
  File "/app/portfolio_project/urls.py", line 8, in <module>
    from restaurants.views import home_view
  File "/app/restaurants/views.py", line 28, in <module>
    from shared.src.search.unified_filters import UnifiedSearchFilters
ModuleNotFoundError: No module named 'shared'
ERROR 2025-08-02 06:45:29,173 signal 1 281472828018720 Signal handler <bound method DjangoFixup.on_import_modules of <celery.fixups.django.DjangoFixup object at 0xffff7c92c0d0>> raised: ModuleNotFoundError("No module named 'shared'")
Traceback (most recent call last):
  File "/usr/local/lib/python3.11/site-packages/celery/utils/dispatch/signal.py", line 276, in send
    response = receiver(signal=self, sender=sender, **named)
               ^^^^^^^^^^^^^^^^^^^^^^^^^^^^^^^^^^^^^^^^^^^^^
  File "/usr/local/lib/python3.11/site-packages/celery/fixups/django.py", line 97, in on_import_modules
    self.worker_fixup.validate_models()
  File "/usr/local/lib/python3.11/site-packages/celery/fixups/django.py", line 137, in validate_models
    run_checks()
  File "/usr/local/lib/python3.11/site-packages/django/core/checks/registry.py", line 88, in run_checks
    new_errors = check(app_configs=app_configs, databases=databases)
                 ^^^^^^^^^^^^^^^^^^^^^^^^^^^^^^^^^^^^^^^^^^^^^^^^^^^
  File "/usr/local/lib/python3.11/site-packages/django/core/checks/urls.py", line 14, in check_url_config
    return check_resolver(resolver)
           ^^^^^^^^^^^^^^^^^^^^^^^^
  File "/usr/local/lib/python3.11/site-packages/django/core/checks/urls.py", line 24, in check_resolver
    return check_method()
           ^^^^^^^^^^^^^^
  File "/usr/local/lib/python3.11/site-packages/django/urls/resolvers.py", line 494, in check
    for pattern in self.url_patterns:
                   ^^^^^^^^^^^^^^^^^
  File "/usr/local/lib/python3.11/site-packages/django/utils/functional.py", line 57, in __get__
    res = instance.__dict__[self.name] = self.func(instance)
                                         ^^^^^^^^^^^^^^^^^^^
  File "/usr/local/lib/python3.11/site-packages/django/urls/resolvers.py", line 715, in url_patterns
    patterns = getattr(self.urlconf_module, "urlpatterns", self.urlconf_module)
                       ^^^^^^^^^^^^^^^^^^^
  File "/usr/local/lib/python3.11/site-packages/django/utils/functional.py", line 57, in __get__
    res = instance.__dict__[self.name] = self.func(instance)
                                         ^^^^^^^^^^^^^^^^^^^
  File "/usr/local/lib/python3.11/site-packages/django/urls/resolvers.py", line 708, in urlconf_module
    return import_module(self.urlconf_name)
           ^^^^^^^^^^^^^^^^^^^^^^^^^^^^^^^^
  File "/usr/local/lib/python3.11/importlib/__init__.py", line 126, in import_module
    return _bootstrap._gcd_import(name[level:], package, level)
           ^^^^^^^^^^^^^^^^^^^^^^^^^^^^^^^^^^^^^^^^^^^^^^^^^^^^
  File "<frozen importlib._bootstrap>", line 1204, in _gcd_import
  File "<frozen importlib._bootstrap>", line 1176, in _find_and_load
  File "<frozen importlib._bootstrap>", line 1147, in _find_and_load_unlocked
  File "<frozen importlib._bootstrap>", line 690, in _load_unlocked
  File "<frozen importlib._bootstrap_external>", line 940, in exec_module
  File "<frozen importlib._bootstrap>", line 241, in _call_with_frames_removed
  File "/app/portfolio_project/urls.py", line 8, in <module>
    from restaurants.views import home_view
  File "/app/restaurants/views.py", line 28, in <module>
    from shared.src.search.unified_filters import UnifiedSearchFilters
ModuleNotFoundError: No module named 'shared'
ERROR 2025-08-02 06:45:29,234 signal 1 281473644511264 Signal handler <bound method DjangoFixup.on_import_modules of <celery.fixups.django.DjangoFixup object at 0xffffad3e3b50>> raised: ModuleNotFoundError("No module named 'shared'")
Traceback (most recent call last):
  File "/usr/local/lib/python3.11/site-packages/celery/utils/dispatch/signal.py", line 276, in send
    response = receiver(signal=self, sender=sender, **named)
               ^^^^^^^^^^^^^^^^^^^^^^^^^^^^^^^^^^^^^^^^^^^^^
  File "/usr/local/lib/python3.11/site-packages/celery/fixups/django.py", line 97, in on_import_modules
    self.worker_fixup.validate_models()
  File "/usr/local/lib/python3.11/site-packages/celery/fixups/django.py", line 137, in validate_models
    run_checks()
  File "/usr/local/lib/python3.11/site-packages/django/core/checks/registry.py", line 88, in run_checks
    new_errors = check(app_configs=app_configs, databases=databases)
                 ^^^^^^^^^^^^^^^^^^^^^^^^^^^^^^^^^^^^^^^^^^^^^^^^^^^
  File "/usr/local/lib/python3.11/site-packages/django/core/checks/urls.py", line 14, in check_url_config
    return check_resolver(resolver)
           ^^^^^^^^^^^^^^^^^^^^^^^^
  File "/usr/local/lib/python3.11/site-packages/django/core/checks/urls.py", line 24, in check_resolver
    return check_method()
           ^^^^^^^^^^^^^^
  File "/usr/local/lib/python3.11/site-packages/django/urls/resolvers.py", line 494, in check
    for pattern in self.url_patterns:
                   ^^^^^^^^^^^^^^^^^
  File "/usr/local/lib/python3.11/site-packages/django/utils/functional.py", line 57, in __get__
    res = instance.__dict__[self.name] = self.func(instance)
                                         ^^^^^^^^^^^^^^^^^^^
  File "/usr/local/lib/python3.11/site-packages/django/urls/resolvers.py", line 715, in url_patterns
    patterns = getattr(self.urlconf_module, "urlpatterns", self.urlconf_module)
                       ^^^^^^^^^^^^^^^^^^^
  File "/usr/local/lib/python3.11/site-packages/django/utils/functional.py", line 57, in __get__
    res = instance.__dict__[self.name] = self.func(instance)
                                         ^^^^^^^^^^^^^^^^^^^
  File "/usr/local/lib/python3.11/site-packages/django/urls/resolvers.py", line 708, in urlconf_module
    return import_module(self.urlconf_name)
           ^^^^^^^^^^^^^^^^^^^^^^^^^^^^^^^^
  File "/usr/local/lib/python3.11/importlib/__init__.py", line 126, in import_module
    return _bootstrap._gcd_import(name[level:], package, level)
           ^^^^^^^^^^^^^^^^^^^^^^^^^^^^^^^^^^^^^^^^^^^^^^^^^^^^
  File "<frozen importlib._bootstrap>", line 1204, in _gcd_import
  File "<frozen importlib._bootstrap>", line 1176, in _find_and_load
  File "<frozen importlib._bootstrap>", line 1147, in _find_and_load_unlocked
  File "<frozen importlib._bootstrap>", line 690, in _load_unlocked
  File "<frozen importlib._bootstrap_external>", line 940, in exec_module
  File "<frozen importlib._bootstrap>", line 241, in _call_with_frames_removed
  File "/app/portfolio_project/urls.py", line 8, in <module>
    from restaurants.views import home_view
  File "/app/restaurants/views.py", line 28, in <module>
    from shared.src.search.unified_filters import UnifiedSearchFilters
ModuleNotFoundError: No module named 'shared'
ERROR 2025-08-02 06:46:30,234 signal 1 281473097302048 Signal handler <bound method DjangoFixup.on_import_modules of <celery.fixups.django.DjangoFixup object at 0xffff8c9f8250>> raised: ModuleNotFoundError("No module named 'shared'")
Traceback (most recent call last):
  File "/usr/local/lib/python3.11/site-packages/celery/utils/dispatch/signal.py", line 276, in send
    response = receiver(signal=self, sender=sender, **named)
               ^^^^^^^^^^^^^^^^^^^^^^^^^^^^^^^^^^^^^^^^^^^^^
  File "/usr/local/lib/python3.11/site-packages/celery/fixups/django.py", line 97, in on_import_modules
    self.worker_fixup.validate_models()
  File "/usr/local/lib/python3.11/site-packages/celery/fixups/django.py", line 137, in validate_models
    run_checks()
  File "/usr/local/lib/python3.11/site-packages/django/core/checks/registry.py", line 88, in run_checks
    new_errors = check(app_configs=app_configs, databases=databases)
                 ^^^^^^^^^^^^^^^^^^^^^^^^^^^^^^^^^^^^^^^^^^^^^^^^^^^
  File "/usr/local/lib/python3.11/site-packages/django/core/checks/urls.py", line 14, in check_url_config
    return check_resolver(resolver)
           ^^^^^^^^^^^^^^^^^^^^^^^^
  File "/usr/local/lib/python3.11/site-packages/django/core/checks/urls.py", line 24, in check_resolver
    return check_method()
           ^^^^^^^^^^^^^^
  File "/usr/local/lib/python3.11/site-packages/django/urls/resolvers.py", line 494, in check
    for pattern in self.url_patterns:
                   ^^^^^^^^^^^^^^^^^
  File "/usr/local/lib/python3.11/site-packages/django/utils/functional.py", line 57, in __get__
    res = instance.__dict__[self.name] = self.func(instance)
                                         ^^^^^^^^^^^^^^^^^^^
  File "/usr/local/lib/python3.11/site-packages/django/urls/resolvers.py", line 715, in url_patterns
    patterns = getattr(self.urlconf_module, "urlpatterns", self.urlconf_module)
                       ^^^^^^^^^^^^^^^^^^^
  File "/usr/local/lib/python3.11/site-packages/django/utils/functional.py", line 57, in __get__
    res = instance.__dict__[self.name] = self.func(instance)
                                         ^^^^^^^^^^^^^^^^^^^
  File "/usr/local/lib/python3.11/site-packages/django/urls/resolvers.py", line 708, in urlconf_module
    return import_module(self.urlconf_name)
           ^^^^^^^^^^^^^^^^^^^^^^^^^^^^^^^^
  File "/usr/local/lib/python3.11/importlib/__init__.py", line 126, in import_module
    return _bootstrap._gcd_import(name[level:], package, level)
           ^^^^^^^^^^^^^^^^^^^^^^^^^^^^^^^^^^^^^^^^^^^^^^^^^^^^
  File "<frozen importlib._bootstrap>", line 1204, in _gcd_import
  File "<frozen importlib._bootstrap>", line 1176, in _find_and_load
  File "<frozen importlib._bootstrap>", line 1147, in _find_and_load_unlocked
  File "<frozen importlib._bootstrap>", line 690, in _load_unlocked
  File "<frozen importlib._bootstrap_external>", line 940, in exec_module
  File "<frozen importlib._bootstrap>", line 241, in _call_with_frames_removed
  File "/app/portfolio_project/urls.py", line 8, in <module>
    from restaurants.views import home_view
  File "/app/restaurants/views.py", line 28, in <module>
    from shared.src.search.unified_filters import UnifiedSearchFilters
ModuleNotFoundError: No module named 'shared'
ERROR 2025-08-02 06:46:30,239 signal 1 281472901791776 Signal handler <bound method DjangoFixup.on_import_modules of <celery.fixups.django.DjangoFixup object at 0xffff80f83d50>> raised: ModuleNotFoundError("No module named 'shared'")
Traceback (most recent call last):
  File "/usr/local/lib/python3.11/site-packages/celery/utils/dispatch/signal.py", line 276, in send
    response = receiver(signal=self, sender=sender, **named)
               ^^^^^^^^^^^^^^^^^^^^^^^^^^^^^^^^^^^^^^^^^^^^^
  File "/usr/local/lib/python3.11/site-packages/celery/fixups/django.py", line 97, in on_import_modules
    self.worker_fixup.validate_models()
  File "/usr/local/lib/python3.11/site-packages/celery/fixups/django.py", line 137, in validate_models
    run_checks()
  File "/usr/local/lib/python3.11/site-packages/django/core/checks/registry.py", line 88, in run_checks
    new_errors = check(app_configs=app_configs, databases=databases)
                 ^^^^^^^^^^^^^^^^^^^^^^^^^^^^^^^^^^^^^^^^^^^^^^^^^^^
  File "/usr/local/lib/python3.11/site-packages/django/core/checks/urls.py", line 14, in check_url_config
    return check_resolver(resolver)
           ^^^^^^^^^^^^^^^^^^^^^^^^
  File "/usr/local/lib/python3.11/site-packages/django/core/checks/urls.py", line 24, in check_resolver
    return check_method()
           ^^^^^^^^^^^^^^
  File "/usr/local/lib/python3.11/site-packages/django/urls/resolvers.py", line 494, in check
    for pattern in self.url_patterns:
                   ^^^^^^^^^^^^^^^^^
  File "/usr/local/lib/python3.11/site-packages/django/utils/functional.py", line 57, in __get__
    res = instance.__dict__[self.name] = self.func(instance)
                                         ^^^^^^^^^^^^^^^^^^^
  File "/usr/local/lib/python3.11/site-packages/django/urls/resolvers.py", line 715, in url_patterns
    patterns = getattr(self.urlconf_module, "urlpatterns", self.urlconf_module)
                       ^^^^^^^^^^^^^^^^^^^
  File "/usr/local/lib/python3.11/site-packages/django/utils/functional.py", line 57, in __get__
    res = instance.__dict__[self.name] = self.func(instance)
                                         ^^^^^^^^^^^^^^^^^^^
  File "/usr/local/lib/python3.11/site-packages/django/urls/resolvers.py", line 708, in urlconf_module
    return import_module(self.urlconf_name)
           ^^^^^^^^^^^^^^^^^^^^^^^^^^^^^^^^
  File "/usr/local/lib/python3.11/importlib/__init__.py", line 126, in import_module
    return _bootstrap._gcd_import(name[level:], package, level)
           ^^^^^^^^^^^^^^^^^^^^^^^^^^^^^^^^^^^^^^^^^^^^^^^^^^^^
  File "<frozen importlib._bootstrap>", line 1204, in _gcd_import
  File "<frozen importlib._bootstrap>", line 1176, in _find_and_load
  File "<frozen importlib._bootstrap>", line 1147, in _find_and_load_unlocked
  File "<frozen importlib._bootstrap>", line 690, in _load_unlocked
  File "<frozen importlib._bootstrap_external>", line 940, in exec_module
  File "<frozen importlib._bootstrap>", line 241, in _call_with_frames_removed
  File "/app/portfolio_project/urls.py", line 8, in <module>
    from restaurants.views import home_view
  File "/app/restaurants/views.py", line 28, in <module>
    from shared.src.search.unified_filters import UnifiedSearchFilters
ModuleNotFoundError: No module named 'shared'
ERROR 2025-08-02 06:47:31,180 signal 1 281473146171424 Signal handler <bound method DjangoFixup.on_import_modules of <celery.fixups.django.DjangoFixup object at 0xffff8f8b8650>> raised: ModuleNotFoundError("No module named 'shared'")
Traceback (most recent call last):
  File "/usr/local/lib/python3.11/site-packages/celery/utils/dispatch/signal.py", line 276, in send
    response = receiver(signal=self, sender=sender, **named)
               ^^^^^^^^^^^^^^^^^^^^^^^^^^^^^^^^^^^^^^^^^^^^^
  File "/usr/local/lib/python3.11/site-packages/celery/fixups/django.py", line 97, in on_import_modules
    self.worker_fixup.validate_models()
  File "/usr/local/lib/python3.11/site-packages/celery/fixups/django.py", line 137, in validate_models
    run_checks()
  File "/usr/local/lib/python3.11/site-packages/django/core/checks/registry.py", line 88, in run_checks
    new_errors = check(app_configs=app_configs, databases=databases)
                 ^^^^^^^^^^^^^^^^^^^^^^^^^^^^^^^^^^^^^^^^^^^^^^^^^^^
  File "/usr/local/lib/python3.11/site-packages/django/core/checks/urls.py", line 14, in check_url_config
    return check_resolver(resolver)
           ^^^^^^^^^^^^^^^^^^^^^^^^
  File "/usr/local/lib/python3.11/site-packages/django/core/checks/urls.py", line 24, in check_resolver
    return check_method()
           ^^^^^^^^^^^^^^
  File "/usr/local/lib/python3.11/site-packages/django/urls/resolvers.py", line 494, in check
    for pattern in self.url_patterns:
                   ^^^^^^^^^^^^^^^^^
  File "/usr/local/lib/python3.11/site-packages/django/utils/functional.py", line 57, in __get__
    res = instance.__dict__[self.name] = self.func(instance)
                                         ^^^^^^^^^^^^^^^^^^^
  File "/usr/local/lib/python3.11/site-packages/django/urls/resolvers.py", line 715, in url_patterns
    patterns = getattr(self.urlconf_module, "urlpatterns", self.urlconf_module)
                       ^^^^^^^^^^^^^^^^^^^
  File "/usr/local/lib/python3.11/site-packages/django/utils/functional.py", line 57, in __get__
    res = instance.__dict__[self.name] = self.func(instance)
                                         ^^^^^^^^^^^^^^^^^^^
  File "/usr/local/lib/python3.11/site-packages/django/urls/resolvers.py", line 708, in urlconf_module
    return import_module(self.urlconf_name)
           ^^^^^^^^^^^^^^^^^^^^^^^^^^^^^^^^
  File "/usr/local/lib/python3.11/importlib/__init__.py", line 126, in import_module
    return _bootstrap._gcd_import(name[level:], package, level)
           ^^^^^^^^^^^^^^^^^^^^^^^^^^^^^^^^^^^^^^^^^^^^^^^^^^^^
  File "<frozen importlib._bootstrap>", line 1204, in _gcd_import
  File "<frozen importlib._bootstrap>", line 1176, in _find_and_load
  File "<frozen importlib._bootstrap>", line 1147, in _find_and_load_unlocked
  File "<frozen importlib._bootstrap>", line 690, in _load_unlocked
  File "<frozen importlib._bootstrap_external>", line 940, in exec_module
  File "<frozen importlib._bootstrap>", line 241, in _call_with_frames_removed
  File "/app/portfolio_project/urls.py", line 8, in <module>
    from restaurants.views import home_view
  File "/app/restaurants/views.py", line 28, in <module>
    from shared.src.search.unified_filters import UnifiedSearchFilters
ModuleNotFoundError: No module named 'shared'
ERROR 2025-08-02 06:47:31,189 signal 1 281473682374688 Signal handler <bound method DjangoFixup.on_import_modules of <celery.fixups.django.DjangoFixup object at 0xffffaf927f90>> raised: ModuleNotFoundError("No module named 'shared'")
Traceback (most recent call last):
  File "/usr/local/lib/python3.11/site-packages/celery/utils/dispatch/signal.py", line 276, in send
    response = receiver(signal=self, sender=sender, **named)
               ^^^^^^^^^^^^^^^^^^^^^^^^^^^^^^^^^^^^^^^^^^^^^
  File "/usr/local/lib/python3.11/site-packages/celery/fixups/django.py", line 97, in on_import_modules
    self.worker_fixup.validate_models()
  File "/usr/local/lib/python3.11/site-packages/celery/fixups/django.py", line 137, in validate_models
    run_checks()
  File "/usr/local/lib/python3.11/site-packages/django/core/checks/registry.py", line 88, in run_checks
    new_errors = check(app_configs=app_configs, databases=databases)
                 ^^^^^^^^^^^^^^^^^^^^^^^^^^^^^^^^^^^^^^^^^^^^^^^^^^^
  File "/usr/local/lib/python3.11/site-packages/django/core/checks/urls.py", line 14, in check_url_config
    return check_resolver(resolver)
           ^^^^^^^^^^^^^^^^^^^^^^^^
  File "/usr/local/lib/python3.11/site-packages/django/core/checks/urls.py", line 24, in check_resolver
    return check_method()
           ^^^^^^^^^^^^^^
  File "/usr/local/lib/python3.11/site-packages/django/urls/resolvers.py", line 494, in check
    for pattern in self.url_patterns:
                   ^^^^^^^^^^^^^^^^^
  File "/usr/local/lib/python3.11/site-packages/django/utils/functional.py", line 57, in __get__
    res = instance.__dict__[self.name] = self.func(instance)
                                         ^^^^^^^^^^^^^^^^^^^
  File "/usr/local/lib/python3.11/site-packages/django/urls/resolvers.py", line 715, in url_patterns
    patterns = getattr(self.urlconf_module, "urlpatterns", self.urlconf_module)
                       ^^^^^^^^^^^^^^^^^^^
  File "/usr/local/lib/python3.11/site-packages/django/utils/functional.py", line 57, in __get__
    res = instance.__dict__[self.name] = self.func(instance)
                                         ^^^^^^^^^^^^^^^^^^^
  File "/usr/local/lib/python3.11/site-packages/django/urls/resolvers.py", line 708, in urlconf_module
    return import_module(self.urlconf_name)
           ^^^^^^^^^^^^^^^^^^^^^^^^^^^^^^^^
  File "/usr/local/lib/python3.11/importlib/__init__.py", line 126, in import_module
    return _bootstrap._gcd_import(name[level:], package, level)
           ^^^^^^^^^^^^^^^^^^^^^^^^^^^^^^^^^^^^^^^^^^^^^^^^^^^^
  File "<frozen importlib._bootstrap>", line 1204, in _gcd_import
  File "<frozen importlib._bootstrap>", line 1176, in _find_and_load
  File "<frozen importlib._bootstrap>", line 1147, in _find_and_load_unlocked
  File "<frozen importlib._bootstrap>", line 690, in _load_unlocked
  File "<frozen importlib._bootstrap_external>", line 940, in exec_module
  File "<frozen importlib._bootstrap>", line 241, in _call_with_frames_removed
  File "/app/portfolio_project/urls.py", line 8, in <module>
    from restaurants.views import home_view
  File "/app/restaurants/views.py", line 28, in <module>
    from shared.src.search.unified_filters import UnifiedSearchFilters
ModuleNotFoundError: No module named 'shared'
